timestamp,gross_return,net_return,benchmark_return,one_way_turnover,traded_notional,cost,gross_exposure,net_exposure,cash_weight,max_abs_weight,concentration_hhi,rebalanced,decision_eligible,decision_schedule_kind,decision_every_bars,decision_anchor,decision_session,execution_reason,execution_risk_status,execution_risk_forecast_available,execution_risk_observations,pretrade_risk_forecast_annualized,proposed_risk_forecast_pre_annualized,proposed_risk_forecast_post_annualized,executed_risk_forecast_annualized,execution_risk_ceiling_annualized,proposed_runtime_risk_scale,execution_risk_repair_scale,proposed_one_way_turnover,ordinary_rebalance,risk_rebalance_override,constraint_rebalance_override,constraint_repair_one_way,executed_constraint_maximum_error,max_participation,mean_participation
2024-01-02,0,0,9.5799927451789557e-05,0,0,0,0,0,1,0,0,False,True,every-bars,1,dataset-start,dataset,portfolio_no_trade_band,flat,True,0,0,0,0,0,0.14999999999999999,1,1,0,False,False,False,0,0,0,0
2024-01-03,0,0,-0.00030717445758671191,0,0,0,0,0,1,0,0,False,True,every-bars,1,dataset-start,dataset,portfolio_no_trade_band,flat,True,0,0,0,0,0,0.14999999999999999,1,1,0,False,False,False,0,0,0,0
2024-01-04,0,0,-0.00020018470871091543,0,0,0,0,0,1,0,0,False,True,every-bars,1,dataset-start,dataset,portfolio_no_trade_band,flat,True,0,0,0,0,0,0.14999999999999999,1,1,0,False,False,False,0,0,0,0
2024-01-05,0,0,-4.3126983264186319e-07,0,0,0,0,0,1,0,0,False,True,every-bars,1,dataset-start,dataset,portfolio_no_trade_band,flat,True,0,0,0,0,0,0.14999999999999999,1,1,0,False,False,False,0,0,0,0
2024-01-08,0,0,0.0029071664573419769,0,0,0,0,0,1,0,0,False,True,every-bars,1,dataset-start,dataset,portfolio_no_trade_band,flat,True,0,0,0,0,0,0.14999999999999999,1,1,0,False,False,False,0,0,0,0
2024-01-09,0,0,-0.00013281169145303549,0,0,0,0,0,1,0,0,False,True,every-bars,1,dataset-start,dataset,portfolio_no_trade_band,flat,True,0,0,0,0,0,0.14999999999999999,1,1,0,False,False,False,0,0,0,0
2024-01-10,0,0,-0.0015331957727266101,0,0,0,0,0,1,0,0,False,True,every-bars,1,dataset-start,dataset,portfolio_no_trade_band,flat,True,0,0,0,0,0,0.14999999999999999,1,1,0,False,False,False,0,0,0,0
2024-01-11,0,0,0.00040095257449433252,0,0,0,0,0,1,0,0,False,True,every-bars,1,dataset-start,dataset,portfolio_no_trade_band,flat,True,0,0,0,0,0,0.14999999999999999,1,1,0,False,False,False,0,0,0,0
2024-01-12,0,0,0.001548707271966987,0,0,0,0,0,1,0,0,False,True,every-bars,1,dataset-start,dataset,portfolio_no_trade_band,flat,True,0,0,0,0,0,0.14999999999999999,1,1,0,False,False,False,0,0,0,0
2024-01-15,0,0,-0.00044233918351734491,0,0,0,0,0,1,0,0,False,True,every-bars,1,dataset-start,dataset,portfolio_no_trade_band,flat,True,0,0,0,0,0,0.14999999999999999,1,1,0,False,False,False,0,0,0,0
2024-01-16,0,0,-0.0014836926246838598,0,0,0,0,0,1,0,0,False,True,every-bars,1,dataset-start,dataset,portfolio_no_trade_band,flat,True,0,0,0,0,0,0.14999999999999999,1,1,0,False,False,False,0,0,0,0
2024-01-17,0,0,0.00023849791336931058,0,0,0,0,0,1,0,0,False,True,every-bars,1,dataset-start,dataset,portfolio_no_trade_band,flat,True,0,0,0,0,0,0.14999999999999999,1,1,0,False,False,False,0,0,0,0
2024-01-18,0,0,0.0019563836034604174,0,0,0,0,0,1,0,0,False,True,every-bars,1,dataset-start,dataset,portfolio_no_trade_band,flat,True,0,0,0,0,0,0.14999999999999999,1,1,0,False,False,False,0,0,0,0
2024-01-19,0,0,0.0023851321071415854,0,0,0,0,0,1,0,0,False,True,every-bars,1,dataset-start,dataset,portfolio_no_trade_band,flat,True,0,0,0,0,0,0.14999999999999999,1,1,0,False,False,False,0,0,0,0
2024-01-22,0,0,0.00036047915514340412,0,0,0,0,0,1,0,0,False,True,every-bars,1,dataset-start,dataset,portfolio_no_trade_band,flat,True,0,0,0,0,0,0.14999999999999999,1,1,0,False,False,False,0,0,0,0
2024-01-23,0,0,0.00028491823648757464,0,0,0,0,0,1,0,0,False,True,every-bars,1,dataset-start,dataset,portfolio_no_trade_band,flat,True,0,0,0,0,0,0.14999999999999999,1,1,0,False,False,False,0,0,0,0
2024-01-24,0,0,0.0013776412993804867,0,0,0,0,0,1,0,0,False,True,every-bars,1,dataset-start,dataset,portfolio_no_trade_band,flat,True,0,0,0,0,0,0.14999999999999999,1,1,0,False,False,False,0,0,0,0
2024-01-25,0,0,0.0024502387048294101,0,0,0,0,0,1,0,0,False,True,every-bars,1,dataset-start,dataset,portfolio_no_trade_band,flat,True,0,0,0,0,0,0.14999999999999999,1,1,0,False,False,False,0,0,0,0
2024-01-26,0,0,0.0027387661642750962,0,0,0,0,0,1,0,0,False,True,every-bars,1,dataset-start,dataset,portfolio_no_trade_band,flat,True,0,0,0,0,0,0.14999999999999999,1,1,0,False,False,False,0,0,0,0
2024-01-29,0,0,0.0017346837120269147,0,0,0,0,0,1,0,0,False,True,every-bars,1,dataset-start,dataset,portfolio_no_trade_band,flat,True,0,0,0,0,0,0.14999999999999999,1,1,0,False,False,False,0,0,0,0
2024-01-30,0.011738255539478193,0.010738255539478193,0.0015421567921681998,0.5,1,0.001,1,0,0,0.29999999999999999,0.25762114532662234,True,True,every-bars,1,dataset-start,dataset,rebalance_threshold_met,within_ceiling,True,20,0,0.10750092776293081,0.10750092776293081,0.10750092776293081,0.14999999999999999,1,1,0.5,True,False,False,0,0,0.0022582007940381323,0.00084798089056702076
2024-01-31,0.0035875304453491189,0.0034159407006999773,0.0026456888134835372,0.085794872324570712,0.17158974464914142,0.00017158974464914143,1,0,0,0.29999999999999999,0.26000000000000001,True,True,every-bars,1,dataset-start,dataset,rebalance_threshold_met,within_ceiling,True,21,0.11115925992187793,0.10594536454167937,0.10594536454167937,0.10594536454167937,0.14999999999999999,1,1,0.085794872324570712,True,False,False,0,0,0.00053736555695466331,0.00012820412788492233
2024-02-01,-0.002542541951437651,-0.002701661383852708,0.0017156324589844469,0.079559716207528511,0.15911943241505702,0.00015911943241505701,1,-2.7755575615628914e-17,0,0.29999999999999999,0.25647475522978658,True,True,every-bars,1,dataset-start,dataset,rebalance_threshold_met,within_ceiling,True,22,0.10388141638221338,0.11023752535280756,0.11023752535280756,0.11023752535280756,0.14999999999999999,1,1,0.079559716207528511,True,False,False,0,2.7755575615628914e-17,0.0003934217739025412,0.00013038035292242949
2024-02-02,0.0059692087865808718,0.0053990680709057118,7.1665116353647257e-05,0.28507035783758017,0.57014071567516034,0.00057014071567516031,0.99999999999999989,-2.7755575615628914e-17,1.1102230246251565e-16,0.28634486931219078,0.25420261706629049,True,True,every-bars,1,dataset-start,dataset,rebalance_threshold_met,within_ceiling,True,23,0.10793498766282746,0.10622414518699365,0.10622414518699365,0.10622414518699365,0.14999999999999999,1,1,0.28507035783758017,True,False,False,4.163336342344337e-17,5.5511151231257827e-17,0.0019748138361640184,0.00045668923674220562
2024-02-05,0.0003908206230182126,-0.00035111248145707624,0.001676242348319386,0.37096655223764441,0.74193310447528882,0.00074193310447528884,1,0,0,0.29999999999999999,0.2588143281208018,True,True,every-bars,1,dataset-start,dataset,rebalance_threshold_met,within_ceiling,True,24,0.10445366538132313,0.11790082477139623,0.11790082477139623,0.11790082477139623,0.14999999999999999,1,1,0.37096655223764441,True,False,False,0,0,0.0011396395512639653,0.00051828603647432353
2024-02-06,0.0055539602886750831,0.0050571349673330778,0.0013237544145784375,0.24841266067100271,0.49682532134200541,0.00049682532134200541,1,2.0816681711721685e-17,0,0.29999999999999999,0.24012401207283002,True,True,every-bars,1,dataset-start,dataset,rebalance_threshold_met,within_ceiling,True,25,0.11584690009909773,0.098468652251269523,0.098468652251269523,0.098468652251269523,0.14999999999999999,1,1,0.24841266067100271,True,False,False,0,2.0816681711721685e-17,0.00085305629678455823,0.00030170686924388212
2024-02-07,-0.0032946007687355136,-0.0035220202533195548,0.00012918314763952588,0.11370974229202063,0.22741948458404126,0.00022741948458404124,0.99999999999999989,-2.7755575615628914e-17,1.1102230246251565e-16,0.29999999999999999,0.2386647758439423,True,True,every-bars,1,dataset-start,dataset,rebalance_threshold_met,within_ceiling,True,26,0.096753932350456789,0.10681074284201594,0.10681074284201594,0.10681074284201594,0.14999999999999999,1,1,0.11370974229202063,True,False,False,0,2.7755575615628914e-17,0.00067857454233303659,0.00017301111372505586
2024-02-08,0.0013759676309488341,0.0011459039810973654,0.0034339233966844307,0.11503182492573424,0.23006364985146849,0.0002300636498514685,0.99999999999999989,-5.5511151231257827e-17,1.1102230246251565e-16,0.29999999999999999,0.23243502674382177,True,True,every-bars,1,dataset-start,dataset,rebalance_threshold_met,within_ceiling,True,27,0.10594818157642029,0.10729393272634727,0.10729393272634727,0.10729393272634727,0.14999999999999999,1,1,0.11503182492573424,True,False,False,4.163336342344337e-17,0,0.0014922141481178266,0.00028884284077669418
2024-02-09,0.001029727514983012,0.0006865499225683705,0.0010819459612967743,0.17158879620732076,0.34317759241464152,0.00034317759241464155,1,0,0,0.29999999999999999,0.2586590691893304,True,True,every-bars,1,dataset-start,dataset,rebalance_threshold_met,within_ceiling,True,28,0.10536305205168704,0.1041164771429038,0.1041164771429038,0.1041164771429038,0.14999999999999999,1,1,0.17158879620732076,True,False,False,0,0,0.00083432122521993305,0.00027183307992550444
2024-02-12,-0.010571289079308344,-0.010572317747575308,0.00055616301743170206,0.0005143341334823831,0.0010286682669647662,1.0286682669647662e-06,0.99805084687423984,0,0.0019491531257601613,0.29978040013047852,0.25752573589929412,True,True,every-bars,1,dataset-start,dataset,mandate_constraint_override,constraint_repaired,True,29,0.10209291461968073,0.10247351885195786,0.10247351885195786,0.10199212272564974,0.14999999999999999,1,1,0.0036794106057492226,False,False,True,0.0005143341334823831,0,4.9609622759815681e-06,1.1245068611951206e-06
2024-02-13,0.009777490261169669,0.0089575117940881958,0.0010977889224373927,0.40998923354073641,0.81997846708147282,0.00081997846708147274,1,-5.5511151231257827e-17,0,0.29999999999999999,0.22217061724003023,True,True,every-bars,1,dataset-start,dataset,rebalance_threshold_met,within_ceiling,True,30,0.10677319682596603,0.11684213021698742,0.11684213021698742,0.11684213021698742,0.14999999999999999,1,1,0.40998923354073641,True,False,False,0,5.5511151231257827e-17,0.0010483514486572087,0.00068680952748530427
2024-02-14,0.0062083171830286336,0.0059714166207909657,0.0025855514444551586,0.11845028111883378,0.23690056223766756,0.00023690056223766757,1,0,0,0.29999999999999999,0.26000000000000001,True,True,every-bars,1,dataset-start,dataset,rebalance_threshold_met,within_ceiling,True,31,0.11650041815128075,0.12944081327692025,0.12944081327692025,0.12944081327692025,0.14999999999999999,1,1,0.11845028111883378,True,False,False,0,0,0.00040637732409072195,0.00021531747474516129
2024-02-15,-0.0004108841148245124,-0.00041705412661730842,0.0022622207592880028,0.0030850058963979993,0.0061700117927959985,6.1700117927959982e-06,0.98920751519752648,0,0.010792484802473523,0.29859238692975282,0.25487917596257359,True,True,every-bars,1,dataset-start,dataset,mandate_constraint_override,constraint_repaired,True,32,0.12805091048093201,0.12851259568471263,0.12851259568471263,0.12731549320591062,0.14999999999999999,1,1,0.003865386942118243,False,False,True,0.0030850058963979993,0,1.9690019225292598e-05,5.2770374805302766e-06
2024-02-16,-0.003836517329002032,-0.0041226936194666362,0.002235518397050865,0.14308814523230196,0.28617629046460391,0.00028617629046460389,1,0,0,0.29999999999999999,0.24337514144160322,True,True,every-bars,1,dataset-start,dataset,rebalance_threshold_met,within_ceiling,True,33,0.12552961710505389,0.12363816280338209,0.12363816280338209,0.12363816280338209,0.14999999999999999,1,1,0.14308814523230196,True,False,False,0,0,0.0015844951515468148,0.000369561745875847
2024-02-19,0.00023442156387648902,0.00022292048171668194,0.001040616710661209,0.00575054107990354,0.01150108215980708,1.150108215980708e-05,0.99875749193583752,-5.5511151231257827e-17,0.0012425080641624842,0.29999999999999999,0.2423469312350191,True,True,every-bars,1,dataset-start,dataset,mandate_constraint_override,constraint_repaired,True,34,0.12347264022013574,0.12224346789625995,0.12224346789625995,0.12186693580313708,0.14999999999999999,1,1,0.007821420185573448,False,False,True,0.00575054107990354,5.5511151231257827e-17,2.6065083439918327e-05,7.7252228242247678e-06
2024-02-20,-0.0020797771758936157,-0.002603337945907063,0.00060728077033021322,0.26178038500672357,0.52356077001344714,0.00052356077001344716,1,0,0,0.29999999999999999,0.26000000000000001,True,True,every-bars,1,dataset-start,dataset,rebalance_threshold_met,within_ceiling,True,35,0.12012910520489599,0.10301443327551273,0.10301443327551273,0.10301443327551273,0.14999999999999999,1,1,0.26178038500672357,True,False,False,0,0,0.0025478358377288074,0.00054464973188829413
2024-02-21,-0.00049599556407731724,-0.00095110570636589085,0.0022650999663338571,0.2275550711442868,0.4551101422885736,0.00045511014228857361,1,4.163336342344337e-17,0,0.29999999999999999,0.2414391780963028,True,True,every-bars,1,dataset-start,dataset,rebalance_threshold_met,within_ceiling,True,36,0.10151454491908075,0.091105704344837737,0.091105704344837737,0.091105704344837737,0.14999999999999999,1,1,0.2275550711442868,True,False,False,0,4.163336342344337e-17,0.00076652059477913298,0.00024993711561479729
2024-02-22,-0.0059938178668304306,-0.0061365113845436043,0.00037191904739316216,0.071346758856586867,0.14269351771317373,0.00014269351771317373,1,0,0,0.29999999999999999,0.26000000000000001,True,True,every-bars,1,dataset-start,dataset,rebalance_threshold_met,within_ceiling,True,37,0.090193925606684211,0.089636660070861574,0.089636660070861574,0.089636660070861574,0.14999999999999999,1,1,0.071346758856586867,True,False,False,0,0,0.00027424051878436391,7.9332279092824052e-05
2024-02-23,-0.0058633674971920692,-0.0064362050711520707,-0.0015071311071440108,0.28641878698000084,0.57283757396000168,0.00057283757396000168,1,0,0,0.29673280075962688,0.25630336267037224,True,True,every-bars,1,dataset-start,dataset,rebalance_threshold_met,within_ceiling,True,38,0.090299701152978459,0.095742333557101031,0.095742333557101031,0.095742333557101031,0.14999999999999999,1,1,0.28641878698000084,True,False,False,0,0,0.0010249101749105159,0.00045274558350945213
2024-02-26,0.0021762857631900034,0.0015153283908662593,0.0017660656356042743,0.33047868616187209,0.66095737232374419,0.0006609573723237442,1,2.7755575615628914e-17,0,0.29999999999999999,0.23378215202853869,True,True,every-bars,1,dataset-start,dataset,rebalance_threshold_met,within_ceiling,True,39,0.095615910579218297,0.08379033935773969,0.08379033935773969,0.08379033935773969,0.14999999999999999,1,1,0.33047868616187209,True,False,False,0,2.7755575615628914e-17,0.001062150918011349,0.00037924037019242303
2024-02-27,-0.00013153661238382271,-0.00078031528906386384,-0.0007704942742407146,0.32438933834002059,0.64877867668004119,0.00064877867668004113,1,2.7755575615628914e-17,0,0.29999999999999999,0.25706482086687665,True,True,every-bars,1,dataset-start,dataset,rebalance_threshold_met,within_ceiling,True,40,0.083231160337280452,0.087191012507426627,0.087191012507426627,0.087191012507426627,0.14999999999999999,1,1,0.32438933834002059,True,False,False,0,2.7755575615628914e-17,0.0015724132019034702,0.00052776347562096264
2024-02-28,0.0027636022195174944,0.0017261108801337039,0.0017805258311212042,0.51874566969189528,1.0374913393837906,0.0010374913393837906,1,-5.5511151231257827e-17,0,0.29999999999999999,0.24009608160985108,True,True,every-bars,1,dataset-start,dataset,rebalance_threshold_met,within_ceiling,True,41,0.08542994350682058,0.1025728117496895,0.1025728117496895,0.1025728117496895,0.14999999999999999,1,1,0.51874566969189528,True,False,False,0,5.5511151231257827e-17,0.0043514667634554118,0.0011471454639821138
2024-02-29,-0.0053690296649924188,-0.0053719003689652401,0.0010773611013441178,0.0014353519864108259,0.0028707039728216519,2.8707039728216519e-06,1,-5.5511151231257827e-17,0,0.29998917478394727,0.24016927267989574,True,True,every-bars,1,dataset-start,dataset,mandate_constraint_override,constraint_repaired,True,42,0.10199403490897715,0.10176210061755048,0.10176210061755048,0.10157215028459429,0.14999999999999999,1,1,0.0034013513310369413,False,False,True,0.0014353519864108259,1.1102230246251565e-16,3.1485358888178806e-05,5.3634724855528656e-06
2024-03-01,0.015305995169464771,0.014820202533001781,0.0023742751688454735,0.24289631823149505,0.48579263646299009,0.00048579263646299003,1,0,0,0.29999999999999999,0.2471000011628019,True,True,every-bars,1,dataset-start,dataset,rebalance_threshold_met,within_ceiling,True,43,0.10237460975921241,0.088169352754196517,0.088169352754196517,0.088169352754196517,0.14999999999999999,1,1,0.24289631823149505,True,False,False,0,0,0.0043938587314236097,0.0012593527480392627
2024-03-04,0.010269123774523155,0.010254048521109617,-0.00062310058831271985,0.0075376267067693258,0.015075253413538652,1.5075253413538653e-05,0.96758495303424485,0,0.032415046965755145,0.29123440060905192,0.23103533013478475,True,True,every-bars,1,dataset-start,dataset,mandate_constraint_override,constraint_repaired,True,44,0.092538473815532929,0.093892189106414531,0.093892189106414531,0.091141621165035824,0.14999999999999999,1,1,0.048968916159414816,False,False,True,0.0075376267067693258,0,0.00015013997632017283,3.3907677928416826e-05
2024-03-05,-0.0067916656555635545,-0.0069173689990575781,-0.0012704214330540216,0.06285167174701202,0.12570334349402404,0.00012570334349402404,1,-2.7755575615628914e-17,0,0.29999999999999999,0.25630768643691931,True,True,every-bars,1,dataset-start,dataset,rebalance_threshold_met,within_ceiling,True,45,0.091480970249161769,0.095830256443346584,0.095830256443346584,0.095830256443346584,0.14999999999999999,1,1,0.06285167174701202,True,False,False,0,2.7755575615628914e-17,0.0013402234643936195,0.00039662407122862563
2024-03-06,-0.0013321192191662304,-0.0016251451029143113,-0.00062216073971136775,0.14651294187404046,0.29302588374808092,0.00029302588374808093,0.99999999999999989,1.3877787807814457e-17,1.1102230246251565e-16,0.29999999999999999,0.2325566703064389,True,True,every-bars,1,dataset-start,dataset,rebalance_threshold_met,within_ceiling,True,46,0.097047049594338589,0.087017110450865992,0.087017110450865992,0.087017110450865992,0.14999999999999999,1,1,0.14651294187404046,True,False,False,0,1.3877787807814457e-17,0.0014891625655177345,0.00043120200461451021
2024-03-07,-0.0065493291972968269,-0.0065600242608959978,0.0016419573485606334,0.005347531799585338,0.010695063599170676,1.0695063599170676e-05,0.99559884127396381,4.163336342344337e-17,0.0044011587260361917,0.29999999999999999,0.23130191315409995,True,True,every-bars,1,dataset-start,dataset,mandate_constraint_override,constraint_repaired,True,47,0.087035456310683559,0.085938444681307596,0.085938444681307596,0.086013483070319169,0.14999999999999999,1,1,0.012981347735211875,False,False,True,0.005347531799585338,4.163336342344337e-17,7.3860123773631224e-05,2.6512507161458652e-05
2024-03-08,-0.0053337796016328116,-0.0058551655258728226,0.0008696644719474551,0.26069296212000553,0.52138592424001107,0.0005213859242400111,1,1.3877787807814457e-17,0,0.29999999999999999,0.2098076283096523,True,True,every-bars,1,dataset-start,dataset,rebalance_threshold_met,within_ceiling,True,48,0.087237586180884591,0.086708629853453845,0.086708629853453845,0.086708629853453845,0.14999999999999999,1,1,0.26069296212000553,True,False,False,4.5102810375396984e-17,9.7144514654701197e-17,0.0023123600334908254,0.0014064184063297205
2024-03-11,-0.0034721397431354932,-0.0038466941274371792,0.00017057329794069776,0.18727719215084299,0.37455438430168597,0.00037455438430168594,1,0,0,0.29999999999999999,0.26000000000000001,True,True,every-bars,1,dataset-start,dataset,rebalance_threshold_met,within_ceiling,True,49,0.087634111142676996,0.092561570316339506,0.092561570316339506,0.092561570316339506,0.14999999999999999,1,1,0.18727719215084299,True,False,False,0,0,0.0041721897614815789,0.0011066212027393827
2024-03-12,-0.0012102141673346091,-0.0019861114692248526,-0.00075000027981684614,0.38794865094512171,0.77589730189024342,0.00077589730189024349,1,5.5511151231257827e-17,0,0.29999999999999999,0.2580453104876943,True,True,every-bars,1,dataset-start,dataset,rebalance_threshold_met,within_ceiling,True,50,0.09240623660653513,0.093788212335441448,0.093788212335441448,0.093788212335441448,0.14999999999999999,1,1,0.38794865094512171,True,False,False,0,5.5511151231257827e-17,0.010646938883368599,0.002824495048692578
2024-03-13,-0.0035842180891317694,-0.0040336241289389068,0.0024854907937787067,0.22470301990356867,0.44940603980713734,0.00044940603980713736,1,-5.5511151231257827e-17,0,0.29999999999999999,0.25539555632395017,True,True,every-bars,1,dataset-start,dataset,rebalance_threshold_met,within_ceiling,True,51,0.092469346554213502,0.096226554402326567,0.096226554402326567,0.096226554402326567,0.14999999999999999,1,1,0.22470301990356867,True,False,False,0,5.5511151231257827e-17,0.0026512910064746082,0.00080903256853618319
2024-03-14,0.0036714446603224485,0.0027718880095516109,0.0029371415500596223,0.44977832538541873,0.89955665077083746,0.00089955665077083753,0.99999999999999989,2.7755575615628914e-17,1.1102230246251565e-16,0.23697151294798766,0.21082424789766141,True,True,every-bars,1,dataset-start,dataset,rebalance_threshold_met,within_ceiling,True,52,0.095840801860781769,0.091591077374522614,0.091591077374522614,0.091591077374522614,0.14999999999999999,1,1,0.44977832538541873,True,False,False,0,2.7755575615628914e-17,0.010886654835592043,0.0027901000837776062
2024-03-15,-0.010908922085155743,-0.011376710968363792,0.0013088568293016514,0.23389444160402451,0.46778888320804901,0.00046778888320804903,1,0,0,0.25959987044773147,0.22439398310187431,True,True,every-bars,1,dataset-start,dataset,rebalance_threshold_met,within_ceiling,True,53,0.091418586367416302,0.096597212363474891,0.096597212363474891,0.096597212363474891,0.14999999999999999,1,1,0.23389444160402451,True,False,False,0,0,0.0030244523298582631,0.0011454785949052079
2024-03-18,-0.00055399928379722986,-0.0008249620033615743,0.00048337480363186414,0.13548135978217218,0.27096271956434437,0.00027096271956434439,1,0,0,0.26117229784624091,0.23068808974599614,True,True,every-bars,1,dataset-start,dataset,rebalance_threshold_met,within_ceiling,True,54,0.10008710960271792,0.09867678314617033,0.09867678314617033,0.09867678314617033,0.14999999999999999,1,1,0.13548135978217218,True,False,False,0,0,0.0024453582655210152,0.00066391419812739322
2024-03-19,-0.0068900229042735441,-0.0068918565560191864,0.0017488692203176015,0.00091682587282127664,0.0018336517456425533,1.8336517456425534e-06,0.99999999999999989,-2.7755575615628914e-17,1.1102230246251565e-16,0.26111749018655062,0.23058310220942096,True,True,every-bars,1,dataset-start,dataset,mandate_constraint_override,constraint_repaired,True,55,0.098005641176888911,0.097883545126639632,0.097883545126639632,0.097820902777437893,0.14999999999999999,1,1,0.001820898322848024,False,False,True,0.00091682587282127664,2.7755575615628914e-17,7.5678792799197295e-06,3.5506041394570296e-06
2024-03-20,0.00084019360039362711,0.00082886004704547673,0.00020301248628340485,0.0056667766740751829,0.011333553348150366,1.1333553348150366e-05,1.0000000000000002,-8.3266726846886741e-17,-2.2204460492503131e-16,0.26350327564498038,0.23087933047430759,True,True,every-bars,1,dataset-start,dataset,mandate_constraint_override,constraint_repaired,True,56,0.099588984736871181,0.097947386108586248,0.097947386108586248,0.098400009341925956,0.14999999999999999,1,1,0.016886187926732077,False,False,True,0.0056667766740751829,2.2204460492503131e-16,9.8992305280942131e-05,2.962858951172869e-05
2024-03-21,0.0040788405849654097,0.0034095809723088677,0.0022364147111052319,0.334629806328271,0.66925961265654199,0.00066925961265654199,1,1.3877787807814457e-17,0,0.26754096683206302,0.20124328191031396,True,True,every-bars,1,dataset-start,dataset,rebalance_threshold_met,within_ceiling,True,57,0.097234127319793362,0.084654178623583334,0.084654178623583334,0.084654178623583334,0.14999999999999999,1,1,0.334629806328271,True,False,False,0,1.3877787807814457e-17,0.0025383899175535599,0.0012653008077777783
2024-03-22,0.0044126314080312236,0.0037845022437808479,0.00019077204070566721,0.31406458212518784,0.62812916425037568,0.00062812916425037562,1,-2.7755575615628914e-17,0,0.24943578849711065,0.20054854054505383,True,True,every-bars,1,dataset-start,dataset,rebalance_threshold_met,within_ceiling,True,58,0.083659038957558579,0.090726531552209028,0.090726531552209028,0.090726531552209028,0.14999999999999999,1,1,0.31406458212518784,True,False,False,0,2.7755575615628914e-17,0.0038544760185717946,0.0017988052194075896
2024-03-25,0.001998216506438989,0.0018115799712525886,0.00084670977594993469,0.093318267593200194,0.18663653518640039,0.00018663653518640038,0.99999999999999989,4.163336342344337e-17,1.1102230246251565e-16,0.29999999999999999,0.21132008604618138,True,True,every-bars,1,dataset-start,dataset,rebalance_threshold_met,within_ceiling,True,59,0.090103634189581935,0.090599682189431208,0.090599682189431208,0.090599682189431208,0.14999999999999999,1,1,0.093318267593200194,True,False,False,4.5102810375396984e-17,4.163336342344337e-17,0.0010118958023237524,0.00032221059926277495
2024-03-26,0.0095595723798456555,0.0095575781482457167,0.00075852418080609341,0.00099711579996922609,0.0019942315999384522,1.9942315999384522e-06,0.99907104539388014,-1.3877787807814457e-17,0.00092895460611985836,0.29807709125977083,0.21121697051300306,True,True,every-bars,1,dataset-start,dataset,mandate_constraint_override,constraint_repaired,True,60,0.090114007761721432,0.090384807348488125,0.090384807348488125,0.089918784670810104,0.14999999999999999,1,1,0.0099263293132268414,False,False,True,0.00099711579996922609,1.3877787807814457e-17,1.8607533009435891e-05,4.7314081785207101e-06
2024-03-27,0.002241155230998864,0.002231686178709745,0.0018722909513302723,0.0047345261445595824,0.0094690522891191647,9.4690522891191646e-06,0.9817906020104431,8.3266726846886741e-17,0.018209397989556897,0.2951784604803287,0.20463393122006598,True,True,every-bars,1,dataset-start,dataset,mandate_constraint_override,constraint_repaired,True,60,0.090905773367268253,0.092373448226972993,0.092373448226972993,0.089911136524012183,0.14999999999999999,1,1,0.0138182414400791,False,False,True,0.0047345261445595824,8.3266726846886741e-17,8.0275954793836848e-05,2.0477109979491088e-05
2024-03-28,-0.003284631166941685,-0.0032868673106275651,0.0017926486269518316,0.0011180718429400563,0.0022361436858801126,2.2361436858801126e-06,0.97706113730268174,-2.7755575615628914e-17,0.022938862697318263,0.29249275134530095,0.20202280111731014,True,True,every-bars,1,dataset-start,dataset,mandate_constraint_override,constraint_repaired,True,60,0.089320419395806025,0.09198823853896114,0.09198823853896114,0.089098085557577131,0.14999999999999999,1,1,0.016884898135330416,False,False,True,0.0011180718429400563,2.7755575615628914e-17,1.9114804625735239e-05,5.0138104652835912e-06
2024-03-29,-0.015933224420845726,-0.016237954784988247,0.00085967469985285703,0.15236518207126018,0.30473036414252036,0.00030473036414252035,1,0,0,0.29999999999999999,0.26000000000000001,True,True,every-bars,1,dataset-start,dataset,rebalance_threshold_met,within_ceiling,True,60,0.087512550595343741,0.10174341783289462,0.10174341783289462,0.10174341783289462,0.14999999999999999,1,1,0.15236518207126018,True,False,False,0,0,0.0013403047752615373,0.00065772406645153746
2024-04-01,-0.0041708145433122295,-0.0047083022556487454,0.0026454073465770889,0.2687438561682578,0.5374877123365156,0.00053748771233651563,1,0,0,0.29999999999999999,0.23861246393766264,True,True,every-bars,1,dataset-start,dataset,rebalance_threshold_met,within_ceiling,True,60,0.10646717419977535,0.089526570914046671,0.089526570914046671,0.089526570914046671,0.14999999999999999,1,1,0.2687438561682578,True,False,False,0,0,0.0038228377683122835,0.0012679659868925159
2024-04-02,0.014186641074363619,0.013545908369975473,0.00022580835089928519,0.32036635219407283,0.64073270438814567,0.00064073270438814566,1,5.5511151231257827e-17,0,0.29999999999999999,0.2238426488457797,True,True,every-bars,1,dataset-start,dataset,rebalance_threshold_met,within_ceiling,True,60,0.088928917500328983,0.079682299867273348,0.079682299867273348,0.079682299867273348,0.14999999999999999,1,1,0.32036635219407283,True,False,False,4.8572257327350599e-17,5.5511151231257827e-17,0.0064333943985047321,0.0016159674061830369
2024-04-03,0.0041550209274495197,0.0039031105820672585,-0.00033651114507142,0.12595517269113066,0.25191034538226131,0.0002519103453822613,1,1.3877787807814457e-16,0,0.27360676210933682,0.2212028887164241,True,True,every-bars,1,dataset-start,dataset,rebalance_threshold_met,within_ceiling,True,60,0.083186747504467945,0.084204913017029953,0.084204913017029953,0.084204913017029953,0.14999999999999999,1,1,0.12595517269113066,True,False,False,4.5102810375396984e-17,5.5511151231257827e-17,0.0037750951563405616,0.00085194881128695336
2024-04-04,0.0019660467796115029,0.0017951190098139148,0.001359776650715165,0.085463884898794029,0.17092776979758806,0.00017092776979758806,1,-2.7755575615628914e-17,0,0.29977873027930968,0.25938703345440545,True,True,every-bars,1,dataset-start,dataset,rebalance_threshold_met,within_ceiling,True,60,0.083335372382023598,0.094158833519690788,0.094158833519690788,0.094158833519690788,0.14999999999999999,1,1,0.085463884898794029,True,False,False,0,2.7755575615628914e-17,0.00095096663667135239,0.00044521396206340997
2024-04-05,0.0013367410353561076,0.001066465816367564,0.0013754987353106762,0.13513760949427184,0.27027521898854368,0.00027027521898854366,0.99999999999999978,-2.7755575615628914e-17,2.2204460492503131e-16,0.29999999999999999,0.24211125127176636,True,True,every-bars,1,dataset-start,dataset,rebalance_threshold_met,within_ceiling,True,60,0.093975088886003366,0.099637518440249193,0.099637518440249193,0.099637518440249193,0.14999999999999999,1,1,0.13513760949427184,True,False,False,0,2.7755575615628914e-17,0.0025650791560490123,0.00071565809909904796
2024-04-08,0.012873567508594117,0.012622970081819321,0.00051136491809953655,0.12529871338739795,0.25059742677479591,0.00025059742677479592,1,2.7755575615628914e-17,0,0.29710455614006631,0.23996388028822863,True,True,every-bars,1,dataset-start,dataset,rebalance_threshold_met,within_ceiling,True,60,0.099991208797273481,0.092917402714268002,0.092917402714268002,0.092917402714268002,0.14999999999999999,1,1,0.12529871338739795,True,False,False,4.5102810375396984e-17,5.5511151231257827e-17,0.0026551364939091495,0.00076186279600956586
2024-04-09,0.0029964768979710531,0.0027038249682498684,0.00065266514255907238,0.14632596486059241,0.29265192972118481,0.00029265192972118481,1,-5.5511151231257827e-17,0,0.2969457025798875,0.22172684891183278,True,True,every-bars,1,dataset-start,dataset,rebalance_threshold_met,within_ceiling,True,60,0.092070715496295807,0.094389926741482569,0.094389926741482569,0.094389926741482569,0.14999999999999999,1,1,0.14632596486059241,True,False,False,0,5.5511151231257827e-17,0.0028861313987082757,0.0007543212064622045
2024-04-10,0.010681073333520004,0.0099832337657657089,0.0031108643875840296,0.34891978387714745,0.6978395677542949,0.00069783956775429487,1,-5.5511151231257827e-17,0,0.29643651974802321,0.22250953248891456,True,True,every-bars,1,dataset-start,dataset,rebalance_threshold_met,within_ceiling,True,60,0.09283031021512006,0.093958779308064913,0.093958779308064913,0.093958779308064913,0.14999999999999999,1,1,0.34891978387714745,True,False,False,0,5.5511151231257827e-17,0.0033075787405936635,0.0015236517448843172
2024-04-11,-0.0087184992510332439,-0.0089365395446308095,0.00061882120919289551,0.10902014679878275,0.21804029359756549,0.00021804029359756552,1,2.7755575615628914e-17,0,0.29999999999999999,0.22128318052056745,True,True,every-bars,1,dataset-start,dataset,rebalance_threshold_met,within_ceiling,True,60,0.094936128465269734,0.099057390750036486,0.099057390750036486,0.099057390750036486,0.14999999999999999,1,1,0.10902014679878275,True,False,False,4.8572257327350599e-17,8.3266726846886741e-17,0.0038169058920281451,0.00080855363158056795
2024-04-12,0.0014373147429624458,0.0011756585373253658,0.0026028491770169562,0.13082810281853996,0.26165620563707992,0.00026165620563707993,0.99999999999999978,0,2.2204460492503131e-16,0.29999999999999999,0.2284644252509857,True,True,every-bars,1,dataset-start,dataset,rebalance_threshold_met,within_ceiling,True,60,0.10275047159842872,0.097953232970355811,0.097953232970355811,0.097953232970355811,0.14999999999999999,1,1,0.13082810281853996,True,False,False,0,0,0.0031562652176464574,0.00070857914453642827
2024-04-15,-0.0013101088616493325,-0.001728800328293343,-0.0004386647300230191,0.20934573332200523,0.41869146664401047,0.00041869146664401049,1,-2.7755575615628914e-17,0,0.29999999999999999,0.22274612124410081,True,True,every-bars,1,dataset-start,dataset,rebalance_threshold_met,within_ceiling,True,60,0.097980266298681354,0.096459734510575504,0.096459734510575504,0.096459734510575504,0.14999999999999999,1,1,0.20934573332200523,True,False,False,0,2.7755575615628914e-17,0.0043399645081541906,0.0012942507667053694
2024-04-16,0.015592794422839697,0.01526425134791588,0.0001720032751577063,0.1642715374619087,0.3285430749238174,0.00032854307492381741,1,0,0,0.29999999999999999,0.26000000000000001,True,True,every-bars,1,dataset-start,dataset,rebalance_threshold_met,within_ceiling,True,60,0.095047125617177236,0.091764066130117644,0.091764066130117644,0.091764066130117644,0.14999999999999999,1,1,0.1642715374619087,True,False,False,0,0,0.0016218829414941338,0.00068896646941790478
2024-04-17,-0.011677872937399005,-0.012085464976190459,0.0025058502731306232,0.20379601939572711,0.40759203879145423,0.00040759203879145423,1,0,0,0.29999999999999999,0.26000000000000001,True,True,every-bars,1,dataset-start,dataset,rebalance_threshold_met,within_ceiling,True,60,0.094795308702629935,0.082310862552129202,0.082310862552129202,0.082310862552129202,0.14999999999999999,1,1,0.20379601939572711,True,False,False,0,0,0.0039715141208489053,0.0011959832285893316
2024-04-18,0.0038733502006652824,0.0034551581569668482,0.0044280095673775071,0.20909602184921711,0.41819204369843421,0.0004181920436984342,1,0,0,0.29999999999999999,0.26000000000000001,True,True,every-bars,1,dataset-start,dataset,rebalance_threshold_met,within_ceiling,True,60,0.087814172283203429,0.096041930662338418,0.096041930662338418,0.096041930662338418,0.14999999999999999,1,1,0.20909602184921711,True,False,False,0,0,0.00263075525488194,0.00073145651035966524
2024-04-19,0.0014716721601158774,0.0010678137548699458,0.00078226658159774565,0.20192920262296585,0.4038584052459317,0.0004038584052459317,1,0,0,0.29999999999999999,0.26000000000000001,True,True,every-bars,1,dataset-start,dataset,rebalance_threshold_met,within_ceiling,True,60,0.095617405745428527,0.10915456980618168,0.10915456980618168,0.10915456980618168,0.14999999999999999,1,1,0.20192920262296585,True,False,False,0,0,0.0032263207262547026,0.00091497422124947353
2024-04-22,0.006722152435762456,0.0066130130158099671,0.0003706033654897376,0.054569709976244593,0.10913941995248919,0.00010913941995248919,1,0,0,0.29999999999999999,0.25502009883495202,True,True,every-bars,1,dataset-start,dataset,rebalance_threshold_met,within_ceiling,True,60,0.10650254943496462,0.11030073240328875,0.11030073240328875,0.11030073240328875,0.14999999999999999,1,1,0.054569709976244593,True,False,False,0,0,0.00088077119478152297,0.00026902830017183816
2024-04-23,-0.0035378963948756383,-0.0035445736617059137,0.0013174829586558023,0.0033386334151376124,0.0066772668302752247,6.6772668302752245e-06,0.98944154515723981,-5.5511151231257827e-17,0.01055845484276019,0.29754457799850242,0.2497932017748663,True,True,every-bars,1,dataset-start,dataset,mandate_constraint_override,constraint_repaired,True,60,0.11036954103344848,0.11061233824889177,0.11061233824889177,0.10958152095861254,0.14999999999999999,1,1,0.0044354279422431225,False,False,True,0.0033386334151376124,5.5511151231257827e-17,0.00010134521846916146,2.4457711857848597e-05
2024-04-24,-0.011531448892675409,-0.012133812167457526,0.0023209953802038608,0.30118163739105819,0.60236327478211638,0.00060236327478211641,1,2.7755575615628914e-17,0,0.29999999999999999,0.23059694849877588,True,True,every-bars,1,dataset-start,dataset,rebalance_threshold_met,within_ceiling,True,60,0.11035031477865412,0.097670531516149225,0.097670531516149225,0.097670531516149225,0.14999999999999999,1,1,0.30118163739105819,True,False,False,0,2.7755575615628914e-17,0.001381822028127831,0.00088661487844087297
2024-04-25,-0.0059409517920126463,-0.0067805507514852193,0.0014785474158658014,0.41979947973628667,0.83959895947257335,0.00083959895947257333,1,5.5511151231257827e-17,0,0.28401863949431022,0.21098438057339403,True,True,every-bars,1,dataset-start,dataset,rebalance_threshold_met,within_ceiling,True,60,0.10162520370906802,0.095179441823260297,0.095179441823260297,0.095179441823260297,0.14999999999999999,1,1,0.41979947973628667,True,False,False,0,5.5511151231257827e-17,0.0093254964309816314,0.0031754622991636617
2024-04-26,-0.0033656927917016756,-0.0038591200218160236,-0.00026017034117065108,0.24671361505717385,0.49342723011434769,0.00049342723011434777,1,2.7755575615628914e-17,0,0.26836984939189096,0.20921557993571796,True,True,every-bars,1,dataset-start,dataset,rebalance_threshold_met,within_ceiling,True,60,0.09467494919641764,0.086379894385615039,0.086379894385615039,0.086379894385615039,0.14999999999999999,1,1,0.24671361505717385,True,False,False,0,2.7755575615628914e-17,0.0019944696502203398,0.00096811359642362267
2024-04-29,-0.0013639260937383874,-0.0015923099568447919,0.0025837295390560198,0.11419193155320223,0.22838386310640446,0.00022838386310640449,1,0,0,0.2971246501237888,0.25858190973513651,True,True,every-bars,1,dataset-start,dataset,rebalance_threshold_met,within_ceiling,True,60,0.087147984138834345,0.092471505947141819,0.092471505947141819,0.092471505947141819,0.14999999999999999,1,1,0.11419193155320223,True,False,False,0,0,0.00038037833093383194,0.00016718288178415653
2024-04-30,0.0046868396453203266,0.0040896082955404001,0.0015524062850341505,0.29861567488996343,0.59723134977992687,0.00059723134977992685,1,5.5511151231257827e-17,0,0.2934387482793015,0.2572621886686548,True,True,every-bars,1,dataset-start,dataset,rebalance_threshold_met,within_ceiling,True,60,0.092076960896283214,0.10877551516221916,0.10877551516221916,0.10877551516221916,0.14999999999999999,1,1,0.29861567488996343,True,False,False,0,5.5511151231257827e-17,0.0052990849154782565,0.0010642781596253152
2024-05-01,-0.0013448129330356161,-0.0016891483650395894,0.00073325518638567289,0.17216771600198658,0.34433543200397315,0.00034433543200397315,1,0,0,0.29229782319722003,0.23282586888627013,True,True,every-bars,1,dataset-start,dataset,rebalance_threshold_met,within_ceiling,True,60,0.1084181037224602,0.1058263383530603,0.1058263383530603,0.1058263383530603,0.14999999999999999,1,1,0.17216771600198658,True,False,False,0,0,0.0021264752489056045,0.00042607434949965228
2024-05-02,0.0050009688911849233,0.0039820607936721921,0.0020473234023043649,0.50945404875636546,1.0189080975127309,0.001018908097512731,1,-2.7755575615628914e-17,0,0.29999999999999999,0.24430391691088318,True,True,every-bars,1,dataset-start,dataset,rebalance_threshold_met,within_ceiling,True,60,0.10535940793441663,0.098206082789690508,0.098206082789690508,0.098206082789690508,0.14999999999999999,1,1,0.50945404875636546,True,False,False,0,2.7755575615628914e-17,0.0011819384353259868,0.00058411775984648911
2024-05-03,0.0011617691900726382,0.00049898486545073089,0.0007449237887490745,0.33139216231095364,0.66278432462190728,0.00066278432462190729,1.0000000000000002,-5.5511151231257827e-17,-2.2204460492503131e-16,0.27417865942696534,0.21104827424100481,True,True,every-bars,1,dataset-start,dataset,rebalance_threshold_met,within_ceiling,True,60,0.097256764981489233,0.095915998864482557,0.095915998864482557,0.095915998864482557,0.14999999999999999,1,1,0.33139216231095364,True,False,False,4.8572257327350599e-17,1.1102230246251565e-16,0.0010066099392340877,0.00044979529866016741
2024-05-06,-0.0019296172114430204,-0.0021639931106177696,0.0019928996391068892,0.11718794958737463,0.23437589917474927,0.00023437589917474927,1,-8.3266726846886741e-17,0,0.2763348945388821,0.20986299537136038,True,True,every-bars,1,dataset-start,dataset,rebalance_threshold_met,within_ceiling,True,60,0.095460599014780573,0.09103503201727299,0.09103503201727299,0.09103503201727299,0.14999999999999999,1,1,0.11718794958737463,True,False,False,4.5102810375396984e-17,8.3266726846886741e-17,0.00057055429001795022,0.00015384682182178087
2024-05-07,0.0024800190786201655,0.0020155670048517546,0.00078407739697093182,0.23222603688420546,0.46445207376841091,0.00046445207376841094,1,-5.5511151231257827e-17,0,0.26520706585611109,0.23101025832238969,True,True,every-bars,1,dataset-start,dataset,rebalance_threshold_met,within_ceiling,True,60,0.091385268622123234,0.096601398884716527,0.096601398884716527,0.096601398884716527,0.14999999999999999,1,1,0.23222603688420546,True,False,False,0,5.5511151231257827e-17,0.0010677591194470858,0.00032905148085462144
2024-05-08,4.6849669637973393e-05,-0.00020315536479703601,0.00016783438010979168,0.12500251721750472,0.25000503443500943,0.0002500050344350094,1,0,0,0.26903481439612065,0.23043524191624362,True,True,every-bars,1,dataset-start,dataset,rebalance_threshold_met,within_ceiling,True,60,0.096363920157937932,0.10150164284958246,0.10150164284958246,0.10150164284958246,0.14999999999999999,1,1,0.12500251721750472,True,False,False,0,0,0.00095630075700898478,0.00023535152567406026
2024-05-09,0.0045135173892926449,0.0043936556268665654,0.00039645553086422236,0.059930881213039702,0.1198617624260794,0.00011986176242607939,1,0,0,0.29999999999999999,0.23646430827128564,True,True,every-bars,1,dataset-start,dataset,rebalance_threshold_met,within_ceiling,True,60,0.10114563733056998,0.10348060351445466,0.10348060351445466,0.10348060351445466,0.14999999999999999,1,1,0.059930881213039702,True,False,False,0,0,0.00022313025165971779,6.3113057978537868e-05
2024-05-10,0.0010810212089108844,0.0003274721577727844,-0.00027118931989311744,0.37677452556905,0.7535490511381,0.0007535490511381,0.99999999999999989,5.5511151231257827e-17,1.1102230246251565e-16,0.29999999999999999,0.23735641643633359,True,True,every-bars,1,dataset-start,dataset,rebalance_threshold_met,within_ceiling,True,60,0.10333171836324559,0.091347312572217121,0.091347312572217121,0.091347312572217121,0.14999999999999999,1,1,0.37677452556905,True,False,False,4.163336342344337e-17,2.7755575615628914e-17,0.0017174729068841811,0.00042836329277315681
2024-05-13,0.0018035368717699502,0.0015364478907646402,0.0008692642183909154,0.13354449050265491,0.26708898100530981,0.00026708898100530982,1,2.7755575615628914e-17,0,0.29999999999999999,0.25723030200235342,True,True,every-bars,1,dataset-start,dataset,rebalance_threshold_met,within_ceiling,True,60,0.090151396916813537,0.094370108829403554,0.094370108829403554,0.094370108829403554,0.14999999999999999,1,1,0.13354449050265491,True,False,False,0,2.7755575615628914e-17,0.00064642541522468813,0.00023223888458382314
2024-05-14,-0.0039228951046186783,-0.0046874412109113245,0.0014613234737786416,0.38227305314632298,0.76454610629264597,0.00076454610629264597,0.99999999999999989,-2.7755575615628914e-17,1.1102230246251565e-16,0.2953615030228266,0.22644753173531251,True,True,every-bars,1,dataset-start,dataset,rebalance_threshold_met,within_ceiling,True,60,0.093628087820967265,0.092466915809282471,0.092466915809282471,0.092466915809282471,0.14999999999999999,1,1,0.38227305314632298,True,False,False,0,2.7755575615628914e-17,0.0014569052428837332,0.00057497818419646838
2024-05-15,0.0086479001026296513,0.0086393789265198952,0.00095701287439634952,0.0042605880548782678,0.0085211761097565356,8.5211761097565354e-06,1,5.5511151231257827e-17,0,0.29595839606814761,0.22725446621368389,True,True,every-bars,1,dataset-start,dataset,mandate_constraint_override,constraint_repaired,True,60,0.093995527526724451,0.091005194209343207,0.091005194209343207,0.093195917187012839,0.14999999999999999,1,1,0.024942550186384742,False,False,True,0.0042605880548782678,5.5511151231257827e-17,5.4475748569148233e-05,1.1629802106784619e-05
2024-05-16,0.0017037826421738337,0.0012343461054460068,0.0030506564941522969,0.23471826836391349,0.46943653672782698,0.00046943653672782695,1,5.5511151231257827e-17,0,0.27448996942685006,0.21497867981453034,True,True,every-bars,1,dataset-start,dataset,rebalance_threshold_met,within_ceiling,True,60,0.093608491506892239,0.095479615633640949,0.095479615633640949,0.095479615633640949,0.14999999999999999,1,1,0.23471826836391349,True,False,False,4.5102810375396984e-17,8.3266726846886741e-17,0.0006018294811323421,0.00029915745825852204
2024-05-17,0.0010902376687583521,0.0010885367840540137,0.0005350089692268134,0.00085044235216912706,0.0017008847043382541,1.700884704338254e-06,0.99790320334286675,-2.7755575615628914e-17,0.0020967966571332486,0.27449044177667759,0.21412011912109849,True,True,every-bars,1,dataset-start,dataset,mandate_constraint_override,constraint_repaired,True,60,0.095491618103254725,0.098590360119166706,0.098590360119166706,0.095329297296976756,0.14999999999999999,1,1,0.031549301196980253,False,False,True,0.00085044235216912706,2.7755575615628914e-17,2.4846362937895162e-06,8.6796932282748828e-07
2024-05-20,0.0025039312451218577,0.0022469136442068646,0.00045023037492747386,0.12850880045749646,0.25701760091499293,0.0002570176009149929,1,0,0,0.29478768975595371,0.22176508599279604,True,True,every-bars,1,dataset-start,dataset,rebalance_threshold_met,within_ceiling,True,60,0.09410895050305372,0.093476917421407985,0.093476917421407985,0.093476917421407985,0.14999999999999999,1,1,0.12850880045749646,True,False,False,0,0,0.0013254486008298205,0.00031305933034565266
2024-05-21,-0.0014399265343385424,-0.0016556554032103052,8.6349141212434428e-05,0.10786443443588135,0.21572886887176271,0.00021572886887176272,1,0,0,0.29999999999999999,0.26000000000000001,True,True,every-bars,1,dataset-start,dataset,rebalance_threshold_met,within_ceiling,True,60,0.092393901918931376,0.10195993534572539,0.10195993534572539,0.10195993534572539,0.14999999999999999,1,1,0.10786443443588135,True,False,False,0,0,0.00025933758235770665,0.0001429618582985548
2024-05-22,-0.0022793597745957407,-0.0024751038428796179,0.00090393662618078663,0.097872034141938444,0.19574406828387689,0.0001957440682838769,1,0,0,0.29999999999999999,0.25959416029622689,True,True,every-bars,1,dataset-start,dataset,rebalance_threshold_met,within_ceiling,True,60,0.10156289428588527,0.095619863861760343,0.095619863861760343,0.095619863861760343,0.14999999999999999,1,1,0.097872034141938444,True,False,False,0,0,0.00034542654515677679,0.00011359030878950537
2024-05-23,-0.0056052707739013604,-0.0062126521650409114,-0.00093691507870905921,0.30369069556977546,0.60738139113955092,0.00060738139113955091,1,0,0,0.29999999999999999,0.26000000000000001,True,True,every-bars,1,dataset-start,dataset,rebalance_threshold_met,within_ceiling,True,60,0.095964487177583269,0.11376905044953618,0.11376905044953618,0.11376905044953618,0.14999999999999999,1,1,0.30369069556977546,True,False,False,0,0,0.0021584097898822647,0.00052191028556264763
2024-05-24,-0.0061477423567204079,-0.0068227518397201599,0.00099778126865178018,0.33750474149987597,0.67500948299975194,0.00067500948299975192,1,0,0,0.29331957475885795,0.22165166073572018,True,True,every-bars,1,dataset-start,dataset,rebalance_threshold_met,within_ceiling,True,60,0.11196898445113496,0.10000840486237692,0.10000840486237692,0.10000840486237692,0.14999999999999999,1,1,0.33750474149987597,True,False,False,0,0,0.0013574381898796642,0.00065653510979127576
2024-05-27,0.015284613713384899,0.01442676445557292,0.00034323769510613534,0.42892462890598937,0.85784925781197874,0.00085784925781197873,1,0,0,0.29999999999999999,0.26000000000000001,True,True,every-bars,1,dataset-start,dataset,rebalance_threshold_met,within_ceiling,True,60,0.10020484500237402,0.083871211039036817,0.083871211039036817,0.083871211039036817,0.14999999999999999,1,1,0.42892462890598937,True,False,False,0,0,0.0025005788689368359,0.00082017973229532397
2024-05-28,0.010625829262780394,0.010322600168311902,-0.00090203700292697687,0.151614547234246,0.303229094468492,0.00030322909446849202,1,-5.5511151231257827e-17,0,0.27659675444362508,0.25249944722992096,True,True,every-bars,1,dataset-start,dataset,rebalance_threshold_met,within_ceiling,True,60,0.087258915557953093,0.094226078596786417,0.094226078596786417,0.094226078596786417,0.14999999999999999,1,1,0.151614547234246,True,False,False,0,5.5511151231257827e-17,0.00054208762280630362,0.00022495721010676239
2024-05-29,-0.0044520170219910331,-0.0044625311301358167,0.00036417015976542011,0.0052570540723917425,0.010514108144783485,1.0514108144783486e-05,0.98055026512899324,0,0.019449734871006763,0.27252182121276786,0.24284735562769533,True,True,every-bars,1,dataset-start,dataset,mandate_constraint_override,constraint_repaired,True,60,0.095537092106920934,0.095137181752222466,0.095137181752222466,0.094483559464192679,0.14999999999999999,1,1,0.019586139573093783,False,False,True,0.0052570540723917425,0,0.00015268989959437495,2.7051843518455747e-05
2024-05-30,0.0065406848556783231,0.0063785043042137099,0.001107507164670692,0.081090275732306538,0.16218055146461308,0.00016218055146461307,1,-2.7755575615628914e-17,0,0.29999999999999999,0.2552634481576011,True,True,every-bars,1,dataset-start,dataset,rebalance_threshold_met,within_ceiling,True,60,0.094790326311791601,0.091677343544377538,0.091677343544377538,0.091677343544377538,0.14999999999999999,1,1,0.081090275732306538,True,False,False,0,2.7755575615628914e-17,0.001038499305112243,0.00021405009576438492
2024-05-31,0.0037358514687717082,0.0033586911851309644,8.8178517780331585e-05,0.18858014182037197,0.37716028364074394,0.00037716028364074395,1,-1.3877787807814457e-17,0,0.29999999999999999,0.22721557553724922,True,True,every-bars,1,dataset-start,dataset,rebalance_threshold_met,within_ceiling,True,60,0.091397944532229158,0.09467483476038667,0.09467483476038667,0.09467483476038667,0.14999999999999999,1,1,0.18858014182037197,True,False,False,0,1.3877787807814457e-17,0.00080976543440205951,0.00023392062589107734
2024-06-03,0.0023399536233208807,0.0023343963684688517,0.0014782828862823223,0.0027786274260146043,0.0055572548520292087,5.5572548520292085e-06,0.99440232799674733,2.7755575615628914e-17,0.0055976720032526739,0.29999999999999999,0.22536106151783611,True,True,every-bars,1,dataset-start,dataset,mandate_constraint_override,constraint_repaired,True,60,0.094303328183011736,0.094379440562086289,0.094379440562086289,0.09378157430829466,0.14999999999999999,1,1,0.0064756710544192977,False,False,True,0.0027786274260146043,2.7755575615628914e-17,2.2068630215051094e-05,4.3043244274373826e-06
2024-06-04,-0.0067402442239326739,-0.0067425787149552677,-0.00029000750875679548,0.0011672455112969743,0.0023344910225939486,2.3344910225939485e-06,0.98854244789598544,-8.3266726846886741e-17,0.011457552104014557,0.29860902475710799,0.22247346072359128,True,True,every-bars,1,dataset-start,dataset,mandate_constraint_override,constraint_repaired,True,60,0.092605547226838419,0.093471939656550276,0.093471939656550276,0.092373269459363541,0.14999999999999999,1,1,0.0068787533010860255,False,False,True,0.0011672455112969743,8.3266726846886741e-17,1.8578172101408246e-05,3.9948306752527689e-06
2024-06-05,0.0050312068829081449,0.0048741895535408409,-0.00089143367746865199,0.078508664683651933,0.15701732936730387,0.00015701732936730385,1,-5.5511151231257827e-17,0,0.29999999999999999,0.25644572076815453,True,True,every-bars,1,dataset-start,dataset,rebalance_threshold_met,within_ceiling,True,60,0.094413556709367852,0.10095434377785263,0.10095434377785263,0.10095434377785263,0.14999999999999999,1,1,0.078508664683651933,True,False,False,0,5.5511151231257827e-17,0.00022930779218400602,0.00010056322826144285
2024-06-06,-0.0027419895087748098,-0.0027469955293326315,0.0012857144702769405,0.0025030102789107972,0.0050060205578215944,5.0060205578215948e-06,0.99158326712580547,2.7755575615628914e-17,0.0084167328741945324,0.29734133706626931,0.25235308472121187,True,True,every-bars,1,dataset-start,dataset,mandate_constraint_override,constraint_repaired,True,60,0.10064581806381735,0.10069416451421379,0.10069416451421379,0.10017876764450921,0.14999999999999999,1,1,0.0062439648340391757,False,False,True,0.0025030102789107972,2.7755575615628914e-17,1.5475263927640464e-05,5.1155810490330732e-06
2024-06-07,-0.0069098866025370832,-0.0072975061273171504,0.00092083063754677674,0.19380976239003378,0.38761952478006756,0.00038761952478006756,1,0,0,0.28785601583615955,0.24042608122257522,True,True,every-bars,1,dataset-start,dataset,rebalance_threshold_met,within_ceiling,True,60,0.10028615097203258,0.089648791145597803,0.089648791145597803,0.089648791145597803,0.14999999999999999,1,1,0.19380976239003378,True,False,False,0,0,0.0010922748327076889,0.00034824478466576411
2024-06-10,0.0093068104157645586,0.0091755918770591149,0.0021865828062965038,0.06560926935272203,0.13121853870544406,0.00013121853870544405,1,-2.7755575615628914e-17,0,0.29999999999999999,0.24399207247858834,True,True,every-bars,1,dataset-start,dataset,rebalance_threshold_met,within_ceiling,True,60,0.090516804835435269,0.087758157530393371,0.087758157530393371,0.087758157530393371,0.14999999999999999,1,1,0.06560926935272203,True,False,False,0,2.7755575615628914e-17,0.00051100029817559246,0.00011042360261972946
2024-06-11,-0.005398346232607743,-0.006358659862208709,0.00056370535573424508,0.48015681480048311,0.96031362960096622,0.00096031362960096627,0.99999999999999989,2.7755575615628914e-17,1.1102230246251565e-16,0.27984778574084695,0.22570945741098161,True,True,every-bars,1,dataset-start,dataset,rebalance_threshold_met,within_ceiling,True,60,0.089842037656454737,0.090863185266297539,0.090863185266297539,0.090863185266297539,0.14999999999999999,1,1,0.48015681480048311,True,False,False,0,2.7755575615628914e-17,0.001883779532918724,0.00067524262867644624
2024-06-12,-0.0069342855319134977,-0.0075000352061471267,0.00089130939519542138,0.28287483711681438,0.56574967423362876,0.00056574967423362872,1,-5.5511151231257827e-17,0,0.29999999999999999,0.2551039987936492,True,True,every-bars,1,dataset-start,dataset,rebalance_threshold_met,within_ceiling,True,60,0.090996427241737218,0.097859114808431055,0.097859114808431055,0.097859114808431055,0.14999999999999999,1,1,0.28287483711681438,True,False,False,0,5.5511151231257827e-17,0.0016815356131669294,0.00061309223854754725
2024-06-13,0.003487689692079206,0.0022900985466938377,0.0012404478486110111,0.59879557269268413,1.1975911453853683,0.0011975911453853683,1,-5.5511151231257827e-17,0,0.29779914808932118,0.22051446872771502,True,True,every-bars,1,dataset-start,dataset,rebalance_threshold_met,within_ceiling,True,60,0.10114660502417555,0.091077912409781039,0.091077912409781039,0.091077912409781039,0.14999999999999999,1,1,0.59879557269268413,True,False,False,4.8572257327350599e-17,5.5511151231257827e-17,0.0029074547904242311,0.00097486005227663422
2024-06-14,-0.0050010356655169393,-0.0052101112370680396,0.00097303765023143418,0.10453778577555008,0.20907557155110015,0.00020907557155110018,1,0,0,0.29901090546297693,0.22166146409699974,True,True,every-bars,1,dataset-start,dataset,rebalance_threshold_met,within_ceiling,True,60,0.085935921613913904,0.084634965664367526,0.084634965664367526,0.084634965664367526,0.14999999999999999,1,1,0.10453778577555008,True,False,False,0,0,0.00081773560319428357,0.00024000870294779998
2024-06-17,-0.0035843226332502591,-0.0041716215688115382,0.001773894645088407,0.29364946778063938,0.58729893556127877,0.00058729893556127872,1,0,0,0.29999999999999999,0.26000000000000001,True,True,every-bars,1,dataset-start,dataset,rebalance_threshold_met,within_ceiling,True,60,0.086414042519400436,0.096412119252866538,0.096412119252866538,0.096412119252866538,0.14999999999999999,1,1,0.29364946778063938,True,False,False,0,0,0.0016319891327246999,0.00058690927514556881
2024-06-18,-0.016831895710870147,-0.017241859571378703,0.0024950800571540976,0.20498193025427858,0.40996386050855715,0.00040996386050855716,1,0,0,0.29999999999999999,0.26000000000000001,True,True,every-bars,1,dataset-start,dataset,rebalance_threshold_met,within_ceiling,True,60,0.097565943536815303,0.089223963400237846,0.089223963400237846,0.089223963400237846,0.14999999999999999,1,1,0.20498193025427858,True,False,False,0,0,0.00048934837913265107,0.00011658185873873849
2024-06-19,0.0001905193806872648,-0.00065936337241341992,-0.00041963994530539762,0.42494137655034236,0.84988275310068473,0.00084988275310068472,1,5.5511151231257827e-17,0,0.29999999999999999,0.22212414311068851,True,True,every-bars,1,dataset-start,dataset,rebalance_threshold_met,within_ceiling,True,60,0.09727754878623536,0.081405287459619405,0.081405287459619405,0.081405287459619405,0.14999999999999999,1,1,0.42494137655034236,True,False,False,0,5.5511151231257827e-17,0.0023732315735543125,0.0007234651463397158
2024-06-20,0.012875815011789629,0.012301618321856269,4.4680558296521006e-05,0.28709834496667969,0.57419668993335937,0.00057419668993335937,1,-2.7755575615628914e-17,0,0.29999999999999999,0.23703082119213914,True,True,every-bars,1,dataset-start,dataset,rebalance_threshold_met,within_ceiling,True,60,0.081885840523364978,0.083316734960074093,0.083316734960074093,0.083316734960074093,0.14999999999999999,1,1,0.28709834496667969,True,False,False,0,2.7755575615628914e-17,0.0012383440365509183,0.00054981283107775815
2024-06-21,0.0033437397775150711,0.0032304417932606092,0.0013894784937751124,0.056648992127230999,0.113297984254462,0.000113297984254462,1,5.5511151231257827e-17,0,0.25159160304858419,0.23113974736077325,True,True,every-bars,1,dataset-start,dataset,rebalance_threshold_met,within_ceiling,True,60,0.08392321200555522,0.089753256752874877,0.089753256752874877,0.089753256752874877,0.14999999999999999,1,1,0.056648992127230999,True,False,False,5.8980598183211441e-17,5.5511151231257827e-17,0.00037839262081605982,8.2925619074489029e-05
2024-06-24,0.0078474280782154359,0.007844095481773207,-0.000112029778152408,0.0016662982211144255,0.0033325964422288509,3.332596442228851e-06,0.99845198129898427,-2.7755575615628914e-17,0.0015480187010157298,0.25434580575436372,0.23065624080384173,True,True,every-bars,1,dataset-start,dataset,mandate_constraint_override,constraint_repaired,True,60,0.088332757380779947,0.089746529301143199,0.089746529301143199,0.08808752230054212,0.14999999999999999,1,1,0.02163454096989461,False,False,True,0.0016662982211144255,2.7755575615628914e-17,5.1558090461331382e-06,1.7000230893262159e-06
2024-06-25,-0.0071059766305108796,-0.0071137629559601383,0.00011415873559761391,0.0038931627246293794,0.0077863254492587589,7.786325449258759e-06,0.98208384165108276,0,0.017916158348917244,0.24946980153257239,0.22341652675182017,True,True,every-bars,1,dataset-start,dataset,mandate_constraint_override,constraint_repaired,True,60,0.088586674934749324,0.091499024349817493,0.091499024349817493,0.088002554885759948,0.14999999999999999,1,1,0.032944265301062384,False,False,True,0.0038931627246293794,0,1.7945348794217838e-05,6.19976480092807e-06
2024-06-26,0.011721976787598787,0.01134880190116771,-0.0014183982985614407,0.18658744321553825,0.37317488643107649,0.00037317488643107648,1,-5.5511151231257827e-17,0,0.26558515381398518,0.20567954385065562,True,True,every-bars,1,dataset-start,dataset,rebalance_threshold_met,within_ceiling,True,60,0.090385465431570208,0.092482177809650762,0.092482177809650762,0.092482177809650762,0.14999999999999999,1,1,0.18658744321553825,True,False,False,0,5.5511151231257827e-17,0.0039582158901900286,0.00096662154959581761
2024-06-27,-0.010679670599265114,-0.010937280764235141,0.00017172099319238444,0.12880508248501335,0.2576101649700267,0.0002576101649700267,0.99999999999999989,-5.5511151231257827e-17,1.1102230246251565e-16,0.29999999999999999,0.25630197571775604,True,True,every-bars,1,dataset-start,dataset,rebalance_threshold_met,within_ceiling,True,60,0.093936892632331168,0.10714177155372716,0.10714177155372716,0.10714177155372716,0.14999999999999999,1,1,0.12880508248501335,True,False,False,4.163336342344337e-17,0,0.0012670047049304343,0.00062456552160328259
2024-06-28,0.0091773472743515404,0.0091665523171653943,-0.00060578795969297872,0.005397478593073185,0.01079495718614637,1.0794957186146369e-05,0.99806882856004453,0,0.0019311714399554702,0.29850071664079436,0.25511591452985627,True,True,every-bars,1,dataset-start,dataset,mandate_constraint_override,constraint_repaired,True,60,0.11052255520050286,0.10935444387236889,0.10935444387236889,0.10905942277271055,0.14999999999999999,1,1,0.0056227505515637627,False,False,True,0.005397478593073185,0,0.00010998712266716414,2.0408938426700851e-05
2024-07-01,-0.0028921796740067843,-0.0029012735634991894,-0.0014497869413571671,0.0045469447462026108,0.0090938894924052216,9.0938894924052221e-06,0.97485083605134359,0,0.025149163948656406,0.28992898491213426,0.24331523525660714,True,True,every-bars,1,dataset-start,dataset,mandate_constraint_override,constraint_repaired,True,60,0.1090463764541753,0.11094193381610661,0.11094193381610661,0.10811733981989323,0.14999999999999999,1,1,0.0083900598919051522,False,False,True,0.0045469447462026108,0,4.1347434649280844e-05,1.1201056339631018e-05
2024-07-02,0.00068081244423498521,0.00017657091730223127,0.00031494910321046754,0.25212076346637702,0.50424152693275404,0.00050424152693275394,1,5.5511151231257827e-17,0,0.29999999999999999,0.23278072226512481,True,True,every-bars,1,dataset-start,dataset,rebalance_threshold_met,within_ceiling,True,60,0.10719149722388827,0.10294689094641317,0.10294689094641317,0.10294689094641317,0.14999999999999999,1,1,0.25212076346637702,True,False,False,0,5.5511151231257827e-17,0.0080258550688767447,0.0019700485201441771
2024-07-03,-0.0079166039288032265,-0.0081553322681753651,-0.00086504490485378471,0.11936416968606901,0.23872833937213803,0.00023872833937213804,1,0,0,0.29999999999999999,0.23647665893469544,True,True,every-bars,1,dataset-start,dataset,rebalance_threshold_met,within_ceiling,True,60,0.10237203427216714,0.10435233672861133,0.10435233672861133,0.10435233672861133,0.14999999999999999,1,1,0.11936416968606901,True,False,False,0,0,0.0025843006940246831,0.00064483033228996246
2024-07-04,0.0086852369716908743,0.0081701151277530377,-0.0010111380936656906,0.257560921968918,0.515121843937836,0.00051512184393783596,0.99999999999999989,-5.5511151231257827e-17,1.1102230246251565e-16,0.2775772631744991,0.20933958891204124,True,True,every-bars,1,dataset-start,dataset,rebalance_threshold_met,within_ceiling,True,60,0.104315705935748,0.098664598501469511,0.098664598501469511,0.098664598501469511,0.14999999999999999,1,1,0.257560921968918,True,False,False,0,5.5511151231257827e-17,0.006454365127288939,0.0015108075391700915
2024-07-05,-0.0026900562289325636,-0.0028928060012172632,-0.002154879969988921,0.10137488614234982,0.20274977228469965,0.00020274977228469963,1,-5.5511151231257827e-17,0,0.29999999999999999,0.21813348391596132,True,True,every-bars,1,dataset-start,dataset,rebalance_threshold_met,within_ceiling,True,60,0.099300944257308468,0.093582996288853817,0.093582996288853817,0.093582996288853817,0.14999999999999999,1,1,0.10137488614234982,True,False,False,0,5.5511151231257827e-17,0.00061078868090476944,0.00031395436911785599
2024-07-08,-0.0030328023658277629,-0.0039040374184002649,0.00078726153683914891,0.43561752628625111,0.87123505257250222,0.00087123505257250217,1,0,0,0.29999999999999999,0.25993989082386559,True,True,every-bars,1,dataset-start,dataset,rebalance_threshold_met,within_ceiling,True,60,0.093163273238759448,0.10526074853159009,0.10526074853159009,0.10526074853159009,0.14999999999999999,1,1,0.43561752628625111,True,False,False,0,0,0.0083234878148715288,0.0023788729132240443
2024-07-09,-0.0047383613983689784,-0.0052527404405493293,-0.00015044406728418691,0.25718952109017545,0.51437904218035091,0.00051437904218035082,1,-2.7755575615628914e-17,0,0.29999999999999999,0.23863149097041919,True,True,every-bars,1,dataset-start,dataset,rebalance_threshold_met,within_ceiling,True,60,0.10453728565319123,0.09628396840169326,0.09628396840169326,0.09628396840169326,0.14999999999999999,1,1,0.25718952109017545,True,False,False,0,2.7755575615628914e-17,0.0026255266413112211,0.0010728461279810061
2024-07-10,0.0057309601665086248,0.0055350348789157894,-0.00062546341849872822,0.097962643796417836,0.19592528759283567,0.00019592528759283567,0.99999999999999989,-1.1102230246251565e-16,1.1102230246251565e-16,0.29634606742812963,0.23736686781352054,True,True,every-bars,1,dataset-start,dataset,rebalance_threshold_met,within_ceiling,True,60,0.096681011657322555,0.09710107730239563,0.09710107730239563,0.09710107730239563,0.14999999999999999,1,1,0.097962643796417836,True,False,False,4.163336342344337e-17,0,0.0013257130200294395,0.00044777318078699084
2024-07-11,0.007622284986318153,0.0072052869646527691,-0.0023734989048125876,0.20849901083269193,0.41699802166538386,0.00041699802166538386,1,-8.3266726846886741e-17,0,0.29999999999999999,0.23952752497075225,True,True,every-bars,1,dataset-start,dataset,rebalance_threshold_met,within_ceiling,True,60,0.096021528313118221,0.099455902491550841,0.099455902491550841,0.099455902491550841,0.14999999999999999,1,1,0.20849901083269193,True,False,False,5.5511151231257827e-17,2.7755575615628914e-17,0.0014245520563479714,0.00068479280097376565
2024-07-12,0.0069742018155372456,0.0069666371902804497,-0.0025855125312918563,0.0037823126283980484,0.0075646252567960967,7.5646252567960963e-06,0.98242559223357084,2.7755575615628914e-17,0.017574407766429156,0.29580417870634562,0.23140239008371682,True,True,every-bars,1,dataset-start,dataset,mandate_constraint_override,constraint_repaired,True,60,0.094994070208852491,0.095949334621638641,0.095949334621638641,0.094214918271051606,0.14999999999999999,1,1,0.0055587838511328772,False,False,True,0.0037823126283980484,2.7755575615628914e-17,5.6962143870796279e-05,1.8285643917042772e-05
2024-07-15,-9.7980358492960259e-05,-0.00051065241725933548,-0.00096422199242844121,0.20633602938318762,0.41267205876637525,0.00041267205876637528,1,-5.5511151231257827e-17,0,0.29999999999999999,0.23185149781666906,True,True,every-bars,1,dataset-start,dataset,rebalance_threshold_met,within_ceiling,True,60,0.093550447994484212,0.091674718818785139,0.091674718818785139,0.091674718818785139,0.14999999999999999,1,1,0.20633602938318762,True,False,False,4.163336342344337e-17,2.7755575615628914e-17,0.0041013810456373189,0.0011588849643430438
2024-07-16,-0.00067109488241477028,-0.00088410630776843753,-0.00030207159958843066,0.10650571267683362,0.21301142535366724,0.00021301142535366723,1,5.5511151231257827e-17,0,0.29999999999999999,0.24080823242560953,True,True,every-bars,1,dataset-start,dataset,rebalance_threshold_met,within_ceiling,True,60,0.089666885145163008,0.094323483100991631,0.094323483100991631,0.094323483100991631,0.14999999999999999,1,1,0.10650571267683362,True,False,False,0,5.5511151231257827e-17,0.0028197915751206806,0.00091561724962637618
2024-07-17,0.0017789247413873444,0.0014984250423115577,-0.00034128904417155903,0.14024984953789332,0.28049969907578665,0.00028049969907578665,1,0,0,0.29999999999999999,0.26000000000000001,True,True,every-bars,1,dataset-start,dataset,rebalance_threshold_met,within_ceiling,True,60,0.094703927640188382,0.10342299764919001,0.10342299764919001,0.10342299764919001,0.14999999999999999,1,1,0.14024984953789332,True,False,False,0,0,0.0012405523833447008,0.00037322809956967154
2024-07-18,0.0059789281615176115,0.0056175341920989543,-0.0018066147903090986,0.18069698470932852,0.36139396941865704,0.000361393969418657,1,-5.5511151231257827e-17,0,0.29999999999999999,0.23494784233657193,True,True,every-bars,1,dataset-start,dataset,rebalance_threshold_met,within_ceiling,True,60,0.1022160290072182,0.086609497866388802,0.086609497866388802,0.086609497866388802,0.14999999999999999,1,1,0.18069698470932852,True,False,False,4.163336342344337e-17,2.7755575615628914e-17,0.0035823821018514637,0.00099851106723424844
2024-07-19,0.00047630170312792106,1.703987761886549e-05,-0.00034260536865375152,0.22963091275452777,0.45926182550905553,0.00045926182550905557,0.99999999999999989,-5.5511151231257827e-17,1.1102230246251565e-16,0.29999999999999999,0.23781163306653172,True,True,every-bars,1,dataset-start,dataset,rebalance_threshold_met,within_ceiling,True,60,0.086029195599336097,0.090792141496921969,0.090792141496921969,0.090792141496921969,0.14999999999999999,1,1,0.22963091275452777,True,False,False,4.163336342344337e-17,2.7755575615628914e-17,0.0045229250434272771,0.0015319939426446712
2024-07-22,0.0012931046208211946,0.00057073473219186046,-0.00021486500433722444,0.36118494431466708,0.72236988862933416,0.00072236988862933412,1,0,0,0.29999999999999999,0.21640880150755745,True,True,every-bars,1,dataset-start,dataset,rebalance_threshold_met,within_ceiling,True,60,0.090444223501012305,0.094527573679453011,0.094527573679453011,0.094527573679453011,0.14999999999999999,1,1,0.36118494431466708,True,False,False,0,0,0.0030074447771109756,0.001711531395948706
2024-07-23,-0.0031623974422878456,-0.0033682128491187052,-0.001209600230572057,0.10290770341542987,0.20581540683085975,0.00020581540683085975,0.99999999999999978,-1.1102230246251565e-16,2.2204460492503131e-16,0.29999999999999999,0.22145305883886013,True,True,every-bars,1,dataset-start,dataset,rebalance_threshold_met,within_ceiling,True,60,0.093081392360922499,0.08484000505881556,0.08484000505881556,0.08484000505881556,0.14999999999999999,1,1,0.10290770341542987,True,False,False,4.5102810375396984e-17,0,0.0012719162596519322,0.00042216288009733622
2024-07-24,0.0065371260338639792,0.0058091992132113567,-0.0014114045696274613,0.36396341032631119,0.72792682065262238,0.00072792682065262241,1.0000000000000002,8.3266726846886741e-17,-2.2204460492503131e-16,0.29999999999999999,0.21629322058959022,True,True,every-bars,1,dataset-start,dataset,rebalance_threshold_met,within_ceiling,True,60,0.08582371005980402,0.09856726810516768,0.09856726810516768,0.09856726810516768,0.14999999999999999,1,1,0.36396341032631119,True,False,False,4.8572257327350599e-17,4.163336342344337e-17,0.0028086811228208775,0.0013270304135248794
2024-07-25,0.0034085054359728126,0.0034020107664124132,-0.0012086619388470372,0.0032473347801996871,0.0064946695603993743,6.4946695603993739e-06,0.98501335573277971,1.3877787807814457e-17,0.014986644267220295,0.29649189324856062,0.20978713846787997,True,True,every-bars,1,dataset-start,dataset,mandate_constraint_override,constraint_repaired,True,60,0.09705998428050433,0.097184026040848109,0.097184026040848109,0.096398766701001171,0.14999999999999999,1,1,0.0099993351984106749,False,False,True,0.0032473347801996871,1.3877787807814457e-17,8.7246268944031743e-05,2.3840817196571214e-05
2024-07-26,2.6907474009199139e-05,-0.00060619119307967059,-0.00086055191129965247,0.31654933354443482,0.63309866708886964,0.00063309866708886973,0.99999999999999978,8.3266726846886741e-17,2.2204460492503131e-16,0.26096031256242347,0.19935092732031362,True,True,every-bars,1,dataset-start,dataset,rebalance_threshold_met,within_ceiling,True,60,0.096143658925784276,0.10399521422388194,0.10399521422388194,0.10399521422388194,0.14999999999999999,1,1,0.31654933354443482,True,False,False,4.8572257327350599e-17,1.3877787807814457e-17,0.0019556329793010249,0.0013658058052130495
2024-07-29,-0.0027499233414882002,-0.003218495213527421,0.00031360480747349984,0.23428593601961037,0.46857187203922074,0.00046857187203922077,1,5.5511151231257827e-17,0,0.29651534751262498,0.21203919811184851,True,True,every-bars,1,dataset-start,dataset,rebalance_threshold_met,within_ceiling,True,60,0.10189670647426587,0.096875085619410994,0.096875085619410994,0.096875085619410994,0.14999999999999999,1,1,0.23428593601961037,True,False,False,0,5.5511151231257827e-17,0.0025327850619560662,0.00079959761143167524
2024-07-30,0.0023762934721689105,0.0015310549017572882,0.0004301494976934881,0.42261928520581116,0.84523857041162231,0.00084523857041162223,1,-6.9388939039072284e-17,0,0.28886682641018618,0.21687948905599375,True,True,every-bars,1,dataset-start,dataset,rebalance_threshold_met,within_ceiling,True,60,0.097935126592956473,0.091161204827226838,0.091161204827226838,0.091161204827226838,0.14999999999999999,1,1,0.42261928520581116,True,False,False,4.5102810375396984e-17,1.3877787807814457e-17,0.0044709979093439699,0.0019551288390665189
2024-07-31,0.00068438171392837602,0.00046504272246655624,-0.00045557553378589022,0.10966949573090989,0.21933899146181979,0.00021933899146181978,0.99999999999999989,9.7144514654701197e-17,1.1102230246251565e-16,0.28967110510959804,0.22397438929489211,True,True,every-bars,1,dataset-start,dataset,rebalance_threshold_met,within_ceiling,True,60,0.089860816874790986,0.093173269163278366,0.093173269163278366,0.093173269163278366,0.14999999999999999,1,1,0.10966949573090989,True,False,False,4.8572257327350599e-17,2.7755575615628914e-17,0.0020703549254101942,0.00052549069777131847
2024-08-01,0.0041390781235083017,0.0039231395024205114,-0.00076090536424749966,0.10796931054389521,0.21593862108779041,0.0002159386210877904,1,2.7755575615628914e-17,0,0.29407583303739482,0.2253603942525923,True,True,every-bars,1,dataset-start,dataset,rebalance_threshold_met,within_ceiling,True,60,0.092673614802247367,0.086843149371765405,0.086843149371765405,0.086843149371765405,0.14999999999999999,1,1,0.10796931054389521,True,False,False,0,2.7755575615628914e-17,0.00095568289995632042,0.00033050666872146719
2024-08-02,-0.0044125369525573159,-0.004655780932787114,-0.0015754314312434088,0.12162199011489894,0.24324398022979787,0.00024324398022979789,1,0,0,0.29999999999999999,0.22754522165250865,True,True,every-bars,1,dataset-start,dataset,rebalance_threshold_met,within_ceiling,True,60,0.082999266387427009,0.093164650133818167,0.093164650133818167,0.093164650133818167,0.14999999999999999,1,1,0.12162199011489894,True,False,False,0,0,0.001885543741985244,0.00062216285512769023
2024-08-05,0.0011171127766942978,0.00071858863389201943,-0.00086308124600770197,0.19926207140113916,0.39852414280227832,0.00039852414280227834,1,5.5511151231257827e-17,0,0.29999999999999999,0.25793117196932008,True,True,every-bars,1,dataset-start,dataset,rebalance_threshold_met,within_ceiling,True,60,0.090784484460719517,0.098370766888677658,0.098370766888677658,0.098370766888677658,0.14999999999999999,1,1,0.19926207140113916,True,False,False,0,5.5511151231257827e-17,0.0015662120029533066,0.00081170157434867383
2024-08-06,-0.0041302218960188736,-0.004131337762247147,7.427752550119137e-05,0.00055793311413682156,0.0011158662282736431,1.1158662282736432e-06,0.99729281719478591,0,0.0027071828052140923,0.29901830679082542,0.2568755067202716,True,True,every-bars,1,dataset-start,dataset,mandate_constraint_override,constraint_repaired,True,60,0.098279973601921838,0.098489769987546466,0.098489769987546466,0.098178746697334771,0.14999999999999999,1,1,0.0055315993866058566,False,False,True,0.00055793311413682156,0,7.1837257140917585e-06,1.9717268834489363e-06
2024-08-07,0.006420996613231927,0.0060746557793338344,-0.0021469184562938519,0.17317041694904642,0.34634083389809284,0.00034634083389809282,1,0,0,0.28880645612287709,0.24212436734750911,True,True,every-bars,1,dataset-start,dataset,rebalance_threshold_met,within_ceiling,True,60,0.099410792436868095,0.085017494828973778,0.085017494828973778,0.085017494828973778,0.14999999999999999,1,1,0.17317041694904642,True,False,False,0,0,0.0046942614684359688,0.0010863100491421301
2024-08-08,-0.0023845681759353332,-0.0025634261174036694,-0.002984597142304128,0.089428970734168084,0.17885794146833617,0.00017885794146833619,1,2.7755575615628914e-17,0,0.29999999999999999,0.24495522001472178,True,True,every-bars,1,dataset-start,dataset,rebalance_threshold_met,within_ceiling,True,60,0.082146442771321077,0.087012410065490806,0.087012410065490806,0.087012410065490806,0.14999999999999999,1,1,0.089428970734168084,True,False,False,0,2.7755575615628914e-17,0.0024014550525924875,0.00059739790247800297
2024-08-09,0.0075037484201220649,0.0070719509297400571,-0.0021396557016913897,0.21589874519100394,0.43179749038200788,0.00043179749038200788,1,5.5511151231257827e-17,0,0.29999999999999999,0.24363143362393963,True,True,every-bars,1,dataset-start,dataset,rebalance_threshold_met,within_ceiling,True,60,0.085639930657643498,0.088717403836173298,0.088717403836173298,0.088717403836173298,0.14999999999999999,1,1,0.21589874519100394,True,False,False,4.163336342344337e-17,0,0.0051207745767865272,0.0012526766567074728
2024-08-12,0.00026712628185856634,5.4496828914472775e-05,-0.00054037855239489696,0.10631472647204679,0.21262945294409358,0.00021262945294409357,1,1.1102230246251565e-16,0,0.29999999999999999,0.23829735735195379,True,True,every-bars,1,dataset-start,dataset,rebalance_threshold_met,within_ceiling,True,60,0.088474423050299761,0.082489666487616978,0.082489666487616978,0.082489666487616978,0.14999999999999999,1,1,0.10631472647204679,True,False,False,5.5511151231257827e-17,0,0.0017550925829878708,0.00052629735124894888
2024-08-13,0.0051374757580225517,0.0045795901695690798,-0.00067546587302893158,0.2789427942267359,0.5578855884534718,0.00055788558845347187,1,0,0,0.29341692565797323,0.22093183851642209,True,True,every-bars,1,dataset-start,dataset,rebalance_threshold_met,within_ceiling,True,60,0.080825013491587203,0.092727029132327166,0.092727029132327166,0.092727029132327166,0.14999999999999999,1,1,0.2789427942267359,True,False,False,0,0,0.0037885662812348325,0.0016763451685050596
2024-08-14,0.0025652398589272041,0.0023409589564648303,-0.0010336032044254337,0.11214045123118686,0.22428090246237373,0.0002242809024623737,1,0,0,0.29999999999999999,0.26000000000000001,True,True,every-bars,1,dataset-start,dataset,rebalance_threshold_met,within_ceiling,True,60,0.092313118981000253,0.10100051758169015,0.10100051758169015,0.10100051758169015,0.14999999999999999,1,1,0.11214045123118686,True,False,False,0,0,0.0011436129270251056,0.00056795101239910163
2024-08-15,0.007357125786030318,0.0073520636512907928,-0.0015843247905661937,0.0025310673697627739,0.0050621347395255478,5.0621347395255476e-06,0.99607637031757323,0,0.0039236296824267658,0.29999999999999999,0.25831135103266917,True,True,every-bars,1,dataset-start,dataset,mandate_constraint_override,constraint_repaired,True,60,0.10063836539525521,0.10033063160665333,0.10033063160665333,0.10005965358350664,0.14999999999999999,1,1,0.0034512866260638236,False,False,True,0.0025310673697627739,0,2.1484318843465197e-05,6.7781942985826799e-06
2024-08-16,0.0062799646144981215,0.0060894351159144818,-0.0017792241646058344,0.095264749291819953,0.19052949858363991,0.00019052949858363989,1,0,0,0.29999999999999999,0.25853601728765796,True,True,every-bars,1,dataset-start,dataset,rebalance_threshold_met,within_ceiling,True,60,0.10004537940495795,0.094931435165645131,0.094931435165645131,0.094931435165645131,0.14999999999999999,1,1,0.095264749291819953,True,False,False,0,0,0.0015253791189182072,0.00045742917620725216
2024-08-19,0.0014572262883514406,0.0010680806877423404,-0.00084299838085309187,0.19457280030455015,0.38914560060910031,0.0003891456006091003,1,0,0,0.29999999999999999,0.23214461923539687,True,True,every-bars,1,dataset-start,dataset,rebalance_threshold_met,within_ceiling,True,60,0.094461857814236161,0.096947262571096537,0.096947262571096537,0.096947262571096537,0.14999999999999999,1,1,0.19457280030455015,True,False,False,0,0,0.0069494610371654813,0.0019668089018663655
2024-08-20,0.0036561111789045319,0.0031925132601459635,-0.0016006053036367041,0.23179895937928421,0.46359791875856843,0.00046359791875856846,1,5.5511151231257827e-17,0,0.29999999999999999,0.23759983447978758,True,True,every-bars,1,dataset-start,dataset,rebalance_threshold_met,within_ceiling,True,60,0.095508924393149508,0.099195670956240448,0.099195670956240448,0.099195670956240448,0.14999999999999999,1,1,0.23179895937928421,True,False,False,4.163336342344337e-17,0,0.0043309992390632894,0.0010663256470587713
2024-08-21,0.011674513809916111,0.011230047617905985,0.00013434745245664349,0.22223309600506289,0.44446619201012577,0.00044446619201012576,1,0,0,0.29999999999999999,0.23552388835534788,True,True,every-bars,1,dataset-start,dataset,rebalance_threshold_met,within_ceiling,True,60,0.096854086563107941,0.091289653369996102,0.091289653369996102,0.091289653369996102,0.14999999999999999,1,1,0.22223309600506289,True,False,False,0,0,0.0058243910066993927,0.0015921995195820563
2024-08-22,0.01112158255424095,0.010906784521110284,-0.0018767913907358027,0.10739901656533274,0.21479803313066548,0.00021479803313066546,1,0,0,0.29999999999999999,0.23495908938484619,True,True,every-bars,1,dataset-start,dataset,rebalance_threshold_met,within_ceiling,True,60,0.092381864967527705,0.091865584531887687,0.091865584531887687,0.091865584531887687,0.14999999999999999,1,1,0.10739901656533274,True,False,False,0,0,0.0014431077630866398,0.00038612132593798072
2024-08-23,-0.0038412917634444957,-0.0038522910168934687,-0.0023918398930006433,0.0054996267244865893,0.010999253448973179,1.0999253448973178e-05,0.97268606026713933,0,0.02731393973286067,0.2921174766280068,0.2216311350057471,True,True,every-bars,1,dataset-start,dataset,mandate_constraint_override,constraint_repaired,True,60,0.092371313358329876,0.094065007977347209,0.094065007977347209,0.091150866020196578,0.14999999999999999,1,1,0.012986745788256523,False,False,True,0.0054996267244865893,0,2.1482060338344722e-05,5.5334819016753122e-06
2024-08-26,0.010147237212174892,0.010143381107990204,-0.0019904571304050029,0.0019280520923440694,0.0038561041846881389,3.856104184688139e-06,0.97077856613706981,0,0.029221433862930191,0.29050633112734703,0.2203293568763724,True,True,every-bars,1,dataset-start,dataset,mandate_constraint_override,constraint_repaired,True,60,0.090484254193520491,0.093068491458066935,0.093068491458066935,0.090191450185175687,0.14999999999999999,1,1,0.014522336830914532,False,False,True,0.0019280520923440694,0,3.9470254428084341e-05,7.7617231780906238e-06
2024-08-27,0.0039417302689698092,0.003931684963851538,-0.00090090125990956648,0.0050226525591355597,0.010045305118271119,1.0045305118271119e-05,0.94521197126416989,0,0.054788028735830108,0.2862311153442153,0.20850672638929524,True,True,every-bars,1,dataset-start,dataset,mandate_constraint_override,constraint_repaired,True,60,0.090006570768039945,0.094139725552956161,0.094139725552956161,0.088890838815493853,0.14999999999999999,1,1,0.024261666601462083,False,False,True,0.0050226525591355597,0,1.3435395433363985e-05,3.5943044989428684e-06
2024-08-28,-0.00089604692553498281,-0.00089997317956958076,-0.0014397694577771107,0.0019631270172989629,0.0039262540345979258,3.9262540345979256e-06,0.9350307666506783,5.5511151231257827e-17,0.064969233349321698,0.28254369372311983,0.20419284671084525,True,True,every-bars,1,dataset-start,dataset,mandate_constraint_override,constraint_repaired,True,60,0.088243684072928957,0.093786858239455789,0.093786858239455789,0.087810033781632435,0.14999999999999999,1,1,0.030855930531089409,False,False,True,0.0019631270172989629,5.5511151231257827e-17,5.8767178428464258e-06,1.9058258770517927e-06
2024-08-29,0.010052706025105338,0.0098640270198141946,-0.0010664873329199747,0.094339502645571671,0.18867900529114334,0.00018867900529114334,1,0,0,0.29999999999999999,0.25761452818180552,True,True,every-bars,1,dataset-start,dataset,rebalance_threshold_met,within_ceiling,True,60,0.08689163094006401,0.096774999384875243,0.096774999384875243,0.096774999384875243,0.14999999999999999,1,1,0.094339502645571671,True,False,False,0,0,0.00035838207702766243,0.00017343177097029494
2024-08-30,0.0068384993502489085,0.0065011996932203475,-0.0027930199205277169,0.16864982851428043,0.33729965702856085,0.00033729965702856084,1,-1.6653345369377348e-16,0,0.28688865920116274,0.23620922844050773,True,True,every-bars,1,dataset-start,dataset,rebalance_threshold_met,within_ceiling,True,60,0.097128465711926584,0.085672571633392855,0.085672571633392855,0.085672571633392855,0.14999999999999999,1,1,0.16864982851428043,True,False,False,9.7144514654701197e-17,5.5511151231257827e-17,0.00045703727251773503,0.00015670856481562071
2024-09-02,0.004155042567048196,0.003940786942617857,-0.0028284574388066455,0.10712781221516932,0.21425562443033863,0.00021425562443033863,0.99999999999999989,8.3266726846886741e-17,1.1102230246251565e-16,0.29123276776336265,0.23312703992198625,True,True,every-bars,1,dataset-start,dataset,rebalance_threshold_met,within_ceiling,True,60,0.084679852871018133,0.087379362449970258,0.087379362449970258,0.087379362449970258,0.14999999999999999,1,1,0.10712781221516932,True,False,False,4.8572257327350599e-17,0,0.00068202384707401523,0.00017600451757318028
2024-09-03,0.00017709897347367769,-7.3841778015872484e-05,-0.00084305229410049521,0.1254703757447751,0.2509407514895502,0.00025094075148955017,0.99999999999999989,0,1.1102230246251565e-16,0.2875409119723597,0.2334594321541813,True,True,every-bars,1,dataset-start,dataset,rebalance_threshold_met,within_ceiling,True,60,0.084090770975718765,0.094319068100512604,0.094319068100512604,0.094319068100512604,0.14999999999999999,1,1,0.1254703757447751,True,False,False,0,0,0.00058176497681929041,0.00014968991742226605
2024-09-04,0.0087643412277332612,0.0085137287895527165,0.00076941553937563256,0.1253062190902727,0.2506124381805454,0.00025061243818054544,1,2.7755575615628914e-17,0,0.28647347884386298,0.23206149055841968,True,True,every-bars,1,dataset-start,dataset,rebalance_threshold_met,within_ceiling,True,60,0.094886555557388966,0.084576772466338018,0.084576772466338018,0.084576772466338018,0.14999999999999999,1,1,0.1253062190902727,True,False,False,0,2.7755575615628914e-17,0.0007355336868056497,0.0001462508597328456
2024-09-05,-0.0019085346409788879,-0.0020347123171160966,-0.00099954510599450019,0.063088838068604186,0.12617767613720837,0.00012617767613720839,1,-8.3266726846886741e-17,0,0.29999999999999999,0.25752965132251843,True,True,every-bars,1,dataset-start,dataset,rebalance_threshold_met,within_ceiling,True,60,0.082484609087824082,0.085119381578317638,0.085119381578317638,0.085119381578317638,0.14999999999999999,1,1,0.063088838068604186,True,False,False,5.5511151231257827e-17,2.7755575615628914e-17,0.00040926260527668557,9.9233183455503234e-05
2024-09-06,-0.0042752026651377431,-0.0042771148492483368,-0.00070319065989105079,0.00095609205529698094,0.0019121841105939619,1.9121841105939618e-06,0.99538752406091779,2.7755575615628914e-17,0.0046124759390822057,0.29774251103142829,0.25479598387807445,True,True,every-bars,1,dataset-start,dataset,mandate_constraint_override,constraint_repaired,True,60,0.085567700907958941,0.086155959902739401,0.086155959902739401,0.085393143791736945,0.14999999999999999,1,1,0.0089555590349884584,False,False,True,0.00095609205529698094,2.7755575615628914e-17,5.8210941447183085e-06,1.8895124621755622e-06
2024-09-09,0.0010059645825109982,0.00078244530700987758,0.00066313912419248668,0.11175963775056032,0.22351927550112063,0.00022351927550112065,1,0,0,0.29999999999999999,0.26000000000000001,True,True,every-bars,1,dataset-start,dataset,rebalance_threshold_met,within_ceiling,True,60,0.086493644793155855,0.083128722013587106,0.083128722013587106,0.083128722013587106,0.14999999999999999,1,1,0.11175963775056032,True,False,False,0,0,0.00097298254198932392,0.00021837720355142567
2024-09-10,0.0024926677587082226,0.0022899153095024992,-0.0023875537341105178,0.10137622460286179,0.20275244920572358,0.00020275244920572359,1,0,0,0.29999999999999999,0.26000000000000001,True,True,every-bars,1,dataset-start,dataset,rebalance_threshold_met,within_ceiling,True,60,0.082768081777994773,0.084772716826267649,0.084772716826267649,0.084772716826267649,0.14999999999999999,1,1,0.10137622460286179,True,False,False,0,0,0.00076957782329859273,0.00020057712443112349
2024-09-11,-0.0048671816337355596,-0.0052078006234843382,-0.0010546276771679075,0.17030949487438946,0.34061898974877891,0.00034061898974877892,1,-5.5511151231257827e-17,0,0.29999999999999999,0.23994781837414464,True,True,every-bars,1,dataset-start,dataset,rebalance_threshold_met,within_ceiling,True,60,0.083886915571586104,0.086767074625940216,0.086767074625940216,0.086767074625940216,0.14999999999999999,1,1,0.17030949487438946,True,False,False,4.163336342344337e-17,5.5511151231257827e-17,0.0012977537346597549,0.00028924915182124139
2024-09-12,0.015329918945511634,0.015223901136221303,-0.0018745390153166452,0.05300890464516568,0.10601780929033136,0.00010601780929033135,1,0,0,0.29999999999999999,0.26000000000000001,True,True,every-bars,1,dataset-start,dataset,rebalance_threshold_met,within_ceiling,True,60,0.086696705838866558,0.090758286818086079,0.090758286818086079,0.090758286818086079,0.14999999999999999,1,1,0.05300890464516568,True,False,False,0,0,0.00032627056346098108,6.946526384835694e-05
2024-09-13,0.00092204066985450677,0.00071417602108079993,-0.0017101036211313498,0.1039323243868534,0.20786464877370681,0.00020786464877370681,1,0,0,0.29999999999999999,0.26000000000000001,True,True,every-bars,1,dataset-start,dataset,rebalance_threshold_met,within_ceiling,True,60,0.093169100434755014,0.099384792763335866,0.099384792763335866,0.099384792763335866,0.14999999999999999,1,1,0.1039323243868534,True,False,False,0,0,0.00025445669081959073,9.2010025511051112e-05
2024-09-16,-0.0046983561335231273,-0.0052515358442798317,-0.00067126244178172768,0.27658985537835218,0.55317971075670436,0.00055317971075670436,1,0,0,0.29999999999999999,0.23673088302719483,True,True,every-bars,1,dataset-start,dataset,rebalance_threshold_met,within_ceiling,True,60,0.098913098779014899,0.096166543793730769,0.096166543793730769,0.096166543793730769,0.14999999999999999,1,1,0.27658985537835218,True,False,False,0,0,0.0017554164579767328,0.00055556889445936659
2024-09-17,-0.0046931846850186334,-0.0047027204343570899,-0.00044273638584034058,0.004767874669228421,0.009535749338456842,9.5357493384568422e-06,0.99423758231363968,-2.7755575615628914e-17,0.0057624176863603216,0.29999999999999999,0.23447674801568638,True,True,every-bars,1,dataset-start,dataset,mandate_constraint_override,constraint_repaired,True,60,0.09739648999198483,0.096585439176659321,0.096585439176659321,0.096499958398674909,0.14999999999999999,1,1,0.008785406967099306,False,False,True,0.004767874669228421,2.7755575615628914e-17,4.1205119607216068e-05,1.0316894397156827e-05
2024-09-18,0.0053021054330257642,0.0047181282592056719,-0.0030290122491471068,0.29198858691004609,0.58397717382009218,0.00058397717382009217,1,6.2450045135165055e-17,0,0.28152292769804732,0.21807475755141198,True,True,every-bars,1,dataset-start,dataset,rebalance_threshold_met,within_ceiling,True,60,0.096191062015265921,0.086270813008494707,0.086270813008494707,0.086270813008494707,0.14999999999999999,1,1,0.29198858691004609,True,False,False,4.8572257327350599e-17,6.2450045135165055e-17,0.0013413342121502958,0.00058143818338470574
2024-09-19,0.0020167223662034151,0.0016016575835932096,-0.0019286392037349089,0.20753239130510281,0.41506478261020563,0.00041506478261020563,1,5.5511151231257827e-17,0,0.29999999999999999,0.24075306490209583,True,True,every-bars,1,dataset-start,dataset,rebalance_threshold_met,within_ceiling,True,60,0.085229973902135811,0.094876874272369807,0.094876874272369807,0.094876874272369807,0.14999999999999999,1,1,0.20753239130510281,True,False,False,0,5.5511151231257827e-17,0.00070044624843632497,0.00027310817281468502
2024-09-20,0.0025110762806585382,0.002509063617275595,-0.00075061741423646834,0.0010063316914716292,0.0020126633829432583,2.0126633829432582e-06,0.99556417117316687,0,0.0044358288268331325,0.29957109662312953,0.23834715361657705,True,True,every-bars,1,dataset-start,dataset,mandate_constraint_override,constraint_repaired,True,60,0.090506071607810976,0.090614153792570498,0.090614153792570498,0.090336577814120592,0.14999999999999999,1,1,0.0066308516747693828,False,False,True,0.0010063316914716292,0,4.3852283427835458e-06,1.4813719006664091e-06
2024-09-23,0.0085139725479838457,0.0085114677614133317,-0.00083262487869193748,0.0012523932852566318,0.0025047865705132635,2.5047865705132633e-06,0.98435784069425558,5.5511151231257827e-17,0.015642159305744419,0.2907186298428866,0.23181719141059959,True,True,every-bars,1,dataset-start,dataset,mandate_constraint_override,constraint_repaired,True,60,0.089508743700028079,0.090449715356476265,0.090449715356476265,0.089297763863533552,0.14999999999999999,1,1,0.011457085353879373,False,False,True,0.0012523932852566318,5.5511151231257827e-17,3.7674522251556103e-06,1.1817179933994e-06
2024-09-24,-0.00077358076526356633,-0.00078202286203142124,-0.00094970031061109017,0.0042210483839274435,0.0084420967678548869,8.4420967678548865e-06,0.96796580146430489,5.5511151231257827e-17,0.032034198535695113,0.28740618892822395,0.2248439819928057,True,True,every-bars,1,dataset-start,dataset,mandate_constraint_override,constraint_repaired,True,60,0.089813028168580875,0.091783245531116692,0.091783245531116692,0.089073464811045486,0.14999999999999999,1,1,0.031413099918327476,False,False,True,0.0042210483839274435,5.5511151231257827e-17,1.7980064191219201e-05,5.9796629293992704e-06
2024-09-25,0.0062620428513581357,0.0060162228725346434,-0.0017399895398929241,0.122909989411746,0.24581997882349199,0.00024581997882349203,1,0,0,0.29999999999999999,0.23509764615436585,True,True,every-bars,1,dataset-start,dataset,rebalance_threshold_met,within_ceiling,True,60,0.088694745731879701,0.09585307341267732,0.09585307341267732,0.09585307341267732,0.14999999999999999,1,1,0.122909989411746,True,False,False,0,0,0.00099176012926979838,0.00029340220727941976
2024-09-26,0.0083497380563375481,0.0083435149826403491,-0.0011661285462308086,0.0031115368485995776,0.0062230736971991552,6.2230736971991548e-06,0.98431963960393898,0,0.015680360396061022,0.29242686955400093,0.22737748959404946,True,True,every-bars,1,dataset-start,dataset,mandate_constraint_override,constraint_repaired,True,60,0.094213426163300862,0.095711676871802528,0.095711676871802528,0.093659581367479205,0.14999999999999999,1,1,0.0080624702415897503,False,False,True,0.0031115368485995776,0,1.7263976537496087e-05,5.0952146395394806e-06
2024-09-27,0.015155287715910837,0.014716038510600259,-0.00074033442774412792,0.2196246026552891,0.43924920531057821,0.00043924920531057817,0.99999999999999989,-4.163336342344337e-17,1.1102230246251565e-16,0.29999999999999999,0.23407425407027238,True,True,every-bars,1,dataset-start,dataset,rebalance_threshold_met,within_ceiling,True,60,0.090919834892194823,0.099759229791786724,0.099759229791786724,0.099759229791786724,0.14999999999999999,1,1,0.2196246026552891,True,False,False,0,4.163336342344337e-17,0.00049386849234444327,0.00019756132958842539
2024-09-30,-0.0030631665442531035,-0.0032840166849125957,0.00026118528367324845,0.11042507032974609,0.22085014065949218,0.00022085014065949217,1,6.9388939039072284e-18,0,0.29999999999999999,0.24502355644124033,True,True,every-bars,1,dataset-start,dataset,rebalance_threshold_met,within_ceiling,True,60,0.10200122202738461,0.10657287523675965,0.10657287523675965,0.10657287523675965,0.14999999999999999,1,1,0.11042507032974609,True,False,False,0,6.9388939039072284e-18,0.00062593860325695842,0.00019264363751093284
2024-10-01,-0.0018079090621142156,-0.0020123550149967187,-0.00051780608843686026,0.1022229764412515,0.204445952882503,0.00020444595288250298,1,0,0,0.29999999999999999,0.24475974167535383,True,True,every-bars,1,dataset-start,dataset,rebalance_threshold_met,within_ceiling,True,60,0.10749538856175124,0.10517433159088395,0.10517433159088395,0.10517433159088395,0.14999999999999999,1,1,0.1022229764412515,True,False,False,0,0,0.00042056729828561078,0.00013167006478071464
2024-10-02,-0.00010632906066288103,-0.00071971467512431408,-0.00086080095283593483,0.30669280723071657,0.61338561446143314,0.00061338561446143305,1,1.1102230246251565e-16,0,0.29045173095509519,0.2356304709496877,True,True,every-bars,1,dataset-start,dataset,rebalance_threshold_met,within_ceiling,True,60,0.10377882986532858,0.089865301989781141,0.089865301989781141,0.089865301989781141,0.14999999999999999,1,1,0.30669280723071657,True,False,False,4.8572257327350599e-17,2.7755575615628914e-17,0.0010603193375843163,0.00035113019273564256
2024-10-03,0.0045863096527092792,0.0040960456002541966,-0.0021328073859520993,0.24513202622754107,0.49026405245508214,0.00049026405245508218,1,-1.1102230246251565e-16,0,0.29999999999999999,0.25785156962238687,True,True,every-bars,1,dataset-start,dataset,rebalance_threshold_met,within_ceiling,True,60,0.088406830429311314,0.099235397981874113,0.099235397981874113,0.099235397981874113,0.14999999999999999,1,1,0.24513202622754107,True,False,False,5.5511151231257827e-17,0,0.00061072715496175462,0.00021615511360537231
2024-10-04,0.0052054093678736701,0.0048667421636978455,0.00018256555698116864,0.16933360208791245,0.33866720417582491,0.00033866720417582492,1,2.7755575615628914e-17,0,0.28856663961169254,0.23520917993435794,True,True,every-bars,1,dataset-start,dataset,rebalance_threshold_met,within_ceiling,True,60,0.099283465255463596,0.093012086183049097,0.093012086183049097,0.093012086183049097,0.14999999999999999,1,1,0.16933360208791245,True,False,False,0,2.7755575615628914e-17,0.00065901698176254724,0.00016573791816451932
2024-10-07,0.0013541016964559865,0.0013489232430579422,0.00010029355177730136,0.0025892266990221909,0.0051784533980443817,5.1784533980443813e-06,0.99263072141696229,0,0.0073692785830377083,0.28974206452783974,0.23213625599508614,True,True,every-bars,1,dataset-start,dataset,mandate_constraint_override,constraint_repaired,True,60,0.092491172334103422,0.093797255653852246,0.093797255653852246,0.092030215132673093,0.14999999999999999,1,1,0.024406708655599518,False,False,True,0.0025892266990221909,0,1.0284284492044397e-05,2.3950832153752207e-06
2024-10-08,0.0040613223511266104,0.0040599700805420474,-0.0025931999581169096,0.00067613529228166894,0.0013522705845633379,1.3522705845633379e-06,0.99467650206693148,-2.7755575615628914e-17,0.0053234979330685217,0.29123207949286867,0.23313352663251849,True,True,every-bars,1,dataset-start,dataset,mandate_constraint_override,constraint_repaired,True,60,0.089681798527417617,0.091043416606820485,0.091043416606820485,0.089566027995694589,0.14999999999999999,1,1,0.031836676069438921,False,False,True,0.00067613529228166894,2.7755575615628914e-17,2.2156462905827959e-06,6.2036704081755112e-07
2024-10-09,-0.010843015638154253,-0.01107097026743236,-0.0007505048822118443,0.11397731463905396,0.22795462927810792,0.00022795462927810791,1,0,0,0.29999999999999999,0.24172132400026203,True,True,every-bars,1,dataset-start,dataset,rebalance_threshold_met,within_ceiling,True,60,0.086081204570613565,0.087869668737708226,0.087869668737708226,0.087869668737708226,0.14999999999999999,1,1,0.11397731463905396,True,False,False,0,0,0.00060612285236856815,0.00019426533686843397
2024-10-10,0.0041619237999074559,0.0035798405658629441,0.00055694713794376006,0.29104161702225589,0.58208323404451179,0.0005820832340445118,1,-5.5511151231257827e-17,0,0.29422958020558593,0.22198851709061129,True,True,every-bars,1,dataset-start,dataset,rebalance_threshold_met,within_ceiling,True,60,0.091967231092504292,0.090105173041338138,0.090105173041338138,0.090105173041338138,0.14999999999999999,1,1,0.29104161702225589,True,False,False,0,5.5511151231257827e-17,0.00091673180733537753,0.00038953539999677045
2024-10-11,-0.012572378397897703,-0.013013112414375689,-0.0010625069623199828,0.2203670082389925,0.44073401647798499,0.00044073401647798496,1,0,0,0.29964540809652329,0.23819698275443557,True,True,every-bars,1,dataset-start,dataset,rebalance_threshold_met,within_ceiling,True,60,0.090333675784048925,0.10197413564894543,0.10197413564894543,0.10197413564894543,0.14999999999999999,1,1,0.2203670082389925,True,False,False,0,0,0.00050922735819515443,0.00025225827487133435
2024-10-14,-0.0029543330219594143,-0.003305333861524571,-0.0010113775057137286,0.17550041978257844,0.35100083956515687,0.00035100083956515689,0.99999999999999989,0,1.1102230246251565e-16,0.28043511362516377,0.21235119506623756,True,True,every-bars,1,dataset-start,dataset,rebalance_threshold_met,within_ceiling,True,60,0.10649295213750443,0.10240284770233973,0.10240284770233973,0.10240284770233973,0.14999999999999999,1,1,0.17550041978257844,True,False,False,0,0,0.00096879194046150705,0.00026651287998496765
2024-10-15,-0.0022392407610266818,-0.0024725985733916101,0.00094562309580831228,0.1166789061824641,0.2333578123649282,0.00023335781236492821,1,5.5511151231257827e-17,0,0.27248381704625452,0.21146243986457761,True,True,every-bars,1,dataset-start,dataset,rebalance_threshold_met,within_ceiling,True,60,0.10215397239514519,0.10357131560188861,0.10357131560188861,0.10357131560188861,0.14999999999999999,1,1,0.1166789061824641,True,False,False,0,5.5511151231257827e-17,0.00044964476448510512,0.00015601010742238015
2024-10-16,9.9485010184807276e-05,-0.00028493461043140993,-0.0012975107223873921,0.1922098103081086,0.38441962061621721,0.00038441962061621721,1,0,0,0.29999999999999999,0.26000000000000001,True,True,every-bars,1,dataset-start,dataset,rebalance_threshold_met,within_ceiling,True,60,0.10381949616411086,0.11197965898218537,0.11197965898218537,0.11197965898218537,0.14999999999999999,1,1,0.1922098103081086,True,False,False,0,0,0.0013704785364311576,0.00038410356870731459
2024-10-17,-0.0012971576533942911,-0.0023140350174799826,-0.0014797692753426572,0.5084386820428457,1.0168773640856914,0.0010168773640856913,1,0,0,0.29699187584602749,0.25715565412320485,True,True,every-bars,1,dataset-start,dataset,rebalance_threshold_met,within_ceiling,True,60,0.10990303957391724,0.099789512498432986,0.099789512498432986,0.099789512498432986,0.14999999999999999,1,1,0.5084386820428457,True,False,False,0,0,0.0039178691399788194,0.0010086689365915629
2024-10-18,0.003035542473160879,0.0021910260422432588,0.0011336840356133506,0.42225821545881015,0.8445164309176203,0.00084451643091762029,1,-5.5511151231257827e-17,0,0.26341587870057814,0.20447860709494825,True,True,every-bars,1,dataset-start,dataset,rebalance_threshold_met,within_ceiling,True,60,0.098630768777978592,0.088589190628353812,0.088589190628353812,0.088589190628353812,0.14999999999999999,1,1,0.42225821545881015,True,False,False,0,5.5511151231257827e-17,0.0012099586704641312,0.00070278526783770616
2024-10-21,-0.0052642723922557526,-0.0058802347958388113,-0.0018566164229777229,0.30798120179152932,0.61596240358305865,0.00061596240358305864,1,0,0,0.29999999999999999,0.26000000000000001,True,True,every-bars,1,dataset-start,dataset,rebalance_threshold_met,within_ceiling,True,60,0.088971598107869365,0.088616628166060529,0.088616628166060529,0.088616628166060529,0.14999999999999999,1,1,0.30798120179152932,True,False,False,0,0,0.0032610758552484567,0.00075091134337187569
2024-10-22,0.0039765111332068816,0.0030855440915295179,-0.001271864473457951,0.44548352083868192,0.89096704167736385,0.00089096704167736381,1,0,0,0.29999999999999999,0.22615448422777881,True,True,every-bars,1,dataset-start,dataset,rebalance_threshold_met,within_ceiling,True,60,0.087466720228011663,0.089715819615045267,0.089715819615045267,0.089715819615045267,0.14999999999999999,1,1,0.44548352083868192,True,False,False,0,0,0.0053868726722144464,0.002330681343012691
2024-10-23,0.0035525046746352328,0.0035485439135127259,-0.0015452099581304188,0.0019803805612535683,0.0039607611225071365,3.9607611225071369e-06,0.98891757412138281,2.7755575615628914e-17,0.011082425878617186,0.29639793229515371,0.22060771816062147,True,True,every-bars,1,dataset-start,dataset,mandate_constraint_override,constraint_repaired,True,60,0.088250067326296366,0.0888652547491183,0.0888652547491183,0.087870912810180127,0.14999999999999999,1,1,0.0049243268295116674,False,False,True,0.0019803805612535683,2.7755575615628914e-17,8.0151878179307307e-05,1.6767180042914433e-05
2024-10-24,0.0084369242853397693,0.0079997087379827022,-0.0003695119333802508,0.21860777367853335,0.43721554735706669,0.00043721554735706665,1,0,0,0.29999999999999999,0.24598152135936766,True,True,every-bars,1,dataset-start,dataset,rebalance_threshold_met,within_ceiling,True,60,0.087337877288590299,0.096479680362619349,0.096479680362619349,0.096479680362619349,0.14999999999999999,1,1,0.21860777367853335,True,False,False,0,0,0.002947677330607999,0.0011284103521757699
2024-10-25,-0.0003218085255212071,-0.00056999120952648617,-0.00036525026424951302,0.12409134200263956,0.24818268400527912,0.00024818268400527912,1,0,0,0.29999999999999999,0.23962062052305397,True,True,every-bars,1,dataset-start,dataset,rebalance_threshold_met,within_ceiling,True,60,0.096476592426602586,0.094523092269699766,0.094523092269699766,0.094523092269699766,0.14999999999999999,1,1,0.12409134200263956,True,False,False,0,0,0.0023718222685507749,0.00063914054358086094
2024-10-28,0.0028456999560025533,0.0026038830111329084,-0.0017371497923694594,0.12090847243482257,0.24181694486964514,0.00024181694486964512,1,0,0,0.29999999999999999,0.23708124502963282,True,True,every-bars,1,dataset-start,dataset,rebalance_threshold_met,within_ceiling,True,60,0.094398548273523564,0.092326460537174235,0.092326460537174235,0.092326460537174235,0.14999999999999999,1,1,0.12090847243482257,True,False,False,0,0,0.0015157276270016404,0.00047684927216773296
2024-10-29,0.0027940970790926705,0.0027912594541657978,0.001392068315103097,0.0014188124634364439,0.0028376249268728879,2.8376249268728879e-06,0.99373612390048027,2.7755575615628914e-17,0.0062638760995197273,0.29820049558433687,0.23465685162867977,True,True,every-bars,1,dataset-start,dataset,mandate_constraint_override,constraint_repaired,True,60,0.092035484334989856,0.092331543851779635,0.092331543851779635,0.091788654920320928,0.14999999999999999,1,1,0.0020160954747951952,False,False,True,0.0014188124634364439,2.7755575615628914e-17,2.6037542389142231e-05,7.4847125255494992e-06
2024-10-30,-0.0076092161517116157,-0.0076120024635648979,0.00054188943731651572,0.0013931559266410175,0.002786311853282035,2.7863118532820349e-06,0.99070053834501071,2.7755575615628914e-17,0.0092994616549892939,0.29771462510450281,0.23398706489989946,True,True,every-bars,1,dataset-start,dataset,mandate_constraint_override,constraint_repaired,True,60,0.092114107229004594,0.092389599633964883,0.092389599633964883,0.091869243942574813,0.14999999999999999,1,1,0.0097128588883025821,False,False,True,0.0013931559266410175,2.7755575615628914e-17,1.1268279795834692e-05,4.5644323559076361e-06
2024-10-31,0.0035565006326358107,0.0031527074984891877,-0.0015774071018390865,0.20189656707331138,0.40379313414662277,0.00040379313414662279,1,-5.5511151231257827e-17,0,0.28776617745233363,0.2358546459017265,True,True,every-bars,1,dataset-start,dataset,rebalance_threshold_met,within_ceiling,True,60,0.092523109146447485,0.091393604276197402,0.091393604276197402,0.091393604276197402,0.14999999999999999,1,1,0.20189656707331138,True,False,False,0,5.5511151231257827e-17,0.0040012027431921195,0.0014524806524286768
2024-11-01,-0.0028960011072246576,-0.0030854043133420831,0.0006724038771103542,0.094701603058712697,0.18940320611742539,0.00018940320611742539,1,0,0,0.29999999999999999,0.23769054652553051,True,True,every-bars,1,dataset-start,dataset,rebalance_threshold_met,within_ceiling,True,60,0.091056223492931604,0.094470568181478393,0.094470568181478393,0.094470568181478393,0.14999999999999999,1,1,0.094701603058712697,True,False,False,0,0,0.001245242377560905,0.00027393114255930463
2024-11-04,0.0055084067139210243,0.0055055023016325963,0.001307978576085278,0.001452206144213819,0.002904412288427638,2.9044122884276379e-06,0.99671696857487646,-5.5511151231257827e-17,0.0032830314251235393,0.29653568175966383,0.23560744255076529,True,True,every-bars,1,dataset-start,dataset,mandate_constraint_override,constraint_repaired,True,60,0.093651867676544209,0.093917275507501313,0.093917275507501313,0.093363074768336204,0.14999999999999999,1,1,0.0097322988606725266,False,False,True,0.001452206144213819,5.5511151231257827e-17,3.2577437977005022e-05,5.8022857210635475e-06
2024-11-05,-0.0079199940212876796,-0.0082954684763112355,-0.00035319761069581724,0.18773722751177768,0.37547445502355536,0.00037547445502355539,1,0,0,0.29999999999999999,0.26000000000000001,True,True,every-bars,1,dataset-start,dataset,rebalance_threshold_met,within_ceiling,True,60,0.093103047074513043,0.097828689016717305,0.097828689016717305,0.097828689016717305,0.14999999999999999,1,1,0.18773722751177768,True,False,False,0,0,0.0078472400072490314,0.0018065458312813861
2024-11-06,0.00023089224549507339,-0.00037078312799631793,-0.00015631007367516991,0.30083768674569566,0.60167537349139133,0.00060167537349139133,1,0,0,0.29999999999999999,0.26000000000000001,True,True,every-bars,1,dataset-start,dataset,rebalance_threshold_met,within_ceiling,True,60,0.09918840734200142,0.087769266723836586,0.087769266723836586,0.087769266723836586,0.14999999999999999,1,1,0.30083768674569566,True,False,False,0,0,0.0089014220910947472,0.0022785351838195294
2024-11-07,-0.0023804377249682547,-0.0031812861398828537,-0.00097842720573752383,0.40042420745729945,0.80084841491459891,0.00080084841491459894,1,0,0,0.29999999999999999,0.26000000000000001,True,True,every-bars,1,dataset-start,dataset,rebalance_threshold_met,within_ceiling,True,60,0.086940233685812093,0.089653168028656569,0.089653168028656569,0.089653168028656569,0.14999999999999999,1,1,0.40042420745729945,True,False,False,0,0,0.0077512702181821384,0.002056936467056274
2024-11-08,-0.010725258518170407,-0.011459650627034502,-0.00076099158070685969,0.36719605443204778,0.73439210886409556,0.00073439210886409563,1,-5.5511151231257827e-17,0,0.29999999999999999,0.23926108947455624,True,True,every-bars,1,dataset-start,dataset,rebalance_threshold_met,within_ceiling,True,60,0.089357478385877223,0.092409285724843887,0.092409285724843887,0.092409285724843887,0.14999999999999999,1,1,0.36719605443204778,True,False,False,0,5.5511151231257827e-17,0.0051331900876588656,0.0021501941559992498
2024-11-11,0.004846212282737925,0.0038647615081933129,6.9709154394988378e-05,0.49072538727230602,0.98145077454461205,0.00098145077454461207,1,-2.7755575615628914e-17,0,0.28358879699451034,0.23450694935041708,True,True,every-bars,1,dataset-start,dataset,rebalance_threshold_met,within_ceiling,True,60,0.094918075556481046,0.093414614989268951,0.093414614989268951,0.093414614989268951,0.14999999999999999,1,1,0.49072538727230602,True,False,False,0,2.7755575615628914e-17,0.0041058990577008672,0.0018641213007119038
2024-11-12,0.00700418202757562,0.0066819103234768478,0.0015448443006366903,0.16113585204938591,0.32227170409877182,0.00032227170409877186,1,-8.3266726846886741e-17,0,0.29780912111282237,0.25676961859849545,True,True,every-bars,1,dataset-start,dataset,rebalance_threshold_met,within_ceiling,True,60,0.092808914423121822,0.1016800019008228,0.1016800019008228,0.1016800019008228,0.14999999999999999,1,1,0.16113585204938591,True,False,False,4.163336342344337e-17,0,0.0020911205461460777,0.00058058335939295547
2024-11-13,0.001825716984587682,0.0018187615199008595,0.00020561548799589535,0.0034777323434113105,0.0069554646868226211,6.9554646868226212e-06,0.989293376952044,0,0.010706623047955999,0.2938958644297997,0.25114640006297134,True,True,every-bars,1,dataset-start,dataset,mandate_constraint_override,constraint_repaired,True,60,0.10166254593068115,0.10208265445638852,0.10208265445638852,0.10098387625230508,0.14999999999999999,1,1,0.01174445392142337,False,False,True,0.0034777323434113105,0,0.00011893768190390609,2.3094784487440211e-05
2024-11-14,0.002245952628422638,0.0020402387870291157,0.0006893055853434138,0.10285692069676111,0.20571384139352222,0.00020571384139352221,1,0,0,0.29999999999999999,0.25758871340454376,True,True,every-bars,1,dataset-start,dataset,rebalance_threshold_met,within_ceiling,True,60,0.098160586119875062,0.098532171507194691,0.098532171507194691,0.098532171507194691,0.14999999999999999,1,1,0.10285692069676111,True,False,False,0,0,0.0012412975273484741,0.00036923408733798973
2024-11-15,0.018554041572348315,0.018348419798033273,0.0012748484379048923,0.10281088715752168,0.20562177431504336,0.00020562177431504339,1,1.1102230246251565e-16,0,0.28903578588977485,0.25435214568921338,True,True,every-bars,1,dataset-start,dataset,rebalance_threshold_met,within_ceiling,True,60,0.098182723732517185,0.097991452295081119,0.097991452295081119,0.097991452295081119,0.14999999999999999,1,1,0.10281088715752168,True,False,False,4.163336342344337e-17,2.7755575615628914e-17,0.0034967277810745967,0.00073657616388383355
2024-11-18,-0.0065769162736993257,-0.0067394974530401285,-0.00044682629778197746,0.081290589670401286,0.16258117934080257,0.00016258117934080256,1,0,0,0.29999999999999999,0.25918693765963197,True,True,every-bars,1,dataset-start,dataset,rebalance_threshold_met,within_ceiling,True,60,0.10270916365280913,0.10834215097298956,0.10834215097298956,0.10834215097298956,0.14999999999999999,1,1,0.081290589670401286,True,False,False,0,0,0.0011904880368636161,0.00033460893695650649
2024-11-19,-0.00011631959487258753,-0.0006707979601702674,-7.843402923751714e-05,0.27723918264883995,0.55447836529767991,0.00055447836529767987,1,0,0,0.29667427305402194,0.23383556567621472,True,True,every-bars,1,dataset-start,dataset,rebalance_threshold_met,within_ceiling,True,60,0.10430440460175774,0.098703057895197746,0.098703057895197746,0.098703057895197746,0.14999999999999999,1,1,0.27723918264883995,True,False,False,0,0,0.0053798177977022518,0.0019670062201483933
2024-11-20,0.0063899921617703893,0.0058680964281743282,-0.0011977510116822163,0.26094786679803061,0.52189573359606123,0.00052189573359606115,1,5.5511151231257827e-17,0,0.28068211879308202,0.21354502858601226,True,True,every-bars,1,dataset-start,dataset,rebalance_threshold_met,within_ceiling,True,60,0.097758617819649465,0.097941251933619369,0.097941251933619369,0.097941251933619369,0.14999999999999999,1,1,0.26094786679803061,True,False,False,0,5.5511151231257827e-17,0.002206761505194495,0.0011560738188732694
2024-11-21,0.0023839729442964464,0.0023776235248750108,0.0017781863478094997,0.0031747097107178504,0.0063494194214357008,6.3494194214357008e-06,0.98780894884272641,-5.5511151231257827e-17,0.012191051157273591,0.28062357603744381,0.20868858734407941,True,True,every-bars,1,dataset-start,dataset,mandate_constraint_override,constraint_repaired,True,60,0.097980907955559859,0.097913958421920744,0.097913958421920744,0.097271285623278428,0.14999999999999999,1,1,0.010432309043195143,False,False,True,0.0031747097107178504,5.5511151231257827e-17,5.2728227248500929e-05,1.4545800091464654e-05
2024-11-22,0.0013649208635022839,0.0010999103751111682,0.0018483794061604306,0.13250524419555793,0.26501048839111585,0.00026501048839111584,1,0,0,0.29999999999999999,0.26000000000000001,True,True,every-bars,1,dataset-start,dataset,rebalance_threshold_met,within_ceiling,True,60,0.095205960666621389,0.10536913299944443,0.10536913299944443,0.10536913299944443,0.14999999999999999,1,1,0.13250524419555793,True,False,False,0,0,0.0029232190957748042,0.0009376431462433777
2024-11-25,0.002918709801655373,0.0027073249718102808,-0.00065029023338118263,0.10569241492254612,0.21138482984509224,0.00021138482984509225,1,0,0,0.29999999999999999,0.26000000000000001,True,True,every-bars,1,dataset-start,dataset,rebalance_threshold_met,within_ceiling,True,60,0.10511967528538975,0.10411638843899708,0.10411638843899708,0.10411638843899708,0.14999999999999999,1,1,0.10569241492254612,True,False,False,0,0,0.0028243287236160018,0.00077009029799070207
2024-11-26,0.000113659344103542,0.00011074912837705244,0.00053036156291865399,0.0014551078632447784,0.0029102157264895567,2.9102157264895569e-06,0.99598192550120812,0,0.0040180744987918793,0.29825399281954551,0.2575915729954063,True,True,every-bars,1,dataset-start,dataset,mandate_constraint_override,constraint_repaired,True,60,0.10223177389913354,0.10235234888429998,0.10235234888429998,0.10190294276793702,0.14999999999999999,1,1,0.0017516132460009964,False,False,True,0.0014551078632447784,0,1.8238675468115642e-05,4.2066631013555266e-06
2024-11-27,-0.0072593073578695114,-0.0076249116319660132,0.00018012206594704904,0.18280213704825102,0.36560427409650204,0.00036560427409650201,1,-5.5511151231257827e-17,0,0.29999999999999999,0.23895880844244366,True,True,every-bars,1,dataset-start,dataset,rebalance_threshold_met,within_ceiling,True,60,0.10162035120762233,0.095793488836965535,0.095793488836965535,0.095793488836965535,0.14999999999999999,1,1,0.18280213704825102,True,False,False,0,5.5511151231257827e-17,0.0065129842034937066,0.0015165683844946428
2024-11-28,-0.0029930363337721784,-0.0033622362311444987,0.0018563035856199819,0.18459994868616011,0.36919989737232023,0.00036919989737232024,1,-5.5511151231257827e-17,0,0.29999999999999999,0.24228929603483246,True,True,every-bars,1,dataset-start,dataset,rebalance_threshold_met,within_ceiling,True,60,0.097023325725560383,0.09282900942439605,0.09282900942439605,0.09282900942439605,0.14999999999999999,1,1,0.18459994868616011,True,False,False,0,5.5511151231257827e-17,0.003341667843001917,0.00081930698791625402
2024-11-29,-0.0021110592875230837,-0.0021141454106766646,-0.00013279399033305729,0.0015430615767903916,0.0030861231535807832,3.086123153580783e-06,1,5.5511151231257827e-17,0,0.29989996772214073,0.24188365344999846,True,True,every-bars,1,dataset-start,dataset,mandate_constraint_override,constraint_repaired,True,60,0.092614832039303305,0.09186506273740136,0.09186506273740136,0.092277240371075098,0.14999999999999999,1,1,0.0069763704406905665,False,False,True,0.0015430615767903916,1.1102230246251565e-16,4.3199282333951476e-05,7.4992817228179542e-06
2024-12-02,0.0022575032207822598,0.0013612038779121935,0.0014107454107209296,0.44814967143503315,0.8962993428700663,0.00089629934287006636,1,0,0,0.29999999999999999,0.24537241742471769,True,True,every-bars,1,dataset-start,dataset,rebalance_threshold_met,within_ceiling,True,60,0.091874343845038439,0.093866151301599088,0.093866151301599088,0.093866151301599088,0.14999999999999999,1,1,0.44814967143503315,True,False,False,0,0,0.0053991787261695708,0.0020876359358647368
2024-12-03,0.0082031795065122468,0.0074049902693125178,-0.00032156823231395924,0.39909461859986461,0.79818923719972923,0.00079818923719972919,1,-9.0205620750793969e-17,0,0.25442845122651697,0.20908427425264081,True,True,every-bars,1,dataset-start,dataset,rebalance_threshold_met,within_ceiling,True,60,0.094020853274142904,0.085603007953049176,0.085603007953049176,0.085603007953049176,0.14999999999999999,1,1,0.39909461859986461,True,False,False,9.3675067702747583e-17,7.6327832942979512e-17,0.0063926756317182944,0.0025016264447737615
2024-12-04,0.003062786399233298,0.0027438749146569377,0.00014059445637530166,0.15945574228818013,0.31891148457636026,0.00031891148457636028,1,-5.5511151231257827e-17,0,0.29999999999999999,0.25984177342682158,True,True,every-bars,1,dataset-start,dataset,rebalance_threshold_met,within_ceiling,True,60,0.086410965780261279,0.10098860351333518,0.10098860351333518,0.10098860351333518,0.14999999999999999,1,1,0.15945574228818013,True,False,False,0,5.5511151231257827e-17,0.0022576015282540136,0.0008006892048996857
2024-12-05,0.00091074691173570488,0.00031179717652737773,-8.5609214557598847e-05,0.29947486760416359,0.59894973520832717,0.00059894973520832715,1,0,0,0.29999999999999999,0.26000000000000001,True,True,every-bars,1,dataset-start,dataset,rebalance_threshold_met,within_ceiling,True,60,0.1009403241529494,0.10124010089795105,0.10124010089795105,0.10124010089795105,0.14999999999999999,1,1,0.29947486760416359,True,False,False,0,0,0.0056648962504588264,0.0017740314323359437
2024-12-06,0.0031063162394696893,0.00310540632126315,0.0026995074393354837,0.0004549591032695921,0.0009099182065391842,9.0991820653918416e-07,0.99801135766695726,0,0.001988642333042745,0.29982011542379711,0.2588171803539408,True,True,every-bars,1,dataset-start,dataset,mandate_constraint_override,constraint_repaired,True,60,0.097619124986436281,0.097722024141447594,0.097722024141447594,0.097528335589429249,0.14999999999999999,1,1,0.0016904831205440951,False,False,True,0.0004549591032695921,0,6.6446634832752212e-06,2.1973946600318159e-06
2024-12-09,0.0050434654834793056,0.0050379734039715622,0.0008865813533655933,0.002746039753871804,0.005492079507743608,5.4920795077436083e-06,0.99396147916081545,2.7755575615628914e-17,0.0060385208391845469,0.29999999999999999,0.25713128062024798,True,True,every-bars,1,dataset-start,dataset,mandate_constraint_override,constraint_repaired,True,60,0.097021724387851144,0.096842464277882914,0.096842464277882914,0.096460544896948677,0.14999999999999999,1,1,0.0060709371194259121,False,False,True,0.002746039753871804,2.7755575615628914e-17,6.7061049475945653e-05,1.8683788887365545e-05
2024-12-10,0.011027820227938422,0.010843701508938824,0.0011031315656018044,0.092059359499799404,0.18411871899959881,0.00018411871899959881,1,5.5511151231257827e-17,0,0.29999999999999999,0.2582143208787035,True,True,every-bars,1,dataset-start,dataset,rebalance_threshold_met,within_ceiling,True,60,0.096439798257105677,0.099017648245083981,0.099017648245083981,0.099017648245083981,0.14999999999999999,1,1,0.092059359499799404,True,False,False,0,5.5511151231257827e-17,0.0014941614908799794,0.00036633003638819584
2024-12-11,-0.0053880936982448578,-0.0056772931669200992,0.00071832313099569811,0.14459973433762072,0.28919946867524143,0.00028919946867524143,1,0,0,0.28877879165794729,0.23522612086298184,True,True,every-bars,1,dataset-start,dataset,rebalance_threshold_met,within_ceiling,True,60,0.10014097154729233,0.10294762453841833,0.10294762453841833,0.10294762453841833,0.14999999999999999,1,1,0.14459973433762072,True,False,False,0,0,0.0021072332654957049,0.00052645384558066774
2024-12-12,-0.0072568082974205587,-0.0077629288217485829,0.0015112383846116642,0.25306026216401228,0.50612052432802457,0.00050612052432802456,0.99999999999999989,6.2450045135165055e-17,1.1102230246251565e-16,0.29999999999999999,0.24199732835577462,True,True,every-bars,1,dataset-start,dataset,rebalance_threshold_met,within_ceiling,True,60,0.10127471795807959,0.090960651678756541,0.090960651678756541,0.090960651678756541,0.14999999999999999,1,1,0.25306026216401228,True,False,False,5.5511151231257827e-17,4.8572257327350599e-17,0.0022169851384809067,0.0010698457386000969
2024-12-13,0.012539516405637073,0.012531110126497264,-0.0004827257891161776,0.0042031395699048159,0.0084062791398096318,8.4062791398096323e-06,0.99931506308647688,-1.3877787807814457e-17,0.00068493691352311536,0.29999999999999999,0.24213588168074077,True,True,every-bars,1,dataset-start,dataset,mandate_constraint_override,constraint_repaired,True,60,0.093012402026930036,0.091667360446983023,0.091667360446983023,0.092289022019824085,0.14999999999999999,1,1,0.0091993672510940726,False,False,True,0.0042031395699048159,1.3877787807814457e-17,8.0884777155676042e-05,2.2451958971375971e-05
2024-12-16,-0.0095703360578482805,-0.0095827202820711038,-5.1513709245091036e-05,0.0061921121114119487,0.012384224222823897,1.2384224222823897e-05,0.9724633502153851,-7.6327832942979512e-17,0.027536649784614897,0.28965589766661637,0.2278847390527832,True,True,every-bars,1,dataset-start,dataset,mandate_constraint_override,constraint_repaired,True,60,0.087960083826220711,0.087597687725405618,0.087597687725405618,0.08678805485710292,0.14999999999999999,1,1,0.018210076943117631,False,False,True,0.0061921121114119487,7.6327832942979512e-17,0.00023847211251452321,4.6640338954226314e-05
2024-12-17,-0.0019437574802201765,-0.0024190149000512737,0.0027505131115990547,0.23762870991554846,0.47525741983109693,0.00047525741983109695,1,0,0,0.29999999999999999,0.26000000000000001,True,True,every-bars,1,dataset-start,dataset,rebalance_threshold_met,within_ceiling,True,60,0.090568017957411581,0.089982582803345534,0.089982582803345534,0.089982582803345534,0.14999999999999999,1,1,0.23762870991554846,True,False,False,0,0,0.0024091035401718397,0.0012282814298296748
2024-12-18,-0.006659650266379968,-0.0070635946676885723,-0.0014362939652728572,0.20197220065430194,0.40394440130860387,0.00040394440130860385,1,0,0,0.29999999999999999,0.26000000000000001,True,True,every-bars,1,dataset-start,dataset,rebalance_threshold_met,within_ceiling,True,60,0.089322466722508126,0.086676831348270533,0.086676831348270533,0.086676831348270533,0.14999999999999999,1,1,0.20197220065430194,True,False,False,0,0,0.0026599492442310351,0.00066964348154050987
2024-12-19,-0.015046875819002596,-0.016072969871203727,-0.00042754438507382653,0.5130470261005653,1.0260940522011306,0.0010260940522011308,1,0,0,0.29999999999999999,0.25796334310227054,True,True,every-bars,1,dataset-start,dataset,rebalance_threshold_met,within_ceiling,True,60,0.086840298708074942,0.097563001679741995,0.097563001679741995,0.097563001679741995,0.14999999999999999,1,1,0.5130470261005653,True,False,False,0,0,0.0032077865722712827,0.0010008181624004818
2024-12-20,-0.00032867455721183412,-0.0016211798929805633,0.0039260263635273827,0.64625266788436464,1.2925053357687293,0.0012925053357687292,1,5.5511151231257827e-17,0,0.29999999999999999,0.22963115887063484,True,True,every-bars,1,dataset-start,dataset,rebalance_threshold_met,within_ceiling,True,60,0.10141715317023903,0.0788652247020456,0.0788652247020456,0.0788652247020456,0.14999999999999999,1,1,0.64625266788436464,True,False,False,0,5.5511151231257827e-17,0.0033970817429891846,0.0011364457569252165
2024-12-23,-0.010925945936460079,-0.011804829363177836,0.00047000419285873462,0.43944171335887888,0.87888342671775777,0.00087888342671775771,1,0,0,0.29999999999999999,0.26000000000000001,True,True,every-bars,1,dataset-start,dataset,rebalance_threshold_met,within_ceiling,True,60,0.075213971186999712,0.10263432147639059,0.10263432147639059,0.10263432147639059,0.14999999999999999,1,1,0.43944171335887888,True,False,False,0,0,0.0016962888783014164,0.00069675304856168911
2024-12-24,0.0024472818957573528,0.0019503955794619404,0.00018300314846079568,0.24844315814770618,0.49688631629541236,0.00049688631629541237,1,-2.7755575615628914e-17,0,0.29999999999999999,0.23718752323529027,True,True,every-bars,1,dataset-start,dataset,rebalance_threshold_met,within_ceiling,True,60,0.1068366373023875,0.085056214730731508,0.085056214730731508,0.085056214730731508,0.14999999999999999,1,1,0.24844315814770618,True,False,False,0,2.7755575615628914e-17,0.0011374032313405879,0.0003169286817594073
2024-12-25,-0.0042479719119054831,-0.0050764064030447611,0.0031735152940723377,0.41421724556963907,0.82843449113927814,0.00082843449113927808,1,5.5511151231257827e-17,0,0.29999999999999999,0.23095497757917582,True,True,every-bars,1,dataset-start,dataset,rebalance_threshold_met,within_ceiling,True,60,0.084270594774401492,0.10992657637686988,0.10992657637686988,0.10992657637686988,0.14999999999999999,1,1,0.41421724556963907,True,False,False,0,5.5511151231257827e-17,0.0014128868543528505,0.00047278589177412116
2024-12-26,0.0012972526791605763,0.00044487181635293166,0.0012252768119476731,0.42619043140382235,0.85238086280764469,0.00085238086280764469,1,5.5511151231257827e-17,0,0.28254392390655292,0.23006958089521962,True,True,every-bars,1,dataset-start,dataset,rebalance_threshold_met,within_ceiling,True,60,0.11020265706557178,0.087742038104609205,0.087742038104609205,0.087742038104609205,0.14999999999999999,1,1,0.42619043140382235,True,False,False,0,5.5511151231257827e-17,0.0062160802892124514,0.0013072044936510696
2024-12-27,0.0059830226793081377,0.0050896569104370215,0.0027875524413269832,0.44668288443555809,0.89336576887111618,0.0008933657688711161,1,1.1102230246251565e-16,0,0.29999999999999999,0.23227999238531361,True,True,every-bars,1,dataset-start,dataset,rebalance_threshold_met,within_ceiling,True,60,0.088086028695439536,0.09472899896047661,0.09472899896047661,0.09472899896047661,0.14999999999999999,1,1,0.44668288443555809,True,False,False,6.2450045135165055e-17,0,0.0015995070273762423,0.00054429540154223802
2024-12-30,0.0037764532446405473,0.0037705058056237604,-0.00072695916577501319,0.0029737195083934416,0.0059474390167868832,5.9474390167868835e-06,0.99045157793819749,5.5511151231257827e-17,0.0095484220618025084,0.29457286758516205,0.227392340973706,True,True,every-bars,1,dataset-start,dataset,mandate_constraint_override,constraint_repaired,True,60,0.094212242666641466,0.096156167464773359,0.096156167464773359,0.093751185382122404,0.14999999999999999,1,1,0.020625640263021917,False,False,True,0.0029737195083934416,5.5511151231257827e-17,1.9543475399876267e-05,6.2296283651354049e-06
2024-12-31,0.011176173664865795,0.011026718189526613,0.0027691449974355424,0.074727737669591288,0.14945547533918258,0.00014945547533918256,1,0,0,0.29999999999999999,0.26000000000000001,True,True,every-bars,1,dataset-start,dataset,rebalance_threshold_met,within_ceiling,True,60,0.092493935535227279,0.09614896341549789,0.09614896341549789,0.09614896341549789,0.14999999999999999,1,1,0.074727737669591288,True,False,False,0,0,0.00056997963229067476,0.00014170499903533353
2025-01-01,0.0055529187043377266,0.005541866056979196,0.00038223440842612578,0.0055263236792651715,0.011052647358530343,1.1052647358530342e-05,0.97868498306630769,0,0.02131501693369231,0.29399647784192495,0.24874530022269514,True,True,every-bars,1,dataset-start,dataset,mandate_constraint_override,constraint_repaired,True,60,0.096675767575690852,0.10122777448638881,0.10122777448638881,0.09570022792125292,0.14999999999999999,1,1,0.046790811034736035,False,False,True,0.0055263236792651715,0,4.4556728977301773e-05,1.0979223127437207e-05
2025-01-02,-0.00010523700053149178,-0.00011075925460787863,-7.3823068786875272e-05,0.0027611270381934228,0.0055222540763868455,5.5222540763868454e-06,0.96370603654677334,0,0.036293963453226663,0.28756880713986949,0.24070602561832219,True,True,every-bars,1,dataset-start,dataset,mandate_constraint_override,constraint_repaired,True,60,0.094830765332698394,0.097879594398840128,0.097879594398840128,0.094347163585442206,0.14999999999999999,1,1,0.015385854688419937,False,False,True,0.0027611270381934228,0,2.9629021665351368e-05,6.712872884459933e-06
2025-01-03,0.0010154133562409458,0.0005869844853069058,0.00058875117887870676,0.21421443546701993,0.42842887093403986,0.00042842887093403991,1,0,0,0.29999999999999999,0.26000000000000001,True,True,every-bars,1,dataset-start,dataset,rebalance_threshold_met,within_ceiling,True,60,0.094106223002016917,0.08450189590653015,0.08450189590653015,0.08450189590653015,0.14999999999999999,1,1,0.21421443546701993,True,False,False,0,0,0.0013436702910396272,0.00042473266898310186
2025-01-06,-0.011488318975331273,-0.011491995861326286,0.001709198229775351,0.0018384429975061428,0.0036768859950122856,3.6768859950122858e-06,0.9986531633958361,0,0.0013468366041639035,0.29999999999999999,0.25909088596265634,True,True,every-bars,1,dataset-start,dataset,mandate_constraint_override,constraint_repaired,True,60,0.08401681253667484,0.083884880605751014,0.083884880605751014,0.083730863028877764,0.14999999999999999,1,1,0.0029227122645313075,False,False,True,0.0018384429975061428,0,1.440127312871718e-05,2.9703008420085966e-06
2025-01-07,0.0046582119180328917,0.0046351679607762684,-0.00058733862087591748,0.011521978628311488,0.023043957256622977,2.3043957256622977e-05,0.99607511693645456,0,0.0039248830635454368,0.29999999999999999,0.2575713791024492,True,True,every-bars,1,dataset-start,dataset,mandate_constraint_override,constraint_repaired,True,60,0.090173012166015282,0.08826252084330842,0.08826252084330842,0.087774284087910867,0.14999999999999999,1,1,0.011521978628311488,False,False,True,0.011521978628311488,0,5.3417342589105176e-05,1.5720949466535472e-05
2025-01-08,0.003690452748236101,0.0033929883326524256,0.0035587574153851387,0.14873220779183768,0.29746441558367537,0.00029746441558367538,1,0,0,0.29999999999999999,0.24414146453911501,True,True,every-bars,1,dataset-start,dataset,rebalance_threshold_met,within_ceiling,True,60,0.087212987406158543,0.094687258726797771,0.094687258726797771,0.094687258726797771,0.14999999999999999,1,1,0.14873220779183768,True,False,False,0,0,0.0010131091032011855,0.0002054106572764348
2025-01-09,-0.0071186145762641238,-0.0071263483758268837,0.0010294688396483283,0.0038668997813799365,0.007733799562759873,7.7337995627598735e-06,0.99915587793154792,0,0.00084412206845208004,0.29999999999999999,0.24316827141172384,True,True,every-bars,1,dataset-start,dataset,mandate_constraint_override,constraint_repaired,True,60,0.095082528720419224,0.093528433588956919,0.093528433588956919,0.094408086356759818,0.14999999999999999,1,1,0.010395037533510967,False,False,True,0.0038668997813799365,0,3.9653685854814275e-05,9.7019184698957037e-06
2025-01-10,0.0047196799299063907,0.0041084245950860129,0.0023754766737154962,0.30562766741018887,0.61125533482037775,0.0006112553348203777,1,0,0,0.29999999999999999,0.23690290247726931,True,True,every-bars,1,dataset-start,dataset,rebalance_threshold_met,within_ceiling,True,60,0.096258591305621283,0.093639280426067756,0.093639280426067756,0.093639280426067756,0.14999999999999999,1,1,0.30562766741018887,True,False,False,0,0,0.00081333918327626607,0.0004576755626949083
2025-01-13,0.00095577037484182066,0.00063971640040014059,-1.1259850437280068e-05,0.15802698722084008,0.31605397444168015,0.00031605397444168013,1,-5.5511151231257827e-17,0,0.29999999999999999,0.22141915760274597,True,True,every-bars,1,dataset-start,dataset,rebalance_threshold_met,within_ceiling,True,60,0.093281393823789763,0.087040714378440409,0.087040714378440409,0.087040714378440409,0.14999999999999999,1,1,0.15802698722084008,True,False,False,0,5.5511151231257827e-17,0.0011621479647241262,0.00026733447021816257
2025-01-14,0.0016826682763838696,0.0012508072662123044,-0.00073918192764614154,0.21593050508578263,0.43186101017156525,0.00043186101017156521,1,2.7755575615628914e-17,0,0.29999999999999999,0.24651240226113719,True,True,every-bars,1,dataset-start,dataset,rebalance_threshold_met,within_ceiling,True,60,0.084253405405936496,0.082069576665103505,0.082069576665103505,0.082069576665103505,0.14999999999999999,1,1,0.21593050508578263,True,False,False,0,2.7755575615628914e-17,0.00049502787975380766,0.00019347740279133954
2025-01-15,0.0020070787748122324,0.001314583094296354,0.0024843756984112191,0.34624784025793931,0.69249568051587862,0.00069249568051587857,1,0,0,0.29999999999999999,0.26000000000000001,True,True,every-bars,1,dataset-start,dataset,rebalance_threshold_met,within_ceiling,True,60,0.079905544496782471,0.097074459353461401,0.097074459353461401,0.097074459353461401,0.14999999999999999,1,1,0.34624784025793931,True,False,False,0,0,0.0044212998741159663,0.0010705457325809577
2025-01-16,0.0064399792806016576,0.0060944681116550633,0.00044768196043702246,0.17275558447329703,0.34551116894659406,0.00034551116894659408,1,-2.7755575615628914e-17,0,0.29999999999999999,0.24152539423174518,True,True,every-bars,1,dataset-start,dataset,rebalance_threshold_met,within_ceiling,True,60,0.094663323358083223,0.077752263308284289,0.077752263308284289,0.077752263308284289,0.14999999999999999,1,1,0.17275558447329703,True,False,False,0,2.7755575615628914e-17,0.0021127851590150588,0.00050908166107706428
2025-01-17,-0.0052411311973314632,-0.0054480391715807557,0.001636137287226872,0.10345398712464618,0.20690797424929236,0.00020690797424929234,1,0,0,0.29999999999999999,0.23834255661544104,True,True,every-bars,1,dataset-start,dataset,rebalance_threshold_met,within_ceiling,True,60,0.07707727029338865,0.075026711288369893,0.075026711288369893,0.075026711288369893,0.14999999999999999,1,1,0.10345398712464618,True,False,False,0,0,0.00048031552268987921,0.0001540973829604409
2025-01-20,-0.0011069843284371393,-0.0011151691267863013,0.00029423689862349373,0.0040923991745809851,0.0081847983491619702,8.1847983491619694e-06,0.99999999999999989,-2.7755575615628914e-17,1.1102230246251565e-16,0.29958417915824193,0.23847692784319652,True,True,every-bars,1,dataset-start,dataset,mandate_constraint_override,constraint_repaired,True,60,0.077183185103379209,0.07979122039767382,0.07979122039767382,0.076576234612627331,0.14999999999999999,1,1,0.044484978498224692,False,False,True,0.0040923991745809851,2.7755575615628914e-17,2.0120123382345286e-05,7.1707726808018336e-06
2025-01-21,-0.0081640114941926682,-0.0084851839063414137,0.0028568015744853859,0.16058620607437266,0.32117241214874531,0.0003211724121487453,0.99999999999999989,0,1.1102230246251565e-16,0.29999999999999999,0.23489931013316331,True,True,every-bars,1,dataset-start,dataset,rebalance_threshold_met,within_ceiling,True,60,0.075488704593956638,0.076829747819170693,0.076829747819170693,0.076829747819170693,0.14999999999999999,1,1,0.16058620607437266,True,False,False,0,0,0.00074739257433086112,0.00027367560064417993
2025-01-22,0.010047109892911965,0.0093254369170200219,0.00062569581152995424,0.36083648794597156,0.72167297589194312,0.00072167297589194313,1,0,0,0.29999999999999999,0.22810095198637681,True,True,every-bars,1,dataset-start,dataset,rebalance_threshold_met,within_ceiling,True,60,0.080193228539924735,0.090253652646178559,0.090253652646178559,0.090253652646178559,0.14999999999999999,1,1,0.36083648794597156,True,False,False,0,0,0.001664542807765311,0.00063117949078755604
2025-01-23,0.007047649574488845,0.0070377024049018966,0.0038875896888660262,0.0049735847934742616,0.0099471695869485233,9.9471695869485234e-06,0.98459627369348834,-5.5511151231257827e-17,0.015403726306511656,0.29503107782813531,0.22088897371002447,True,True,every-bars,1,dataset-start,dataset,mandate_constraint_override,constraint_repaired,True,60,0.091231753223457168,0.090370424047221717,0.090370424047221717,0.090161613011450953,0.14999999999999999,1,1,0.0099730996593713345,False,False,True,0.0049735847934742616,5.5511151231257827e-17,2.2295848620788484e-05,5.5121497504425734e-06
2025-01-24,-0.0020922955075454615,-0.0026395925497478467,0.0021667168486155055,0.27364852110119253,0.54729704220238506,0.00054729704220238512,0.99999999999999989,-2.7755575615628914e-17,1.1102230246251565e-16,0.29999999999999999,0.22690293190889643,True,True,every-bars,1,dataset-start,dataset,rebalance_threshold_met,within_ceiling,True,60,0.088943956203942631,0.099876607927292471,0.099876607927292471,0.099876607927292471,0.14999999999999999,1,1,0.27364852110119253,True,False,False,0,2.7755575615628914e-17,0.00084201245061017119,0.00038487530023199559
2025-01-27,-0.004301502352870073,-0.0043035990352567567,0.00063065619353946945,0.0010483411933419548,0.0020966823866839096,2.0966823866839097e-06,0.99849658193709745,0,0.0015034180629025506,0.29816525662516441,0.2253342553590266,True,True,every-bars,1,dataset-start,dataset,mandate_constraint_override,constraint_repaired,True,60,0.099621905978596895,0.099841244852249114,0.099841244852249114,0.099402761303126239,0.14999999999999999,1,1,0.0046762319996721188,False,False,True,0.0010483411933419548,0,3.2475752624928405e-06,1.0078400792314923e-06
2025-01-28,-0.0031136092638394935,-0.0034117124128938219,0.0011572935907036559,0.14905157452716414,0.29810314905432828,0.00029810314905432826,1,-1.3877787807814457e-17,0,0.29999999999999999,0.23429070329384896,True,True,every-bars,1,dataset-start,dataset,rebalance_threshold_met,within_ceiling,True,60,0.10041691847253234,0.093121111028273751,0.093121111028273751,0.093121111028273751,0.14999999999999999,1,1,0.14905157452716414,True,False,False,0,1.3877787807814457e-17,0.00066888353179466245,0.00020638663791076623
2025-01-29,-0.00043562716458153434,-0.0010405602979542514,0.0019836177204886987,0.30246656668635846,0.60493313337271692,0.00060493313337271694,1,-5.5511151231257827e-17,0,0.28276396978699031,0.20426535187469713,True,True,every-bars,1,dataset-start,dataset,rebalance_threshold_met,within_ceiling,True,60,0.09183056670112541,0.10110426716761281,0.10110426716761281,0.10110426716761281,0.14999999999999999,1,1,0.30246656668635846,True,False,False,0,5.5511151231257827e-17,0.0010382618301044122,0.00042843341529824283
2025-01-30,-0.00029972181946463403,-0.0010396942368413274,9.9903440342904103e-05,0.3699862086883467,0.73997241737669339,0.00073997241737669341,1,-1.3877787807814457e-17,0,0.24318399136749094,0.20805728213655703,True,True,every-bars,1,dataset-start,dataset,rebalance_threshold_met,within_ceiling,True,60,0.10134867814932784,0.10679344439666882,0.10679344439666882,0.10679344439666882,0.14999999999999999,1,1,0.3699862086883467,True,False,False,0,1.3877787807814457e-17,0.0016565417380274617,0.00057397187598813484
2025-01-31,-0.0058738575855578571,-0.0064397670208903215,0.0018768654543650878,0.28295471766623204,0.56590943533246407,0.00056590943533246405,1,3.4694469519536142e-17,0,0.26628763772827335,0.22980981124499641,True,True,every-bars,1,dataset-start,dataset,rebalance_threshold_met,within_ceiling,True,60,0.10514716706894384,0.11424501208885332,0.11424501208885332,0.11424501208885332,0.14999999999999999,1,1,0.28295471766623204,True,False,False,4.163336342344337e-17,4.8572257327350599e-17,0.0020975392799405454,0.00062514030409306794
2025-02-03,-0.0052880057302166399,-0.0055209292080563343,0.0025748098475083343,0.11646173891984714,0.23292347783969428,0.00023292347783969431,1,5.5511151231257827e-17,0,0.29999999999999999,0.25782763020074784,True,True,every-bars,1,dataset-start,dataset,rebalance_threshold_met,within_ceiling,True,60,0.11464892075664282,0.11706415426375749,0.11706415426375749,0.11706415426375749,0.14999999999999999,1,1,0.11646173891984714,True,False,False,4.163336342344337e-17,0,0.00035133503700510995,0.00013478151206324133
2025-02-04,-0.00025980208178879617,-0.0006819777229082187,0.0023999360544523229,0.21108782055971126,0.42217564111942252,0.00042217564111942253,1,-5.5511151231257827e-17,0,0.29999999999999999,0.23123202712293681,True,True,every-bars,1,dataset-start,dataset,rebalance_threshold_met,within_ceiling,True,60,0.1166892654429007,0.10769579196166196,0.10769579196166196,0.10769579196166196,0.14999999999999999,1,1,0.21108782055971126,True,False,False,0,5.5511151231257827e-17,0.0010972353441355256,0.00031560678627967452
2025-02-05,-0.013511877352223676,-0.013629823524709981,-5.5417660784965253e-05,0.058973086243152749,0.1179461724863055,0.0001179461724863055,1,5.5511151231257827e-17,0,0.29999999999999999,0.25742376871348061,True,True,every-bars,1,dataset-start,dataset,rebalance_threshold_met,within_ceiling,True,60,0.10819537910544721,0.11524088167358018,0.11524088167358018,0.11524088167358018,0.14999999999999999,1,1,0.058973086243152749,True,False,False,0,5.5511151231257827e-17,0.00046804881563129242,0.00011404653534197974
2025-02-06,0.00050981671045971966,-0.00053174779267045461,0.0020374891806579551,0.52078225156508717,1.0415645031301743,0.0010415645031301743,1,0,0,0.29999999999999999,0.22683007064111843,True,True,every-bars,1,dataset-start,dataset,rebalance_threshold_met,within_ceiling,True,60,0.12028352766011494,0.097311906790647426,0.097311906790647426,0.097311906790647426,0.14999999999999999,1,1,0.52078225156508717,True,False,False,0,0,0.002949742241545403,0.0010322985142122982
2025-02-07,-0.01427579242784616,-0.015502066030553877,-0.0004201854662306641,0.61313680135385851,1.226273602707717,0.001226273602707717,1,0,0,0.29999999999999999,0.25731072695349644,True,True,every-bars,1,dataset-start,dataset,rebalance_threshold_met,within_ceiling,True,60,0.096918356122516994,0.098241168244383323,0.098241168244383323,0.098241168244383323,0.14999999999999999,1,1,0.61313680135385851,True,False,False,0,0,0.001567769914364284,0.0008563796497824081
2025-02-10,0.0025528972963334453,0.00093716257922146795,-5.9818236467501507e-06,0.80786735855598868,1.6157347171119774,0.0016157347171119774,1,0,0,0.29999999999999999,0.26000000000000001,True,True,every-bars,1,dataset-start,dataset,rebalance_threshold_met,within_ceiling,True,60,0.10309864788409728,0.10745008654046373,0.10745008654046373,0.10745008654046373,0.14999999999999999,1,1,0.80786735855598868,True,False,False,0,0,0.0018000527505506866,0.0010149520255999306
2025-02-11,0.0077014255242535239,0.0065032852969683537,0.00062064817899115709,0.59907011364258522,1.1981402272851704,0.0011981402272851704,1,0,0,0.29999999999999999,0.26000000000000001,True,True,every-bars,1,dataset-start,dataset,rebalance_threshold_met,within_ceiling,True,60,0.10723155466198135,0.097432090218948567,0.097432090218948567,0.097432090218948567,0.14999999999999999,1,1,0.59907011364258522,True,False,False,0,0,0.0017638392876539377,0.00094211115295228401
2025-02-12,0.013269682468189591,0.012452774380954573,0.0027034067813077045,0.40845404361750837,0.81690808723501673,0.00081690808723501682,1,0,0,0.29999999999999999,0.25932596729699003,True,True,every-bars,1,dataset-start,dataset,rebalance_threshold_met,within_ceiling,True,60,0.097850925508756903,0.10064347328860715,0.10064347328860715,0.10064347328860715,0.14999999999999999,1,1,0.40845404361750837,True,False,False,0,0,0.0048954489776051689,0.0010134948270054593
2025-02-13,-0.004751329190118528,-0.0047644250940992597,0.0028302151000454412,0.0065479519903656747,0.013095903980731349,1.3095903980731349e-05,0.97918822797908223,5.5511151231257827e-17,0.020811772020917774,0.29454051046755486,0.24852284424997226,True,True,every-bars,1,dataset-start,dataset,mandate_constraint_override,constraint_repaired,True,60,0.10267070050667412,0.10359706784709871,0.10359706784709871,0.10125414793249624,0.14999999999999999,1,1,0.010028194366115364,False,False,True,0.0065479519903656747,5.5511151231257827e-17,5.4118263786850896e-05,1.296334635084851e-05
2025-02-14,0.0016756896484827811,0.0014590765458283371,0.0020246567097023473,0.10830655132722201,0.21661310265444403,0.00021661310265444405,1,-2.7755575615628914e-17,0,0.29999999999999999,0.2593653273338492,True,True,every-bars,1,dataset-start,dataset,rebalance_threshold_met,within_ceiling,True,60,0.10236247805024723,0.099755436406763778,0.099755436406763778,0.099755436406763778,0.14999999999999999,1,1,0.10830655132722201,True,False,False,0,2.7755575615628914e-17,0.00038369585633631981,9.8588378519952726e-05
2025-02-17,0.010341784679625408,0.0097232075620266572,0.0024455758647300612,0.30928855879937528,0.61857711759875056,0.00061857711759875054,1,0,0,0.29999999999999999,0.25868137011817005,True,True,every-bars,1,dataset-start,dataset,rebalance_threshold_met,within_ceiling,True,60,0.0990805838243487,0.10526400922563701,0.10526400922563701,0.10526400922563701,0.14999999999999999,1,1,0.30928855879937528,True,False,False,0,0,0.0061348004728594314,0.0013909944551637272
2025-02-18,0.0044452037119350075,0.0039806684580246431,0.0012602133943027298,0.23226762695518216,0.46453525391036432,0.00046453525391036433,1,-5.5511151231257827e-17,0,0.28861915213937483,0.22576320271454406,True,True,every-bars,1,dataset-start,dataset,rebalance_threshold_met,within_ceiling,True,60,0.10652737090593857,0.10313328803678143,0.10313328803678143,0.10313328803678143,0.14999999999999999,1,1,0.23226762695518216,True,False,False,0,5.5511151231257827e-17,0.002611708504413837,0.00073838384694465168
2025-02-19,-0.00059646176480892578,-0.00097733613890353069,0.00094889851095512402,0.19043718704730253,0.38087437409460506,0.00038087437409460502,0.99999999999999989,0,1.1102230246251565e-16,0.28703535714283229,0.25276390046997227,True,True,every-bars,1,dataset-start,dataset,rebalance_threshold_met,within_ceiling,True,60,0.1030339645297389,0.10874441389423097,0.10874441389423097,0.10874441389423097,0.14999999999999999,1,1,0.19043718704730253,True,False,False,4.163336342344337e-17,5.5511151231257827e-17,0.0037839497986508984,0.00095695310596586854
2025-02-20,0.0014552938649296729,0.0010795836182416322,0.001078186840639576,0.18785512334402038,0.37571024668804076,0.00037571024668804078,1,-8.3266726846886741e-17,0,0.29167251772720509,0.22638867002237323,True,True,every-bars,1,dataset-start,dataset,rebalance_threshold_met,within_ceiling,True,60,0.10864077516049152,0.10345073614814039,0.10345073614814039,0.10345073614814039,0.14999999999999999,1,1,0.18785512334402038,True,False,False,0,8.3266726846886741e-17,0.0056223660923644045,0.0015344136482695189
2025-02-21,0.0039443194419411095,0.0036530905446452706,-0.00148261491896029,0.14561444864791936,0.29122889729583873,0.00029122889729583874,1,0,0,0.28118333650561356,0.2256849023451154,True,True,every-bars,1,dataset-start,dataset,rebalance_threshold_met,within_ceiling,True,60,0.1035620130655487,0.101463586842593,0.101463586842593,0.101463586842593,0.14999999999999999,1,1,0.14561444864791936,True,False,False,0,0,0.0014563503002357899,0.00046899868713926431
2025-02-24,0.0055537959115861419,0.0047049636173183331,0.0019752411854942662,0.4244161471339043,0.8488322942678086,0.00084883229426780846,1,2.7755575615628914e-17,0,0.24934287969168614,0.2014875822611884,True,True,every-bars,1,dataset-start,dataset,rebalance_threshold_met,within_ceiling,True,60,0.10154832784790098,0.076624748589944447,0.076624748589944447,0.076624748589944447,0.14999999999999999,1,1,0.4244161471339043,True,False,False,0,2.7755575615628914e-17,0.003951201154718819,0.0019949448420449969
2025-02-25,-0.012239293630224461,-0.012244816751845768,-0.00075977490077152156,0.0027615608106532491,0.0055231216213064982,5.5231216213064981e-06,0.9904624197610814,0,0.0095375802389185971,0.24489759323926319,0.19745657252379006,True,True,every-bars,1,dataset-start,dataset,mandate_constraint_override,constraint_repaired,True,60,0.076739243349361233,0.076826814258388318,0.076826814258388318,0.07630755765871787,0.14999999999999999,1,1,0.0038249760660731963,False,False,True,0.0027615608106532491,0,6.3768805413830048e-05,1.5178442538548125e-05
2025-02-26,0.00332815433111407,0.0026758452396011875,0.00063674544708140291,0.32615454575644137,0.65230909151288274,0.00065230909151288278,1.0000000000000002,-5.5511151231257827e-17,-2.2204460492503131e-16,0.29900879878097131,0.23908332152572048,True,True,every-bars,1,dataset-start,dataset,rebalance_threshold_met,within_ceiling,True,60,0.082503610321044973,0.078885211976745459,0.078885211976745459,0.078885211976745459,0.14999999999999999,1,1,0.32615454575644137,True,False,False,1.0408340855860843e-16,0,0.0031941694546559324,0.0014843721392625599
2025-02-27,-0.0065776805748933489,-0.0067789156436975041,0.00047031864548522685,0.10061753440207774,0.20123506880415548,0.00020123506880415548,1,0,0,0.25990540883739122,0.22777004925988603,True,True,every-bars,1,dataset-start,dataset,rebalance_threshold_met,within_ceiling,True,60,0.078293707864117199,0.077716155158932029,0.077716155158932029,0.077716155158932029,0.14999999999999999,1,1,0.10061753440207774,True,False,False,0,0,0.0035245954153541744,0.00097946964341382023
2025-02-28,-0.012686959014435785,-0.01321410651068345,0.003422582971152905,0.26357374812383283,0.52714749624766566,0.00052714749624766563,1,-1.3877787807814457e-17,0,0.27608443932732596,0.22234191750187898,True,True,every-bars,1,dataset-start,dataset,rebalance_threshold_met,within_ceiling,True,60,0.078847214999581167,0.088313208278644681,0.088313208278644681,0.088313208278644681,0.14999999999999999,1,1,0.26357374812383283,True,False,False,0,1.3877787807814457e-17,0.0052056884243113525,0.0013455900026457263
2025-03-03,0.0016842354420803897,0.0012083870347011764,-2.468332502257131e-05,0.23792420368960662,0.47584840737921325,0.00047584840737921328,1,0,0,0.29999999999999999,0.25532785554485482,True,True,every-bars,1,dataset-start,dataset,rebalance_threshold_met,within_ceiling,True,60,0.092948272002788643,0.080612609732607185,0.080612609732607185,0.080612609732607185,0.14999999999999999,1,1,0.23792420368960662,True,False,False,0,0,0.0032558791616921641,0.00098480597783894854
2025-03-04,0.0010122686606477802,0.0006879449879033724,0.0021534027474231312,0.16216183637220391,0.32432367274440782,0.00032432367274440782,1,-2.7755575615628914e-17,0,0.29999999999999999,0.23867820828402633,True,True,every-bars,1,dataset-start,dataset,rebalance_threshold_met,within_ceiling,True,60,0.080447726080554074,0.079528234747247531,0.079528234747247531,0.079528234747247531,0.14999999999999999,1,1,0.16216183637220391,True,False,False,0,2.7755575615628914e-17,0.0028422705157494536,0.00071168554474138827
2025-03-05,-0.0053273143157445907,-0.0061531715167055011,0.0023492867789850491,0.41292860048045499,0.82585720096090998,0.00082585720096091007,1,0,0,0.29999999999999999,0.26000000000000001,True,True,every-bars,1,dataset-start,dataset,rebalance_threshold_met,within_ceiling,True,60,0.078865808169690146,0.10961474970193394,0.10961474970193394,0.10961474970193394,0.14999999999999999,1,1,0.41292860048045499,True,False,False,0,0,0.0037934862005101241,0.0016446593729281089
2025-03-06,0.0011494698577794314,0.00067727141881559951,0.0023405542597725311,0.23609921948191592,0.47219843896383185,0.00047219843896383187,1,2.7755575615628914e-17,0,0.29626484598815678,0.22732541788955121,True,True,every-bars,1,dataset-start,dataset,rebalance_threshold_met,within_ceiling,True,60,0.11083937947030302,0.10265584540028951,0.10265584540028951,0.10265584540028951,0.14999999999999999,1,1,0.23609921948191592,True,False,False,0,2.7755575615628914e-17,0.0039409889749403059,0.0013046196500292907
2025-03-07,-0.0022131464072764058,-0.0030435831302820168,-0.00064392240280604796,0.41521836150280561,0.83043672300561122,0.00083043672300561115,1,0,0,0.29999999999999999,0.25531861684654972,True,True,every-bars,1,dataset-start,dataset,rebalance_threshold_met,within_ceiling,True,60,0.10263622120241553,0.1181423804703719,0.1181423804703719,0.1181423804703719,0.14999999999999999,1,1,0.41521836150280561,True,False,False,0,0,0.0034188463534350166,0.0019265669020855759
2025-03-10,-0.0011735215087115825,-0.0017447013976616649,0.00034658694200051521,0.28558994447504116,0.57117988895008232,0.00057117988895008227,1,1.3877787807814457e-17,0,0.29999999999999999,0.24358804253281632,True,True,every-bars,1,dataset-start,dataset,rebalance_threshold_met,within_ceiling,True,60,0.11780608917117372,0.10501969466696871,0.10501969466696871,0.10501969466696871,0.14999999999999999,1,1,0.28558994447504116,True,False,False,0,1.3877787807814457e-17,0.0072615755949536143,0.0015979134170071381
2025-03-11,-0.005831401993696736,-0.006221009190767653,0.0023678082390038995,0.19480359853545834,0.38960719707091668,0.0003896071970709167,1,0,0,0.29999999999999999,0.22924368767690242,True,True,every-bars,1,dataset-start,dataset,rebalance_threshold_met,within_ceiling,True,60,0.099969045167852447,0.10753661839953879,0.10753661839953879,0.10753661839953879,0.14999999999999999,1,1,0.19480359853545834,True,False,False,0,0,0.0023493701992161674,0.00064622255527422754
2025-03-12,0.0042924806732515045,0.0032997789433614737,0.0025113538438204155,0.49635086494501524,0.99270172989003047,0.00099270172989003049,1,0,0,0.29999999999999999,0.2599458086778495,True,True,every-bars,1,dataset-start,dataset,rebalance_threshold_met,within_ceiling,True,60,0.10883116256321811,0.10243287003558026,0.10243287003558026,0.10243287003558026,0.14999999999999999,1,1,0.49635086494501524,True,False,False,0,0,0.0091429612539619919,0.0027967739373904246
2025-03-13,0.00022926760132237255,-0.00054704699705191112,0.0019425444004635044,0.38815729918714187,0.77631459837428374,0.00077631459837428367,1,-8.3266726846886741e-17,0,0.27080467928251317,0.20521900024866449,True,True,every-bars,1,dataset-start,dataset,rebalance_threshold_met,within_ceiling,True,60,0.10236676367364729,0.10115627067158468,0.10115627067158468,0.10115627067158468,0.14999999999999999,1,1,0.38815729918714187,True,False,False,3.1225022567582528e-17,2.7755575615628914e-17,0.0042934610053051913,0.0020384301025558969
2025-03-14,0.0012436058212901852,0.00099751480343360124,0.00010654602035535077,0.123045508928292,0.24609101785658399,0.00024609101785658398,1,5.5511151231257827e-17,0,0.29999999999999999,0.25531403874932757,True,True,every-bars,1,dataset-start,dataset,rebalance_threshold_met,within_ceiling,True,60,0.10128359186382269,0.11028572553064875,0.11028572553064875,0.11028572553064875,0.14999999999999999,1,1,0.123045508928292,True,False,False,0,5.5511151231257827e-17,0.0013955123305570889,0.00058889913579645745
2025-03-17,-0.0022968291407615134,-0.0024341627921136829,0.0014413814134642635,0.068666825676084758,0.13733365135216952,0.0001373336513521695,1,0,0,0.29999999999999999,0.26000000000000001,True,True,every-bars,1,dataset-start,dataset,rebalance_threshold_met,within_ceiling,True,60,0.1103354098536829,0.10649372646999797,0.10649372646999797,0.10649372646999797,0.14999999999999999,1,1,0.068666825676084758,True,False,False,0,0,0.0011835521697998444,0.00027729037563811574
2025-03-18,-0.012115387555815278,-0.012694035676114303,0.0034244534718285329,0.28932406014951229,0.57864812029902457,0.00057864812029902451,1,-3.4694469519536142e-17,0,0.29999999999999999,0.24352629577224022,True,True,every-bars,1,dataset-start,dataset,rebalance_threshold_met,within_ceiling,True,60,0.10654211478477606,0.098430346002348457,0.098430346002348457,0.098430346002348457,0.14999999999999999,1,1,0.28932406014951229,True,False,False,4.5102810375396984e-17,5.5511151231257827e-17,0.0059787921667728804,0.0014783010504372486
2025-03-19,0.00011993415173602341,-0.00062219190274142081,0.00024599915582577524,0.37106302723872214,0.74212605447744429,0.00074212605447744422,1,0,0,0.29999999999999999,0.26000000000000001,True,True,every-bars,1,dataset-start,dataset,rebalance_threshold_met,within_ceiling,True,60,0.10283830053788395,0.10136835960615213,0.10136835960615213,0.10136835960615213,0.14999999999999999,1,1,0.37106302723872214,True,False,False,0,0,0.0033350396049360883,0.001598802939372173
2025-03-20,0.010379849918852102,0.010185778100943569,0.0011523985446634426,0.097035908954266545,0.19407181790853309,0.00019407181790853309,1,0,0,0.29999999999999999,0.26000000000000001,True,True,every-bars,1,dataset-start,dataset,rebalance_threshold_met,within_ceiling,True,60,0.10037262207036476,0.092492971897241066,0.092492971897241066,0.092492971897241066,0.14999999999999999,1,1,0.097035908954266545,True,False,False,0,0,0.0019225534021678414,0.00043283952992742239
2025-03-21,-0.00055100906374422765,-0.00071592165175414176,0.00099829739116850513,0.082456294004957034,0.16491258800991407,0.00016491258800991406,1,-5.5511151231257827e-17,0,0.29999999999999999,0.25720620363938396,True,True,every-bars,1,dataset-start,dataset,rebalance_threshold_met,within_ceiling,True,60,0.091851731370686363,0.094548500867623717,0.094548500867623717,0.094548500867623717,0.14999999999999999,1,1,0.082456294004957034,True,False,False,0,5.5511151231257827e-17,0.00086255256185144378,0.00023068989460623776
2025-03-24,0.0070134907394602489,0.0068387449027975979,0.0028004342962950996,0.087372918331325752,0.1747458366626515,0.00017474583666265151,1,0,0,0.29999999999999999,0.26000000000000001,True,True,every-bars,1,dataset-start,dataset,rebalance_threshold_met,within_ceiling,True,60,0.094159093907842023,0.091102781655136258,0.091102781655136258,0.091102781655136258,0.14999999999999999,1,1,0.087372918331325752,True,False,False,0,0,0.002527082051233896,0.0006073280508920643
2025-03-25,-0.0012197865134109353,-0.0013884785893732183,-0.00059030564527421769,0.0843460379811415,0.168692075962283,0.000168692075962283,1,0,0,0.29999999999999999,0.2569705005789954,True,True,every-bars,1,dataset-start,dataset,rebalance_threshold_met,within_ceiling,True,60,0.091908035675728778,0.094010563976141048,0.094010563976141048,0.094010563976141048,0.14999999999999999,1,1,0.0843460379811415,True,False,False,0,0,0.00083152474373541715,0.00023364968696600895
2025-03-26,0.00062248384007657608,5.471087424989635e-05,0.00041614700104281011,0.28388648291333984,0.56777296582667969,0.00056777296582667973,1,0,0,0.29999999999999999,0.25746714585643993,True,True,every-bars,1,dataset-start,dataset,rebalance_threshold_met,within_ceiling,True,60,0.094354244562261949,0.10360783347104408,0.10360783347104408,0.10360783347104408,0.14999999999999999,1,1,0.28388648291333984,True,False,False,0,0,0.0035699547267948866,0.0010262754880731445
2025-03-27,0.0015879022205490467,0.00099502531436379505,0.0013141186436197443,0.29643845309262573,0.59287690618525146,0.0005928769061852515,1,5.5511151231257827e-17,0,0.29999999999999999,0.25784014517118181,True,True,every-bars,1,dataset-start,dataset,rebalance_threshold_met,within_ceiling,True,60,0.10175845262013106,0.10632076999235382,0.10632076999235382,0.10632076999235382,0.14999999999999999,1,1,0.29643845309262573,True,False,False,0,5.5511151231257827e-17,0.0033193989524853531,0.0013844262953696309
2025-03-28,0.001761807547740169,0.0012679861277410205,-0.00016470924345477833,0.24691070999957426,0.49382141999914853,0.0004938214199991485,1,-5.5511151231257827e-17,0,0.29999999999999999,0.23217540580963206,True,True,every-bars,1,dataset-start,dataset,rebalance_threshold_met,within_ceiling,True,60,0.10589633403990779,0.10378950737667193,0.10378950737667193,0.10378950737667193,0.14999999999999999,1,1,0.24691070999957426,True,False,False,0,5.5511151231257827e-17,0.0028610094855830138,0.0010226205213515439
2025-03-31,0.0036790161528427465,0.003275045177624798,-0.0012676076659018745,0.20198548760897417,0.40397097521794834,0.00040397097521794836,1,8.3266726846886741e-17,0,0.29824065134691974,0.23357650953838144,True,True,every-bars,1,dataset-start,dataset,rebalance_threshold_met,within_ceiling,True,60,0.10369827343925767,0.10057689635874381,0.10057689635874381,0.10057689635874381,0.14999999999999999,1,1,0.20198548760897417,True,False,False,0,8.3266726846886741e-17,0.001898943801760992,0.00086429937645880154
2025-04-01,-0.0072485162586365158,-0.0075767272065184899,0.0018014270771748442,0.16410547394098704,0.32821094788197408,0.00032821094788197409,1,5.5511151231257827e-17,0,0.2939720143852293,0.25682805847681339,True,True,every-bars,1,dataset-start,dataset,rebalance_threshold_met,within_ceiling,True,60,0.097439107501225322,0.10711868103080598,0.10711868103080598,0.10711868103080598,0.14999999999999999,1,1,0.16410547394098704,True,False,False,0,5.5511151231257827e-17,0.0019733315422560691,0.00054346097501385617
2025-04-02,0.0039009359901724062,0.0026097917654494241,0.002735294474030018,0.64557211236149104,1.2911442247229821,0.0012911442247229821,1,0,0,0.29999999999999999,0.2193040035333165,True,True,every-bars,1,dataset-start,dataset,rebalance_threshold_met,within_ceiling,True,60,0.11026742614787324,0.07665092555513732,0.07665092555513732,0.07665092555513732,0.14999999999999999,1,1,0.64557211236149104,True,False,False,0,0,0.0092574776456624628,0.0031374967331136258
2025-04-03,-0.0090827056552724543,-0.0093345112159562184,0.00035871993173240213,0.12590278034188163,0.25180556068376325,0.00025180556068376327,1,2.7755575615628914e-17,0,0.29999999999999999,0.22061868590360836,True,True,every-bars,1,dataset-start,dataset,rebalance_threshold_met,within_ceiling,True,60,0.076590369087355031,0.082431901075733408,0.082431901075733408,0.082431901075733408,0.14999999999999999,1,1,0.12590278034188163,True,False,False,0,2.7755575615628914e-17,0.0027493244796017099,0.00073835353805844564
2025-04-04,-0.0029660574844264905,-0.0038450431200131724,0.0011044842107197548,0.43949281779334093,0.87898563558668186,0.00087898563558668191,1,-2.7755575615628914e-17,0,0.28364204886935895,0.22844899585857487,True,True,every-bars,1,dataset-start,dataset,rebalance_threshold_met,within_ceiling,True,60,0.085957472179685634,0.085497728198272116,0.085497728198272116,0.085497728198272116,0.14999999999999999,1,1,0.43949281779334093,True,False,False,0,2.7755575615628914e-17,0.0083449337346832748,0.0026709679152487312
2025-04-07,0.00072167172698531972,0.00047672451927591999,0.0015470257226065653,0.12247360385469988,0.24494720770939976,0.00024494720770939973,1,-5.5511151231257827e-17,0,0.28574931426936562,0.23456578322025404,True,True,every-bars,1,dataset-start,dataset,rebalance_threshold_met,within_ceiling,True,60,0.085978223543155388,0.092855277675529979,0.092855277675529979,0.092855277675529979,0.14999999999999999,1,1,0.12247360385469988,True,False,False,0,5.5511151231257827e-17,0.0033343111924705356,0.00078102680922284443
2025-04-08,-0.0033702451083342886,-0.0038631457368759805,0.00055417549235137198,0.24645031427084593,0.49290062854169187,0.00049290062854169189,1,-5.5511151231257827e-17,0,0.29999999999999999,0.25891030591095876,True,True,every-bars,1,dataset-start,dataset,rebalance_threshold_met,within_ceiling,True,60,0.093470413589933646,0.085154505193027266,0.085154505193027266,0.085154505193027266,0.14999999999999999,1,1,0.24645031427084593,True,False,False,4.163336342344337e-17,2.7755575615628914e-17,0.0039324050357954854,0.0011011238980759206
2025-04-09,0.0036866698887867413,0.0030733123152092575,-0.00095850744502740115,0.30667878678874189,0.61335757357748377,0.00061335757357748382,0.99999999999999978,6.9388939039072284e-18,2.2204460492503131e-16,0.29999999999999999,0.22021260050093577,True,True,every-bars,1,dataset-start,dataset,rebalance_threshold_met,within_ceiling,True,60,0.084633905082618921,0.077415470146275145,0.077415470146275145,0.077415470146275145,0.14999999999999999,1,1,0.30667878678874189,True,False,False,4.5102810375396984e-17,4.8572257327350599e-17,0.0037237536521095549,0.0015230912880764712
2025-04-10,0.001921993527943783,0.0015586414062063684,0.00028770679034776769,0.18167606086870733,0.36335212173741466,0.00036335212173741469,1,0,0,0.29999999999999999,0.25528794906942087,True,True,every-bars,1,dataset-start,dataset,rebalance_threshold_met,within_ceiling,True,60,0.077262308375919367,0.091249866928236625,0.091249866928236625,0.091249866928236625,0.14999999999999999,1,1,0.18167606086870733,True,False,False,0,0,0.0029175754623642957,0.00099148229336039838
2025-04-11,-0.0096528152663210558,-0.010247592332935313,0.0013176713600263059,0.29738853330712867,0.59477706661425733,0.0005947770666142573,1,0,0,0.29999999999999999,0.22916487069229172,True,True,every-bars,1,dataset-start,dataset,rebalance_threshold_met,within_ceiling,True,60,0.090909796650554084,0.09707180816844177,0.09707180816844177,0.09707180816844177,0.14999999999999999,1,1,0.29738853330712867,True,False,False,0,0,0.0047798981196008105,0.0015143755637903155
2025-04-14,-0.0035440184479455508,-0.0037586716371244382,0.00038915098342220044,0.1073265945894438,0.21465318917888759,0.0002146531891788876,1,0,0,0.29999999999999999,0.24249887711752341,True,True,every-bars,1,dataset-start,dataset,rebalance_threshold_met,within_ceiling,True,60,0.099993944992145714,0.10126718160110545,0.10126718160110545,0.10126718160110545,0.14999999999999999,1,1,0.1073265945894438,True,False,False,0,0,0.0027040124462528012,0.00077126343835600449
2025-04-15,0.0038978887414243711,0.0032236568293900832,0.00035690355350738922,0.337115956017144,0.67423191203428801,0.00067423191203428801,1,-8.3266726846886741e-17,0,0.29341322159792138,0.25420515109425978,True,True,every-bars,1,dataset-start,dataset,rebalance_threshold_met,within_ceiling,True,60,0.10217535558174086,0.098450246169804773,0.098450246169804773,0.098450246169804773,0.14999999999999999,1,1,0.337115956017144,True,False,False,5.5511151231257827e-17,2.7755575615628914e-17,0.004527838349062052,0.001923640656746459
2025-04-16,-0.018363409847414091,-0.018665481115840959,-4.9832200259466216e-05,0.15103563421343347,0.30207126842686693,0.00030207126842686694,1,0,0,0.29999999999999999,0.26000000000000001,True,True,every-bars,1,dataset-start,dataset,rebalance_threshold_met,within_ceiling,True,60,0.097863641468180607,0.090295073302317133,0.090295073302317133,0.090295073302317133,0.14999999999999999,1,1,0.15103563421343347,True,False,False,0,0,0.0011545798955616214,0.00039255327786423625
2025-04-17,-0.002182785619997889,-0.0032541813628242304,0.002022061252159443,0.53569787141317071,1.0713957428263414,0.0010713957428263414,1,0,0,0.2841646806541287,0.21415574016271011,True,True,every-bars,1,dataset-start,dataset,rebalance_threshold_met,within_ceiling,True,60,0.099415174719539895,0.099641015067980024,0.099641015067980024,0.099641015067980024,0.14999999999999999,1,1,0.53569787141317071,True,False,False,0,0,0.0017468675063829779,0.00078016029844098494
2025-04-18,0.0056519837237728118,0.0049801135091620619,0.0012445867414993539,0.33593510730537512,0.67187021461075025,0.00067187021461075026,0.99999999999999989,-2.7755575615628914e-17,1.1102230246251565e-16,0.29999999999999999,0.25673036412120415,True,True,every-bars,1,dataset-start,dataset,rebalance_threshold_met,within_ceiling,True,60,0.096558567491718303,0.10826472301977814,0.10826472301977814,0.10826472301977814,0.14999999999999999,1,1,0.33593510730537512,True,False,False,0,2.7755575615628914e-17,0.0011653269898585989,0.00046699261228817828
2025-04-21,-0.006312513908323312,-0.0069783205541670834,0.00072671409762042893,0.33290332292188568,0.66580664584377136,0.00066580664584377138,1,2.7755575615628914e-17,0,0.29116949855105806,0.21023416735354084,True,True,every-bars,1,dataset-start,dataset,rebalance_threshold_met,within_ceiling,True,60,0.10820830755171977,0.10822726739242207,0.10822726739242207,0.10822726739242207,0.14999999999999999,1,1,0.33290332292188568,True,False,False,0,2.7755575615628914e-17,0.0013114192278473884,0.00043750773493405579
2025-04-22,0.0057298496967609479,0.0052268606317325966,0.0013293469007486141,0.25149453251417542,0.50298906502835083,0.00050298906502835089,1,0,0,0.25727242874565914,0.20355425848897257,True,True,every-bars,1,dataset-start,dataset,rebalance_threshold_met,within_ceiling,True,60,0.1101958720902378,0.1071664812632462,0.1071664812632462,0.1071664812632462,0.14999999999999999,1,1,0.25149453251417542,True,False,False,0,0,0.0004979963551925311,0.00027949881733585952
2025-04-23,0.015350605000455535,0.015344907794890355,0.0011181541705913558,0.0028486027825905015,0.005697205565181003,5.6972055651810033e-06,0.9877007446089292,0,0.012299255391070796,0.25398536433071645,0.19823004826895546,True,True,every-bars,1,dataset-start,dataset,mandate_constraint_override,constraint_repaired,True,60,0.10670020297949005,0.10757243260269272,0.10757243260269272,0.10606385522891909,0.14999999999999999,1,1,0.0059825652635366357,False,False,True,0.0028486027825905015,0,7.7718901468433057e-06,2.6428702173209332e-06
2025-04-24,0.0013268769262635826,0.0013117583997911935,0.00058823479113880462,0.0075592632361944877,0.015118526472388975,1.5118526472388978e-05,0.96259234590682741,6.9388939039072284e-18,0.037407654093172593,0.2496550314657294,0.18896818242535046,True,True,every-bars,1,dataset-start,dataset,mandate_constraint_override,constraint_repaired,True,60,0.10898371258947964,0.11113976757482472,0.11113976757482472,0.1072071284855583,0.14999999999999999,1,1,0.016616226874548036,False,False,True,0.0075592632361944877,6.9388939039072284e-18,4.937692025250496e-05,1.2134668997754029e-05
2025-04-25,0.015896024059926468,0.015614401453721179,0.0014396400384606989,0.14081130310264522,0.28162260620529045,0.00028162260620529043,1,-5.5511151231257827e-17,0,0.28603312694920685,0.25434447821495421,True,True,every-bars,1,dataset-start,dataset,rebalance_threshold_met,within_ceiling,True,60,0.10618573734673009,0.11973796619343813,0.11973796619343813,0.11973796619343813,0.14999999999999999,1,1,0.14081130310264522,True,False,False,0,5.5511151231257827e-17,0.0012113672225663387,0.0003120815516671896
2025-04-28,0.0012039046049962337,0.0011882573107028674,0.00028135302849346955,0.0078236471466831825,0.015647294293366365,1.5647294293366363e-05,0.96896888291164152,2.7755575615628914e-17,0.031031117088358484,0.27610034478165141,0.23832683923023001,True,True,every-bars,1,dataset-start,dataset,mandate_constraint_override,constraint_repaired,True,60,0.12129099518831853,0.12348130601937972,0.12348130601937972,0.11933586066522398,0.14999999999999999,1,1,0.022319215028195755,False,False,True,0.0078236471466831825,2.7755575615628914e-17,3.3701161980548699e-05,9.1109159639653057e-06
2025-04-29,0.0098059667371754571,0.0098047642802139342,-0.0023671229481999996,0.00060122848076146762,0.0012024569615229352,1.2024569615229352e-06,0.96850298866784368,0,0.031497011332156322,0.27536822279340384,0.23811258525487131,True,True,every-bars,1,dataset-start,dataset,mandate_constraint_override,constraint_repaired,True,60,0.11686978362171203,0.12055641513209658,0.12055641513209658,0.11672422246814809,0.14999999999999999,1,1,0.027452811385899181,False,False,True,0.00060122848076146762,0,2.1323380676841159e-06,5.7356585815855623e-07
2025-04-30,0.0097446369600489025,0.0092544267452976947,-0.00056097359496783605,0.24510510737560415,0.4902102147512083,0.00049021021475120828,1,-5.5511151231257827e-17,0,0.29999999999999999,0.25535404489636115,True,True,every-bars,1,dataset-start,dataset,rebalance_threshold_met,within_ceiling,True,60,0.11575849811497554,0.10295664556573728,0.10295664556573728,0.10295664556573728,0.14999999999999999,1,1,0.24510510737560415,True,False,False,0,5.5511151231257827e-17,0.00119564165746802,0.00027154238711578322
2025-05-01,0.0024183473625136614,0.0018878404343458427,0.00016496837148174048,0.26525346408390932,0.53050692816781864,0.00053050692816781857,0.99999999999999989,5.5511151231257827e-17,1.1102230246251565e-16,0.29999999999999999,0.2307945141215027,True,True,every-bars,1,dataset-start,dataset,rebalance_threshold_met,within_ceiling,True,60,0.10136780195307148,0.11768144276064391,0.11768144276064391,0.11768144276064391,0.14999999999999999,1,1,0.26525346408390932,True,False,False,4.163336342344337e-17,5.5511151231257827e-17,0.0011078839193393824,0.00034525632183365386
2025-05-02,-0.00032091208084021106,-0.00066089310353066762,0.00041944752047357037,0.16999051134522825,0.33998102269045649,0.0003399810226904565,1,2.7755575615628914e-17,0,0.29999999999999999,0.25560775838558164,True,True,every-bars,1,dataset-start,dataset,rebalance_threshold_met,within_ceiling,True,60,0.11546035495624138,0.10539981084797614,0.10539981084797614,0.10539981084797614,0.14999999999999999,1,1,0.16999051134522825,True,False,False,0,2.7755575615628914e-17,0.00058493243275036498,0.00022149899645522255
2025-05-05,0.0020790833533122608,0.0020773279553026732,0.0022812841083552082,0.00087769900479382768,0.0017553980095876554,1.7553980095876554e-06,0.99472040482801183,-5.5511151231257827e-17,0.0052795951719881717,0.29999999999999999,0.25298059174172005,True,True,every-bars,1,dataset-start,dataset,mandate_constraint_override,constraint_repaired,True,60,0.10377216791433563,0.10547336981203481,0.10547336981203481,0.10357677458932517,0.14999999999999999,1,1,0.012590451746584019,False,False,True,0.00087769900479382768,5.5511151231257827e-17,5.3652277829541878e-06,2.1163115086047796e-06
2025-05-06,-0.0034866128588103371,-0.0038338997496073527,0.00090622879182459658,0.1736434453985079,0.3472868907970158,0.00034728689079701578,1,0,0,0.29999999999999999,0.23022930246677567,True,True,every-bars,1,dataset-start,dataset,rebalance_threshold_met,within_ceiling,True,60,0.10340274090737658,0.1122159188462047,0.1122159188462047,0.1122159188462047,0.14999999999999999,1,1,0.1736434453985079,True,False,False,0,0,0.00045071918514778163,0.000155647506688888
2025-05-07,-0.0026521406872253147,-0.0033900727112200564,-8.1751699679795788e-05,0.36896601199737089,0.73793202399474178,0.0007379320239947418,1,1.3877787807814457e-16,0,0.27536299542606768,0.21356591034527522,True,True,every-bars,1,dataset-start,dataset,rebalance_threshold_met,within_ceiling,True,60,0.11272253882139252,0.11490371420628344,0.11490371420628344,0.11490371420628344,0.14999999999999999,1,1,0.36896601199737089,True,False,False,9.0205620750793969e-17,2.7755575615628914e-17,0.0030142543525675213,0.00072299791404026239
2025-05-08,-0.0039407434579947246,-0.0044167871572437017,0.0019858901518987797,0.23802184962448847,0.47604369924897694,0.00047604369924897691,1,-5.5511151231257827e-17,0,0.29999999999999999,0.23631586669938848,True,True,every-bars,1,dataset-start,dataset,rebalance_threshold_met,within_ceiling,True,60,0.11398799110230612,0.11282111222818526,0.11282111222818526,0.11282111222818526,0.14999999999999999,1,1,0.23802184962448847,True,False,False,0,5.5511151231257827e-17,0.00078000457943521362,0.00026987501864874828
2025-05-09,-0.002358748934823721,-0.0028005641699987527,0.000628978372786952,0.22090761758751587,0.44181523517503174,0.00044181523517503171,1,8.3266726846886741e-17,0,0.29999999999999999,0.23815135167887294,True,True,every-bars,1,dataset-start,dataset,rebalance_threshold_met,within_ceiling,True,60,0.11372008895310792,0.10691800321597467,0.10691800321597467,0.10691800321597467,0.14999999999999999,1,1,0.22090761758751587,True,False,False,4.8572257327350599e-17,2.7755575615628914e-17,0.0015407754580947426,0.00045989081405760395
2025-05-12,0.003592929006108192,0.0033289272413515921,0.00086916039047267102,0.13200088237829985,0.2640017647565997,0.00026400176475659972,1,0,0,0.29999999999999999,0.26000000000000001,True,True,every-bars,1,dataset-start,dataset,rebalance_threshold_met,within_ceiling,True,60,0.10773730709835773,0.10806182212506321,0.10806182212506321,0.10806182212506321,0.14999999999999999,1,1,0.13200088237829985,True,False,False,0,0,0.00033690147147868196,0.0001489904571975156
2025-05-13,-0.0068225579263859861,-0.006826137992468821,-0.0017475453862868162,0.0017900330414176574,0.0035800660828353148,3.5800660828353149e-06,0.99642979592930858,2.7755575615628914e-17,0.0035702040706914184,0.29868669538650444,0.25800930752465145,True,True,every-bars,1,dataset-start,dataset,mandate_constraint_override,constraint_repaired,True,60,0.10797683668938188,0.10802962068884762,0.10802962068884762,0.10763859918972345,0.14999999999999999,1,1,0.0017900330414176713,False,False,True,0.0017900330414176574,2.7755575615628914e-17,7.1918798836926397e-06,2.1776556670318355e-06
2025-05-14,0.0054715077224195031,0.0049299524589545415,-0.00043107694783883787,0.27077763173248093,0.54155526346496186,0.00054155526346496186,1.0000000000000002,-4.163336342344337e-17,-2.2204460492503131e-16,0.29999999999999999,0.23554791083212895,True,True,every-bars,1,dataset-start,dataset,rebalance_threshold_met,within_ceiling,True,60,0.11022934736993376,0.088261425161119997,0.088261425161119997,0.088261425161119997,0.14999999999999999,1,1,0.27077763173248093,True,False,False,0,2.2204460492503131e-16,0.0011164731382066679,0.00045610333816946896
2025-05-15,-0.0046625861174721308,-0.0049110535846547208,0.00010244331438615494,0.1242337335912948,0.24846746718258961,0.00024846746718258964,1,-2.7755575615628914e-17,0,0.29999999999999999,0.24099681138840864,True,True,every-bars,1,dataset-start,dataset,rebalance_threshold_met,within_ceiling,True,60,0.087353844885438986,0.091118927328588631,0.091118927328588631,0.091118927328588631,0.14999999999999999,1,1,0.1242337335912948,True,False,False,0,2.7755575615628914e-17,0.0021464866307483598,0.00039929931600268435
2025-05-16,-0.0058621414145825623,-0.0058668258422474324,-0.00037947431346455974,0.0023422138324352589,0.0046844276648705177,4.6844276648705178e-06,0.99783556140464968,-1.1102230246251565e-16,0.0021644385953503154,0.29942446847840415,0.24024734065479855,True,True,every-bars,1,dataset-start,dataset,mandate_constraint_override,constraint_repaired,True,60,0.091383466968373045,0.091260567657303032,0.091260567657303032,0.091013194630336677,0.14999999999999999,1,1,0.0051101067092840513,False,False,True,0.0023422138324352589,1.1102230246251565e-16,1.2246794719128831e-05,3.0627868281551453e-06
2025-05-19,0.0067947154761600946,0.0055977146664388973,0.0012020434334225061,0.59850040486059897,1.1970008097211979,0.0011970008097211978,0.99999999999999989,3.4694469519536142e-17,1.1102230246251565e-16,0.29224887954976175,0.2216506420291009,True,True,every-bars,1,dataset-start,dataset,rebalance_threshold_met,within_ceiling,True,60,0.091396289387042556,0.079803117068874774,0.079803117068874774,0.079803117068874774,0.14999999999999999,1,1,0.59850040486059897,True,False,False,4.5102810375396984e-17,7.6327832942979512e-17,0.0015502342325080585,0.00073990283137875205
2025-05-20,0.0060377946279665147,0.0056439018842505797,-0.00026952577409605685,0.19694637185796762,0.39389274371593525,0.00039389274371593526,1,-2.7755575615628914e-17,0,0.28737542804106564,0.20967316153078649,True,True,every-bars,1,dataset-start,dataset,rebalance_threshold_met,within_ceiling,True,60,0.080557133604030037,0.078639522266034725,0.078639522266034725,0.078639522266034725,0.14999999999999999,1,1,0.19694637185796762,True,False,False,0,2.7755575615628914e-17,0.00049749904146009706,0.00021899172477307161
2025-05-21,0.0007157567698742452,0.00047429385812389571,0.0004511794179712183,0.12073145587517474,0.24146291175034948,0.00024146291175034947,1,0,0,0.29999999999999999,0.25513963280155005,True,True,every-bars,1,dataset-start,dataset,rebalance_threshold_met,within_ceiling,True,60,0.079609955706787819,0.089104075808463162,0.089104075808463162,0.089104075808463162,0.14999999999999999,1,1,0.12073145587517474,True,False,False,0,0,0.00033510616983375898,0.00016949404238364473
2025-05-22,0.00052827161661456027,0.00052755637178601429,-0.00057351771071626877,0.00035762241427300667,0.00071524482854601334,7.1524482854601335e-07,0.99885975707171393,8.3266726846886741e-17,0.0011402429282860727,0.29910929629987221,0.25437701072922797,True,True,every-bars,1,dataset-start,dataset,mandate_constraint_override,constraint_repaired,True,60,0.088097098835514004,0.088060247449452705,0.088060247449452705,0.088036795717880853,0.14999999999999999,1,1,0.0018834390982570837,False,False,True,0.00035762241427300667,8.3266726846886741e-17,2.6947757437795035e-06,7.5282090063816322e-07
2025-05-23,0.0094406020231664663,0.0091282807056400472,-0.0025066485006651948,0.15616065876320925,0.31232131752641851,0.00031232131752641852,1,-6.9388939039072284e-18,0,0.29796235353227485,0.23910220122791298,True,True,every-bars,1,dataset-start,dataset,rebalance_threshold_met,within_ceiling,True,60,0.087118433396017658,0.09220550732265051,0.09220550732265051,0.09220550732265051,0.14999999999999999,1,1,0.15616065876320925,True,False,False,0,6.9388939039072284e-18,0.0018488579329998646,0.00034045008531830169
2025-05-26,0.0011592013334871887,0.00098258223387493013,0.0007286865400336442,0.088309549806129289,0.17661909961225858,0.00017661909961225856,1,0,0,0.29999999999999999,0.25570163421959724,True,True,every-bars,1,dataset-start,dataset,rebalance_threshold_met,within_ceiling,True,60,0.092642266824217084,0.097452836914445437,0.097452836914445437,0.097452836914445437,0.14999999999999999,1,1,0.088309549806129289,True,False,False,0,0,0.00021195911758897874,0.00012051823729920958
2025-05-27,0.0082598355665315978,0.008252475423666453,0.0015758176367904333,0.0036800714325726791,0.0073601428651453582,7.3601428651453585e-06,1,5.5511151231257827e-17,0,0.29877252534811377,0.25549772675465687,True,True,every-bars,1,dataset-start,dataset,mandate_constraint_override,constraint_repaired,True,60,0.096477842697968441,0.093258040990760349,0.093258040990760349,0.095780562325810059,0.14999999999999999,1,1,0.032148609749998364,False,False,True,0.0036800714325726791,5.5511151231257827e-17,1.4764219996561664e-05,6.8527962121652291e-06
2025-05-28,-0.011898944663551897,-0.012091755612978322,-0.00022731834243683302,0.096405474713212397,0.19281094942642479,0.00019281094942642479,1,-2.7755575615628914e-17,0,0.29999999999999999,0.25575899597553342,True,True,every-bars,1,dataset-start,dataset,rebalance_threshold_met,within_ceiling,True,60,0.092048223464880896,0.089015555851701955,0.089015555851701955,0.089015555851701955,0.14999999999999999,1,1,0.096405474713212397,True,False,False,0,2.7755575615628914e-17,0.0004074601392702086,0.00018055677037176425
2025-05-29,0.012974943252054739,0.012827668911197684,0.00049736599228250556,0.073637170428527965,0.14727434085705593,0.00014727434085705593,1,0,0,0.29999999999999999,0.26000000000000001,True,True,every-bars,1,dataset-start,dataset,rebalance_threshold_met,within_ceiling,True,60,0.094036181501156682,0.093845768989293407,0.093845768989293407,0.093845768989293407,0.14999999999999999,1,1,0.073637170428527965,True,False,False,0,0,0.0005574593437657902,0.00018306385371962141
2025-05-30,-0.0076233754759168423,-0.0078223488029979978,-0.00036536044183775151,0.099486663540577447,0.19897332708115489,0.00019897332708115491,1,0,0,0.29999999999999999,0.25872899642305575,True,True,every-bars,1,dataset-start,dataset,rebalance_threshold_met,within_ceiling,True,60,0.095209222884420686,0.10581965656627686,0.10581965656627686,0.10581965656627686,0.14999999999999999,1,1,0.099486663540577447,True,False,False,0,0,0.00087688313456581635,0.00022219064107687056
2025-06-02,-0.00072859541836344909,-0.00074112848163723039,-0.00068587099657896355,0.0062665316368906293,0.012533063273781259,1.2533063273781258e-05,1,-1.1102230246251565e-16,0,0.29786092981591095,0.25817660702432155,True,True,every-bars,1,dataset-start,dataset,mandate_constraint_override,constraint_repaired,True,60,0.10607753466652033,0.10574520395473931,0.10574520395473931,0.10455318012687939,0.14999999999999999,1,1,0.012449544847933702,False,False,True,0.0062665316368906293,1.1102230246251565e-16,2.6205644417775175e-05,9.4374754651443845e-06
2025-06-03,0.0032819418511845786,0.0030995965924508601,0.00078870447248237862,0.091172629366859201,0.1823452587337184,0.00018234525873371841,1,0,0,0.29999999999999999,0.26000000000000001,True,True,every-bars,1,dataset-start,dataset,rebalance_threshold_met,within_ceiling,True,60,0.10410305243509464,0.095411702616149938,0.095411702616149938,0.095411702616149938,0.14999999999999999,1,1,0.091172629366859201,True,False,False,0,0,0.00059148342165393395,0.00016771434574421374
2025-06-04,-0.0027087686115868058,-0.0032816245675844676,-0.001306931753144188,0.28642797799883102,0.57285595599766204,0.00057285595599766205,1,-2.7755575615628914e-17,0,0.29999999999999999,0.2569013705516856,True,True,every-bars,1,dataset-start,dataset,rebalance_threshold_met,within_ceiling,True,60,0.094982293933388973,0.089400871306117832,0.089400871306117832,0.089400871306117832,0.14999999999999999,1,1,0.28642797799883102,True,False,False,0,2.7755575615628914e-17,0.0033585565676034178,0.00075101312540357308
2025-06-05,0.0019677358083972935,0.0013241162982925597,-0.0015802895372175236,0.32180975505236686,0.64361951010473373,0.00064361951010473374,1,0,0,0.29999999999999999,0.2357647345001414,True,True,every-bars,1,dataset-start,dataset,rebalance_threshold_met,within_ceiling,True,60,0.088876616122611385,0.097676631062649427,0.097676631062649427,0.097676631062649427,0.14999999999999999,1,1,0.32180975505236686,True,False,False,0,0,0.0022257894949186323,0.00069098290820459284
2025-06-06,0.0041968485208361255,0.0031714482367375604,0.0001897815835270409,0.5127001420492826,1.0254002840985652,0.0010254002840985653,1,-5.5511151231257827e-17,0,0.28193909360545627,0.21141470038988752,True,True,every-bars,1,dataset-start,dataset,rebalance_threshold_met,within_ceiling,True,60,0.097473012671388498,0.11414306633440741,0.11414306633440741,0.11414306633440741,0.14999999999999999,1,1,0.5127001420492826,True,False,False,0,5.5511151231257827e-17,0.0016645883573094646,0.00085016073530775032
2025-06-09,0.0015828613839543547,0.00074103418737159362,-0.0022926729262009262,0.42091359829138053,0.84182719658276106,0.0008418271965827611,1,0,0,0.29999999999999999,0.23558648691494172,True,True,every-bars,1,dataset-start,dataset,rebalance_threshold_met,within_ceiling,True,60,0.11438993954079267,0.088018754611764463,0.088018754611764463,0.088018754611764463,0.14999999999999999,1,1,0.42091359829138053,True,False,False,0,0,0.0019092893571625812,0.00057145408798170893
2025-06-10,-0.0032592461985570193,-0.0033903136009693414,0.0003913447224958384,0.065533701206160977,0.13106740241232195,0.00013106740241232195,1,0,0,0.29999999999999999,0.26000000000000001,True,True,every-bars,1,dataset-start,dataset,rebalance_threshold_met,within_ceiling,True,60,0.087212719777930228,0.091135340732062795,0.091135340732062795,0.091135340732062795,0.14999999999999999,1,1,0.065533701206160977,True,False,False,0,0,0.00086254914883237578,0.00021039096865687861
2025-06-11,0.00050049860463361991,-0.00052190615877559178,-0.00071238273189150369,0.51120238170460586,1.0224047634092117,0.0010224047634092117,0.99999999999999989,0,1.1102230246251565e-16,0.26820487045987063,0.20796827216235386,True,True,every-bars,1,dataset-start,dataset,rebalance_threshold_met,within_ceiling,True,60,0.092158151391605464,0.089268973290511658,0.089268973290511658,0.089268973290511658,0.14999999999999999,1,1,0.51120238170460586,True,False,False,0,0,0.0018652212817820645,0.00080589301052138077
2025-06-12,0.0009923628740507544,0.00072383715692444042,-0.0018366237509142382,0.13426285856315701,0.26852571712631401,0.00026852571712631399,1,-5.5511151231257827e-17,0,0.27076324892073755,0.20862745201988611,True,True,every-bars,1,dataset-start,dataset,rebalance_threshold_met,within_ceiling,True,60,0.088471955647701328,0.09077037013012261,0.09077037013012261,0.09077037013012261,0.14999999999999999,1,1,0.13426285856315701,True,False,False,0,5.5511151231257827e-17,0.00045960115715887632,0.0001430525883072717
2025-06-13,-0.0044639890467057224,-0.0047210733601887262,-0.00010706901089346799,0.12854215674150188,0.25708431348300376,0.0002570843134830038,1,0,0,0.27431692292878168,0.21027482153603577,True,True,every-bars,1,dataset-start,dataset,rebalance_threshold_met,within_ceiling,True,60,0.090102612256179077,0.089734332980542536,0.089734332980542536,0.089734332980542536,0.14999999999999999,1,1,0.12854215674150188,True,False,False,0,0,0.0013133822590152275,0.00036560782213096248
2025-06-16,0.00067992871806665529,0.00018100721414086559,-0.0013517231092122033,0.24946075196289486,0.49892150392578971,0.0004989215039257897,1,0,0,0.29999999999999999,0.25697712958225216,True,True,every-bars,1,dataset-start,dataset,rebalance_threshold_met,within_ceiling,True,60,0.089607608464146296,0.10542339718482013,0.10542339718482013,0.10542339718482013,0.14999999999999999,1,1,0.24946075196289486,True,False,False,0,0,0.0023216731549140397,0.0010289849599907416
2025-06-17,-0.0048756581754773043,-0.0052218345031256937,-0.0020001836918240312,0.17308816382419487,0.34617632764838974,0.00034617632764838977,1,5.5511151231257827e-17,0,0.29999999999999999,0.23224188405729471,True,True,every-bars,1,dataset-start,dataset,rebalance_threshold_met,within_ceiling,True,60,0.10510827976635727,0.11786634490326575,0.11786634490326575,0.11786634490326575,0.14999999999999999,1,1,0.17308816382419487,True,False,False,0,5.5511151231257827e-17,0.0091023960397680417,0.001682563687052583
2025-06-18,0.0040031734710092651,0.0032080706029319287,-0.0024150250062099734,0.39755143403866827,0.79510286807733654,0.00079510286807733658,1,-5.5511151231257827e-17,0,0.27837360972792013,0.25302506810601366,True,True,every-bars,1,dataset-start,dataset,rebalance_threshold_met,within_ceiling,True,60,0.11811357776731068,0.1006754811828012,0.1006754811828012,0.1006754811828012,0.14999999999999999,1,1,0.39755143403866827,True,False,False,0,5.5511151231257827e-17,0.012489161033129274,0.0036262866221326803
2025-06-19,0.00024649426705573309,-0.00020658394591977435,-0.00076950765091312234,0.22653910648775372,0.45307821297550743,0.00045307821297550744,1,5.5511151231257827e-17,0,0.29999999999999999,0.23418390362984487,True,True,every-bars,1,dataset-start,dataset,rebalance_threshold_met,within_ceiling,True,60,0.10024519785227551,0.097771916953175414,0.097771916953175414,0.097771916953175414,0.14999999999999999,1,1,0.22653910648775372,True,False,False,4.163336342344337e-17,2.7755575615628914e-17,0.0027656575821285224,0.00080955288100318659
2025-06-20,-0.0084739594785017656,-0.0090811126952438214,-0.0023710194480272007,0.30357660837102762,0.60715321674205525,0.00060715321674205522,1,-2.0816681711721685e-17,0,0.29999999999999999,0.24075205889647563,True,True,every-bars,1,dataset-start,dataset,rebalance_threshold_met,within_ceiling,True,60,0.097902966075918557,0.086779127997579919,0.086779127997579919,0.086779127997579919,0.14999999999999999,1,1,0.30357660837102762,True,False,False,0,2.0816681711721685e-17,0.011536508814056049,0.0025714826347627601
2025-06-23,0.0052658924906617589,0.0052573461094955675,-0.0014749870079115985,0.0042731905830959011,0.0085463811661918021,8.5463811661918027e-06,0.99840101137641235,-1.3877787807814457e-17,0.0015989886235876494,0.29838439839208175,0.23952267017561502,True,True,every-bars,1,dataset-start,dataset,mandate_constraint_override,constraint_repaired,True,60,0.088851114500831593,0.087598540573962005,0.087598540573962005,0.087945964791163678,0.14999999999999999,1,1,0.017310557592789072,False,False,True,0.0042731905830959011,1.3877787807814457e-17,5.5068766960236899e-05,1.6478669625854702e-05
2025-06-24,-0.0092365527498529873,-0.0092417910579762393,-0.0012794487678698574,0.0026191540616259182,0.0052383081232518364,5.2383081232518367e-06,0.98198821840355888,-6.2450045135165055e-17,0.018011781596441123,0.2936916532694579,0.23166305078814672,True,True,every-bars,1,dataset-start,dataset,mandate_constraint_override,constraint_repaired,True,60,0.086964129066119986,0.088016320011824398,0.088016320011824398,0.086597914255537256,0.14999999999999999,1,1,0.011712814259694292,False,False,True,0.0026191540616259182,6.2450045135165055e-17,2.7472426379684178e-05,7.2095529437461747e-06
2025-06-25,-0.001840200062235532,-0.0025792222712713027,-0.00078692510645208169,0.36951110451788538,0.73902220903577076,0.00073902220903577078,1,-2.7755575615628914e-17,0,0.29999999999999999,0.24304617274578227,True,True,every-bars,1,dataset-start,dataset,rebalance_threshold_met,within_ceiling,True,60,0.089102171211044787,0.08990492476430563,0.08990492476430563,0.08990492476430563,0.14999999999999999,1,1,0.36951110451788538,True,False,False,0,2.7755575615628914e-17,0.0020968563657057532,0.0010986391255282189
2025-06-26,-0.00094476297627088253,-0.0017305384419601336,-0.001036537813947469,0.39288773284462553,0.78577546568925105,0.000785775465689251,1,-5.5511151231257827e-17,0,0.29999999999999999,0.23761455498160047,True,True,every-bars,1,dataset-start,dataset,rebalance_threshold_met,within_ceiling,True,60,0.090756761773214567,0.104463087989147,0.104463087989147,0.104463087989147,0.14999999999999999,1,1,0.39288773284462553,True,False,False,0,5.5511151231257827e-17,0.0052576739333940253,0.0018096414035528219
2025-06-27,0.0060864863595295072,0.0055714964869292439,-0.0013887070777552912,0.25749493630013143,0.51498987260026285,0.00051498987260026287,1,0,0,0.29999999999999999,0.26000000000000001,True,True,every-bars,1,dataset-start,dataset,rebalance_threshold_met,within_ceiling,True,60,0.10413856902939575,0.11330703155696811,0.11330703155696811,0.11330703155696811,0.14999999999999999,1,1,0.25749493630013143,True,False,False,0,0,0.0089639272567037607,0.0021360775722205866
2025-06-30,0.0027722464232803469,0.002412894759069278,-0.0011557190895274032,0.17967583210553445,0.3593516642110689,0.0003593516642110689,1,-5.5511151231257827e-17,0,0.29999999999999999,0.24031295490208845,True,True,every-bars,1,dataset-start,dataset,rebalance_threshold_met,within_ceiling,True,60,0.11252748204192382,0.11377829521072294,0.11377829521072294,0.11377829521072294,0.14999999999999999,1,1,0.17967583210553445,True,False,False,4.163336342344337e-17,0,0.0016213649048962288,0.00047017572153603527
2025-07-01,9.2285175191790005e-05,8.9520592871957864e-05,-0.0012290343696822288,0.0013822911599160707,0.0027645823198321415,2.7645823198321414e-06,0.99561181509249508,5.5511151231257827e-17,0.0043881849075049217,0.29833335621721219,0.23814942138910561,True,True,every-bars,1,dataset-start,dataset,mandate_constraint_override,constraint_repaired,True,60,0.11358204383529062,0.11387066958298615,0.11387066958298615,0.11332097025657306,0.14999999999999999,1,1,0.0065071255262654192,False,False,True,0.0013822911599160707,5.5511151231257827e-17,1.1004502245695003e-05,3.60312880645223e-06
2025-07-02,-0.0036650403923453936,-0.0038785775245142968,3.6429466635068408e-05,0.10676856608445154,0.21353713216890308,0.00021353713216890307,1,-5.5511151231257827e-17,0,0.29999999999999999,0.24121825545887002,True,True,every-bars,1,dataset-start,dataset,rebalance_threshold_met,within_ceiling,True,60,0.11264761226894023,0.11597050320626151,0.11597050320626151,0.11597050320626151,0.14999999999999999,1,1,0.10676856608445154,True,False,False,0,5.5511151231257827e-17,0.00060312554861839305,0.00021230930545077073
2025-07-03,-0.0027283034916164989,-0.0033195646386988365,-0.00041684059325469724,0.29563057354116884,0.59126114708233768,0.00059126114708233767,1,0,0,0.29253566237781575,0.21443531804674162,True,True,every-bars,1,dataset-start,dataset,rebalance_threshold_met,within_ceiling,True,60,0.11667890321868644,0.097819468758995637,0.097819468758995637,0.097819468758995637,0.14999999999999999,1,1,0.29563057354116884,True,False,False,0,0,0.0051238480562330324,0.0014860213705465601
2025-07-04,-0.0020274983545017487,-0.0022677858290806158,-0.0014578914557039264,0.12014373728943355,0.24028747457886709,0.00024028747457886709,0.99999999999999978,0,2.2204460492503131e-16,0.28935068510893402,0.2124367491654221,True,True,every-bars,1,dataset-start,dataset,rebalance_threshold_met,within_ceiling,True,60,0.097763501420434454,0.1068139293540957,0.1068139293540957,0.1068139293540957,0.14999999999999999,1,1,0.12014373728943355,True,False,False,4.8572257327350599e-17,5.5511151231257827e-17,0.0031067949441773691,0.00091138289224634763
2025-07-07,0.0034547291672025779,0.002790474915133504,-0.0009940658902499917,0.33212712603453687,0.66425425206907374,0.0006642542520690737,1,5.5511151231257827e-17,0,0.29999999999999999,0.23788074115704705,True,True,every-bars,1,dataset-start,dataset,rebalance_threshold_met,within_ceiling,True,60,0.10326625091292635,0.10422250361893141,0.10422250361893141,0.10422250361893141,0.14999999999999999,1,1,0.33212712603453687,True,False,False,0,5.5511151231257827e-17,0.0028044780994140686,0.0013947863425452795
2025-07-08,0.004546206049695415,0.0045427632145910654,-0.0040348249207360909,0.0017214175521748781,0.0034428351043497563,3.4428351043497562e-06,0.99448598211756822,0,0.0055140178824317765,0.29643660761808022,0.23557964814042109,True,True,every-bars,1,dataset-start,dataset,mandate_constraint_override,constraint_repaired,True,60,0.10404164972303638,0.10355797273509508,0.10355797273509508,0.10365351902328744,0.14999999999999999,1,1,0.011096619018735647,False,False,True,0.0017214175521748781,0,2.2823719701812525e-05,7.4622964696618465e-06
2025-07-09,-0.004192238388856271,-0.004839976342309405,0.00091503060241130774,0.32386897672656711,0.64773795345313423,0.00064773795345313427,1,-4.163336342344337e-17,0,0.29841971827220209,0.23814798957235511,True,True,every-bars,1,dataset-start,dataset,rebalance_threshold_met,within_ceiling,True,60,0.10243736117497509,0.10217300240402737,0.10217300240402737,0.10217300240402737,0.14999999999999999,1,1,0.32386897672656711,True,False,False,0,4.163336342344337e-17,0.0063760758483872443,0.0016742833748870959
2025-07-10,0.0072361440470349453,0.0068703861843542255,-0.0011123253132048387,0.18287893134036007,0.36575786268072014,0.00036575786268072013,0.99999999999999989,6.9388939039072284e-18,1.1102230246251565e-16,0.27048854392133198,0.21214055080242672,True,True,every-bars,1,dataset-start,dataset,rebalance_threshold_met,within_ceiling,True,60,0.10053726188065978,0.095890952300685894,0.095890952300685894,0.095890952300685894,0.14999999999999999,1,1,0.18287893134036007,True,False,False,0,6.9388939039072284e-18,0.0050098228446551641,0.0011506147661533845
2025-07-11,-0.006168044063877387,-0.0065092498647857898,-3.3801538178594324e-05,0.1706029004542014,0.3412058009084028,0.00034120580090840277,1,0,0,0.29999999999999999,0.26000000000000001,True,True,every-bars,1,dataset-start,dataset,rebalance_threshold_met,within_ceiling,True,60,0.094188867780021057,0.10388210143746919,0.10388210143746919,0.10388210143746919,0.14999999999999999,1,1,0.1706029004542014,True,False,False,0,0,0.002308615704470789,0.00093051074398814622
2025-07-14,0.00089012019445194792,8.1099523288492349e-05,-0.0014686267573538563,0.40451033558172783,0.80902067116345566,0.00080902067116345557,1,0,0,0.29999999999999999,0.26000000000000001,True,True,every-bars,1,dataset-start,dataset,rebalance_threshold_met,within_ceiling,True,60,0.10571211930613598,0.10312715562236896,0.10312715562236896,0.10312715562236896,0.14999999999999999,1,1,0.40451033558172783,True,False,False,0,0,0.005247627592562653,0.0015836291160891984
2025-07-15,0.0060092380509339238,0.0060069920176226239,-0.0033944614572297871,0.0011230166556500387,0.0022460333113000774,2.2460333113000775e-06,0.99736716306893491,-2.7755575615628914e-17,0.0026328369310650857,0.29999999999999999,0.25801679726755244,True,True,every-bars,1,dataset-start,dataset,mandate_constraint_override,constraint_repaired,True,60,0.10094113022407494,0.10126659961787093,0.10126659961787093,0.1006871449524564,0.14999999999999999,1,1,0.0055595594010178079,False,False,True,0.0011230166556500387,2.7755575615628914e-17,6.8896737956392729e-05,1.5416728489828915e-05
2025-07-16,0.011481646885316728,0.011169293134801138,-0.0016646261339148443,0.15617687525779547,0.31235375051559094,0.00031235375051559094,0.99999999999999989,0,1.1102230246251565e-16,0.29999999999999999,0.24210800825656889,True,True,every-bars,1,dataset-start,dataset,rebalance_threshold_met,within_ceiling,True,60,0.10035175441166207,0.097779487558958517,0.097779487558958517,0.097779487558958517,0.14999999999999999,1,1,0.15617687525779547,True,False,False,0,0,0.002350456726227702,0.00061095733835497205
2025-07-17,0.0014529990625588886,0.0011329044684879616,0.00080072112714476185,0.16004729703546344,0.32009459407092689,0.00032009459407092688,1,5.5511151231257827e-17,0,0.28670629968365341,0.21953878853495293,True,True,every-bars,1,dataset-start,dataset,rebalance_threshold_met,within_ceiling,True,60,0.096879269453285052,0.10659453600175717,0.10659453600175717,0.10659453600175717,0.14999999999999999,1,1,0.16004729703546344,True,False,False,4.5102810375396984e-17,5.5511151231257827e-17,0.0014865165752269485,0.00051411541560931085
2025-07-18,0.0023070014751550767,0.0023055505842356633,-0.0023481536465778476,0.00072544545970662858,0.0014508909194132572,1.4508909194132571e-06,0.99975983046738326,-1.3877787807814457e-16,0.00024016953261674079,0.2880342470238289,0.2205034990904558,True,True,every-bars,1,dataset-start,dataset,mandate_constraint_override,constraint_repaired,True,60,0.10693328678915222,0.1059426107267927,0.1059426107267927,0.10679166849357788,0.14999999999999999,1,1,0.0080350897868991487,False,False,True,0.00072544545970662858,1.3877787807814457e-16,1.1560408702371174e-05,3.1415618800565584e-06
2025-07-21,0.0080858124610659818,0.0080835107695964425,-0.0016622321427171016,0.0011508457347697079,0.0023016914695394158,2.3016914695394158e-06,0.99169837664267579,-5.5511151231257827e-17,0.008301623357324206,0.28535954217701121,0.21659984253015355,True,True,every-bars,1,dataset-start,dataset,mandate_constraint_override,constraint_repaired,True,60,0.10514940215901977,0.10546158646663438,0.10546158646663438,0.10492431984320724,0.14999999999999999,1,1,0.010693145689178982,False,False,True,0.0011508457347697079,5.5511151231257827e-17,1.8703521596388006e-05,4.6206842946069021e-06
2025-07-22,0.0020768212802683224,0.0020688003237573625,0.00022548185547061061,0.0040104782554799719,0.0080209565109599437,8.0209565109599432e-06,0.9721541790989765,0,0.027845820901023499,0.27737801420114189,0.20726321981635215,True,True,every-bars,1,dataset-start,dataset,mandate_constraint_override,constraint_repaired,True,60,0.10426500730694035,0.10656112972967813,0.10656112972967813,0.10348009763710901,0.14999999999999999,1,1,0.028232247517232186,False,False,True,0.0040104782554799719,0,0.00011972258290346756,2.4699581635411616e-05
2025-07-23,-0.0060050579140460752,-0.0062566737697161683,-0.0029891629316616819,0.12580792783504657,0.25161585567009315,0.00025161585567009317,1,0,0,0.29999999999999999,0.26000000000000001,True,True,every-bars,1,dataset-start,dataset,rebalance_threshold_met,within_ceiling,True,60,0.10045618024409435,0.11746706732204391,0.11746706732204391,0.11746706732204391,0.14999999999999999,1,1,0.12580792783504657,True,False,False,0,0,0.00074345530652273858,0.00053292191410484531
2025-07-24,0.0050904470340185394,0.0050844056975289957,-0.002296441125788566,0.0030206682447720401,0.0060413364895440802,6.0413364895440804e-06,0.99967176087858167,-2.7755575615628914e-17,0.00032823912141832778,0.29872721385099343,0.25927186813326164,True,True,every-bars,1,dataset-start,dataset,mandate_constraint_override,constraint_repaired,True,60,0.11675437298630281,0.11609687236908939,0.11609687236908939,0.11596944150401511,0.14999999999999999,1,1,0.0041293348330694452,False,False,True,0.0030206682447720401,2.7755575615628914e-17,8.1341944661923602e-05,1.5137347453095439e-05
2025-07-25,-0.0067194859303174957,-0.0067245505959394204,-0.00036305492918111294,0.0025323328109625176,0.0050646656219250352,5.064665621925035e-06,0.99076883788649439,2.7755575615628914e-17,0.0092311621135056088,0.29786216491033718,0.25514995224250825,True,True,every-bars,1,dataset-start,dataset,mandate_constraint_override,constraint_repaired,True,60,0.11579786199428238,0.11630150376825009,0.11630150376825009,0.11522295874662246,0.14999999999999999,1,1,0.0035924096162509994,False,False,True,0.0025323328109625176,2.7755575615628914e-17,2.9762537609414994e-05,9.8007274475632813e-06
2025-07-28,-0.0025376790692450985,-0.0034269665198602751,-0.00074284569626805299,0.44464372530758822,0.88928745061517644,0.00088928745061517646,0.99999999999999989,-9.0205620750793969e-17,1.1102230246251565e-16,0.29193739347834624,0.22621746338414378,True,True,every-bars,1,dataset-start,dataset,rebalance_threshold_met,within_ceiling,True,60,0.11157287155505992,0.10452408981999542,0.10452408981999542,0.10452408981999542,0.14999999999999999,1,1,0.44464372530758822,True,False,False,4.8572257327350599e-17,3.4694469519536142e-17,0.0046310535567263009,0.0019834478060475592
2025-07-29,0.0016042085895845741,0.0013390900664684844,-0.0032354186853391642,0.13255926155804487,0.26511852311608974,0.00026511852311608973,1,5.5511151231257827e-17,0,0.29999999999999999,0.23035934409463557,True,True,every-bars,1,dataset-start,dataset,rebalance_threshold_met,within_ceiling,True,60,0.10489847104173802,0.10687742425360314,0.10687742425360314,0.10687742425360314,0.14999999999999999,1,1,0.13255926155804487,True,False,False,0,5.5511151231257827e-17,0.002056507818977869,0.00070514043612570243
2025-07-30,-0.0020509090128263403,-0.0024177455665176507,0.0015165633705727468,0.18341827684565515,0.3668365536913103,0.0003668365536913103,1,0,0,0.29999999999999999,0.26000000000000001,True,True,every-bars,1,dataset-start,dataset,rebalance_threshold_met,within_ceiling,True,60,0.10483481894495696,0.10968056054218428,0.10968056054218428,0.10968056054218428,0.14999999999999999,1,1,0.18341827684565515,True,False,False,0,0,0.0013005475947051902,0.00067195972195349164
2025-07-31,-0.0065809685545627616,-0.007063326379530695,-0.0015997641225926067,0.24117891248396667,0.48235782496793334,0.00048235782496793337,1,2.7755575615628914e-17,0,0.29999999999999999,0.24355781285822689,True,True,every-bars,1,dataset-start,dataset,rebalance_threshold_met,within_ceiling,True,60,0.10985906330692105,0.10278243074899177,0.10278243074899177,0.10278243074899177,0.14999999999999999,1,1,0.24117891248396667,True,False,False,0,2.7755575615628914e-17,0.0036041593657185874,0.0013661985849353691
2025-08-01,-0.0018274891559112905,-0.0024104173631144463,0.00014489201743815127,0.29146410360157782,0.58292820720315563,0.0005829282072031557,1,0,0,0.29999999999999999,0.22873376374266086,True,True,every-bars,1,dataset-start,dataset,rebalance_threshold_met,within_ceiling,True,60,0.10347536329554041,0.10161773144595036,0.10161773144595036,0.10161773144595036,0.14999999999999999,1,1,0.29146410360157782,True,False,False,0,0,0.0058714374460531443,0.0015563135345533559
2025-08-04,0.00074877081230531693,0.00032562590086788074,-0.0026805968998884202,0.21157245571871808,0.42314491143743616,0.00042314491143743618,0.99999999999999989,0,1.1102230246251565e-16,0.29999999999999999,0.22897191796361374,True,True,every-bars,1,dataset-start,dataset,rebalance_threshold_met,within_ceiling,True,60,0.10144854121792751,0.10197145606230694,0.10197145606230694,0.10197145606230694,0.14999999999999999,1,1,0.21157245571871808,True,False,False,0,0,0.0030432395034129048,0.00088283522025144284
2025-08-05,-0.0098461403854233839,-0.010658745851885029,-0.0010200985064717967,0.40630273323082211,0.81260546646164422,0.00081260546646164415,0.99999999999999989,6.2450045135165055e-17,1.1102230246251565e-16,0.23321802881526657,0.20126982293570317,True,True,every-bars,1,dataset-start,dataset,rebalance_threshold_met,within_ceiling,True,60,0.10110083096891342,0.093093359767474848,0.093093359767474848,0.093093359767474848,0.14999999999999999,1,1,0.40630273323082211,True,False,False,6.2450045135165055e-17,4.8572257327350599e-17,0.0044714771206404141,0.0020420980856491766
2025-08-06,0.0010389873654986798,0.00013669329196697654,-0.00081681261023106933,0.45114703676585166,0.90229407353170332,0.00090229407353170329,1,5.5511151231257827e-17,0,0.29344701183357708,0.2409509160306289,True,True,every-bars,1,dataset-start,dataset,rebalance_threshold_met,within_ceiling,True,60,0.095547527677774302,0.090441748695610905,0.090441748695610905,0.090441748695610905,0.14999999999999999,1,1,0.45114703676585166,True,False,False,0,5.5511151231257827e-17,0.0035170996425053242,0.0015746826204008351
2025-08-07,-0.0071078660987467877,-0.0076931405058569945,-0.00052925598735475889,0.29263720355510359,0.58527440711020717,0.00058527440711020708,1,-5.5511151231257827e-17,0,0.27172446208200118,0.25177488701276646,True,True,every-bars,1,dataset-start,dataset,rebalance_threshold_met,within_ceiling,True,60,0.088293494130768757,0.094635812741953956,0.094635812741953956,0.094635812741953956,0.14999999999999999,1,1,0.29263720355510359,True,False,False,0,5.5511151231257827e-17,0.00438751675774798,0.0012175935086064596
2025-08-08,0.0060275836513813269,0.0056214277745330523,-0.0010374214412433394,0.20307793842413713,0.40615587684827426,0.00040615587684827422,0.99999999999999989,5.5511151231257827e-17,1.1102230246251565e-16,0.27028520690487912,0.2265912933127279,True,True,every-bars,1,dataset-start,dataset,rebalance_threshold_met,within_ceiling,True,60,0.09428275108599983,0.099293846200279895,0.099293846200279895,0.099293846200279895,0.14999999999999999,1,1,0.20307793842413713,True,False,False,3.1225022567582528e-17,0,0.0069723691336907112,0.0015432613594190188
