timestamp,gross_return,net_return,benchmark_return,one_way_turnover,traded_notional,cost,gross_exposure,net_exposure,cash_weight,max_abs_weight,concentration_hhi,rebalanced,decision_eligible,decision_schedule_kind,decision_every_bars,decision_anchor,decision_session,execution_reason,execution_risk_status,execution_risk_forecast_available,execution_risk_observations,pretrade_risk_forecast_annualized,proposed_risk_forecast_pre_annualized,proposed_risk_forecast_post_annualized,executed_risk_forecast_annualized,execution_risk_ceiling_annualized,proposed_runtime_risk_scale,execution_risk_repair_scale,proposed_one_way_turnover,ordinary_rebalance,risk_rebalance_override,constraint_rebalance_override,constraint_repair_one_way,executed_constraint_maximum_error,max_participation,mean_participation
2024-01-02,0,0,9.5799927451789611e-05,0,0,0,0,0,1,0,0,False,True,every-bars,1,dataset-start,dataset,portfolio_no_trade_band,flat,True,0,0,0,0,0,0.14999999999999999,1,1,0,False,False,False,0,0,0,0
2024-01-03,0,0,-0.00030717445758671175,0,0,0,0,0,1,0,0,False,True,every-bars,1,dataset-start,dataset,portfolio_no_trade_band,flat,True,0,0,0,0,0,0.14999999999999999,1,1,0,False,False,False,0,0,0,0
2024-01-04,0,0,-0.0002001847087109154,0,0,0,0,0,1,0,0,False,True,every-bars,1,dataset-start,dataset,portfolio_no_trade_band,flat,True,0,0,0,0,0,0.14999999999999999,1,1,0,False,False,False,0,0,0,0
2024-01-05,0,0,-4.3126983264187119e-07,0,0,0,0,0,1,0,0,False,True,every-bars,1,dataset-start,dataset,portfolio_no_trade_band,flat,True,0,0,0,0,0,0.14999999999999999,1,1,0,False,False,False,0,0,0,0
2024-01-08,0,0,0.0029071664573419769,0,0,0,0,0,1,0,0,False,True,every-bars,1,dataset-start,dataset,portfolio_no_trade_band,flat,True,0,0,0,0,0,0.14999999999999999,1,1,0,False,False,False,0,0,0,0
2024-01-09,0,0,-0.00013281169145303487,0,0,0,0,0,1,0,0,False,True,every-bars,1,dataset-start,dataset,portfolio_no_trade_band,flat,True,0,0,0,0,0,0.14999999999999999,1,1,0,False,False,False,0,0,0,0
2024-01-10,0,0,-0.001533195772726611,0,0,0,0,0,1,0,0,False,True,every-bars,1,dataset-start,dataset,portfolio_no_trade_band,flat,True,0,0,0,0,0,0.14999999999999999,1,1,0,False,False,False,0,0,0,0
2024-01-11,0,0,0.00040095257449433247,0,0,0,0,0,1,0,0,False,True,every-bars,1,dataset-start,dataset,portfolio_no_trade_band,flat,True,0,0,0,0,0,0.14999999999999999,1,1,0,False,False,False,0,0,0,0
2024-01-12,0,0,0.0015487072719669874,0,0,0,0,0,1,0,0,False,True,every-bars,1,dataset-start,dataset,portfolio_no_trade_band,flat,True,0,0,0,0,0,0.14999999999999999,1,1,0,False,False,False,0,0,0,0
2024-01-15,0,0,-0.00044233918351734513,0,0,0,0,0,1,0,0,False,True,every-bars,1,dataset-start,dataset,portfolio_no_trade_band,flat,True,0,0,0,0,0,0.14999999999999999,1,1,0,False,False,False,0,0,0,0
2024-01-16,0,0,-0.0014836926246838598,0,0,0,0,0,1,0,0,False,True,every-bars,1,dataset-start,dataset,portfolio_no_trade_band,flat,True,0,0,0,0,0,0.14999999999999999,1,1,0,False,False,False,0,0,0,0
2024-01-17,0,0,0.00023849791336931036,0,0,0,0,0,1,0,0,False,True,every-bars,1,dataset-start,dataset,portfolio_no_trade_band,flat,True,0,0,0,0,0,0.14999999999999999,1,1,0,False,False,False,0,0,0,0
2024-01-18,0,0,0.001956383603460417,0,0,0,0,0,1,0,0,False,True,every-bars,1,dataset-start,dataset,portfolio_no_trade_band,flat,True,0,0,0,0,0,0.14999999999999999,1,1,0,False,False,False,0,0,0,0
2024-01-19,0,0,0.002385132107141585,0,0,0,0,0,1,0,0,False,True,every-bars,1,dataset-start,dataset,portfolio_no_trade_band,flat,True,0,0,0,0,0,0.14999999999999999,1,1,0,False,False,False,0,0,0,0
2024-01-22,0,0,0.00036047915514340412,0,0,0,0,0,1,0,0,False,True,every-bars,1,dataset-start,dataset,portfolio_no_trade_band,flat,True,0,0,0,0,0,0.14999999999999999,1,1,0,False,False,False,0,0,0,0
2024-01-23,0,0,0.00028491823648757475,0,0,0,0,0,1,0,0,False,True,every-bars,1,dataset-start,dataset,portfolio_no_trade_band,flat,True,0,0,0,0,0,0.14999999999999999,1,1,0,False,False,False,0,0,0,0
2024-01-24,0,0,0.0013776412993804867,0,0,0,0,0,1,0,0,False,True,every-bars,1,dataset-start,dataset,portfolio_no_trade_band,flat,True,0,0,0,0,0,0.14999999999999999,1,1,0,False,False,False,0,0,0,0
2024-01-25,0,0,0.0024502387048294101,0,0,0,0,0,1,0,0,False,True,every-bars,1,dataset-start,dataset,portfolio_no_trade_band,flat,True,0,0,0,0,0,0.14999999999999999,1,1,0,False,False,False,0,0,0,0
2024-01-26,0,0,0.0027387661642750971,0,0,0,0,0,1,0,0,False,True,every-bars,1,dataset-start,dataset,portfolio_no_trade_band,flat,True,0,0,0,0,0,0.14999999999999999,1,1,0,False,False,False,0,0,0,0
2024-01-29,0,0,0.001734683712026915,0,0,0,0,0,1,0,0,False,True,every-bars,1,dataset-start,dataset,portfolio_no_trade_band,flat,True,0,0,0,0,0,0.14999999999999999,1,1,0,False,False,False,0,0,0,0
2024-01-30,0.011738255539478193,0.010738255539478193,0.0015421567921681991,0.5,1,0.001,1,0,0,0.29999999999999999,0.25762114532662234,True,True,every-bars,1,dataset-start,dataset,rebalance_threshold_met,within_ceiling,True,20,0,0.10750092776293081,0.10750092776293081,0.10750092776293081,0.14999999999999999,1,1,0.5,True,False,False,0,0,0.0022582007940381323,0.00084798089056702076
2024-01-31,0.0035875304453491189,0.0034159407006999773,0.0026456888134835377,0.085794872324570712,0.17158974464914142,0.00017158974464914143,1,0,0,0.29999999999999999,0.26000000000000001,True,True,every-bars,1,dataset-start,dataset,rebalance_threshold_met,within_ceiling,True,21,0.11115925992187792,0.10594536454167937,0.10594536454167937,0.10594536454167937,0.14999999999999999,1,1,0.085794872324570712,True,False,False,0,0,0.00053736555695466331,0.00012820412788492233
2024-02-01,-0.0025425419514376515,-0.0027016613838527085,0.0017156324589844469,0.079559716207528511,0.15911943241505702,0.00015911943241505701,1,-2.7755575615628914e-17,0,0.29999999999999999,0.25647475522978658,True,True,every-bars,1,dataset-start,dataset,rebalance_threshold_met,within_ceiling,True,22,0.10388141638221338,0.11023752535280756,0.11023752535280756,0.11023752535280756,0.14999999999999999,1,1,0.079559716207528511,True,False,False,0,2.7755575615628914e-17,0.0003934217739025412,0.00013038035292242949
2024-02-02,0.0059692087865808709,0.0053990680709057109,7.1665116353647446e-05,0.28507035783758017,0.57014071567516034,0.00057014071567516031,0.99999999999999989,-2.7755575615628914e-17,1.1102230246251565e-16,0.28634486931219078,0.25420261706629049,True,True,every-bars,1,dataset-start,dataset,rebalance_threshold_met,within_ceiling,True,23,0.10793498766282746,0.10622414518699368,0.10622414518699368,0.10622414518699368,0.14999999999999999,1,1,0.28507035783758017,True,False,False,4.163336342344337e-17,5.5511151231257827e-17,0.0019748138361640184,0.00045668923674220562
2024-02-05,0.0003908206230182126,-0.00035111248145707624,0.001676242348319386,0.37096655223764441,0.74193310447528882,0.00074193310447528884,1,0,0,0.29999999999999999,0.2588143281208018,True,True,every-bars,1,dataset-start,dataset,rebalance_threshold_met,within_ceiling,True,24,0.10445366538132313,0.11790082477139623,0.11790082477139623,0.11790082477139623,0.14999999999999999,1,1,0.37096655223764441,True,False,False,0,0,0.0011396395512639653,0.00051828603647432353
2024-02-06,0.0055539602886750822,0.0050571349673330769,0.0013237544145784372,0.24841266067100271,0.49682532134200541,0.00049682532134200541,1,2.0816681711721685e-17,0,0.29999999999999999,0.24012401207283002,True,True,every-bars,1,dataset-start,dataset,rebalance_threshold_met,within_ceiling,True,25,0.11584690009909773,0.098468652251269523,0.098468652251269523,0.098468652251269523,0.14999999999999999,1,1,0.24841266067100271,True,False,False,0,2.0816681711721685e-17,0.00085305629678455823,0.00030170686924388212
2024-02-07,-0.0032946007687355131,-0.0035220202533195544,0.00012918314763952574,0.11370974229202063,0.22741948458404126,0.00022741948458404124,0.99999999999999989,-2.7755575615628914e-17,1.1102230246251565e-16,0.29999999999999999,0.2386647758439423,True,True,every-bars,1,dataset-start,dataset,rebalance_threshold_met,within_ceiling,True,26,0.096753932350456789,0.10681074284201593,0.10681074284201593,0.10681074284201593,0.14999999999999999,1,1,0.11370974229202063,True,False,False,0,2.7755575615628914e-17,0.00067857454233303659,0.00017301111372505586
2024-02-08,0.0013759676309488338,0.0011459039810973654,0.0034339233966844316,0.11503182492573424,0.23006364985146849,0.0002300636498514685,0.99999999999999989,-5.5511151231257827e-17,1.1102230246251565e-16,0.29999999999999999,0.23243502674382177,True,True,every-bars,1,dataset-start,dataset,rebalance_threshold_met,within_ceiling,True,27,0.10594818157642029,0.10729393272634727,0.10729393272634727,0.10729393272634727,0.14999999999999999,1,1,0.11503182492573424,True,False,False,4.163336342344337e-17,0,0.0014922141481178266,0.00028884284077669418
2024-02-09,0.001029727514983012,0.0006865499225683705,0.0010819459612967746,0.17158879620732076,0.34317759241464152,0.00034317759241464155,1,0,0,0.29999999999999999,0.2586590691893304,True,True,every-bars,1,dataset-start,dataset,rebalance_threshold_met,within_ceiling,True,28,0.10536305205168704,0.1041164771429038,0.1041164771429038,0.1041164771429038,0.14999999999999999,1,1,0.17158879620732076,True,False,False,0,0,0.00083432122521993305,0.00027183307992550444
2024-02-12,-0.010571289079308344,-0.010572317747575308,0.00055616301743170228,0.0005143341334823831,0.0010286682669647662,1.0286682669647662e-06,0.99805084687423984,0,0.0019491531257601613,0.29978040013047852,0.25752573589929412,True,True,every-bars,1,dataset-start,dataset,mandate_constraint_override,constraint_repaired,True,29,0.10209291461968073,0.10247351885195786,0.10247351885195786,0.10199212272564974,0.14999999999999999,1,1,0.0036794106057492365,False,False,True,0.0005143341334823831,0,4.9609622759815681e-06,1.1245068611951206e-06
2024-02-13,0.009777490261169669,0.0089575117940881958,0.0010977889224373925,0.40998923354073635,0.81997846708147271,0.00081997846708147274,1,0,0,0.29999999999999999,0.22217061724003023,True,True,every-bars,1,dataset-start,dataset,rebalance_threshold_met,within_ceiling,True,30,0.10677319682596603,0.11684213021698743,0.11684213021698743,0.11684213021698743,0.14999999999999999,1,1,0.40998923354073635,True,False,False,0,0,0.0010483514486572087,0.00068680952748530427
2024-02-14,0.0062083171830286336,0.0059714166207909657,0.0025855514444551582,0.11845028111883377,0.23690056223766753,0.00023690056223766751,1,0,0,0.29999999999999999,0.26000000000000001,True,True,every-bars,1,dataset-start,dataset,rebalance_threshold_met,within_ceiling,True,31,0.11650041815128076,0.12944081327692025,0.12944081327692025,0.12944081327692025,0.14999999999999999,1,1,0.11845028111883377,True,False,False,0,0,0.00040637732409072195,0.00021531747474516126
2024-02-15,-0.0004108841148245124,-0.00041705412661730842,0.0022622207592880028,0.0030850058963979993,0.0061700117927959985,6.1700117927959982e-06,0.98920751519752648,0,0.010792484802473523,0.29859238692975282,0.25487917596257359,True,True,every-bars,1,dataset-start,dataset,mandate_constraint_override,constraint_repaired,True,32,0.12805091048093201,0.12851259568471263,0.12851259568471263,0.12731549320591062,0.14999999999999999,1,1,0.003865386942118243,False,False,True,0.0030850058963979993,0,1.9690019225292598e-05,5.2770374805302766e-06
2024-02-16,-0.003836517329002032,-0.0041226936194666362,0.0022355183970508654,0.14308814523230196,0.28617629046460391,0.00028617629046460389,1,0,0,0.29999999999999999,0.24337514144160322,True,True,every-bars,1,dataset-start,dataset,rebalance_threshold_met,within_ceiling,True,33,0.12552961710505389,0.12363816280338208,0.12363816280338208,0.12363816280338208,0.14999999999999999,1,1,0.14308814523230196,True,False,False,0,0,0.0015844951515468148,0.000369561745875847
2024-02-19,0.00023442156387648913,0.00022292048171668205,0.0010406167106612092,0.00575054107990354,0.01150108215980708,1.150108215980708e-05,0.99875749193583752,-5.5511151231257827e-17,0.0012425080641624842,0.29999999999999999,0.2423469312350191,True,True,every-bars,1,dataset-start,dataset,mandate_constraint_override,constraint_repaired,True,34,0.12347264022013574,0.12224346789625996,0.12224346789625996,0.12186693580313708,0.14999999999999999,1,1,0.0078214201855734168,False,False,True,0.00575054107990354,5.5511151231257827e-17,2.6065083439918327e-05,7.7252228242247678e-06
2024-02-20,-0.0020797771758936157,-0.002603337945907063,0.00060728077033021333,0.26178038500672357,0.52356077001344714,0.00052356077001344716,1,0,0,0.29999999999999999,0.26000000000000001,True,True,every-bars,1,dataset-start,dataset,rebalance_threshold_met,within_ceiling,True,35,0.12012910520489598,0.10301443327551273,0.10301443327551273,0.10301443327551273,0.14999999999999999,1,1,0.26178038500672357,True,False,False,0,0,0.0025478358377288074,0.00054464973188829413
2024-02-21,-0.00049599556407731757,-0.00095110570636589118,0.0022650999663338576,0.2275550711442868,0.4551101422885736,0.00045511014228857361,1,4.163336342344337e-17,0,0.29999999999999999,0.2414391780963028,True,True,every-bars,1,dataset-start,dataset,rebalance_threshold_met,within_ceiling,True,36,0.10151454491908074,0.091105704344837737,0.091105704344837737,0.091105704344837737,0.14999999999999999,1,1,0.2275550711442868,True,False,False,0,4.163336342344337e-17,0.00076652059477913298,0.00024993711561479729
2024-02-22,-0.0059938178668304306,-0.0061365113845436043,0.00037191904739316189,0.071346758856586867,0.14269351771317373,0.00014269351771317373,1,0,0,0.29999999999999999,0.26000000000000001,True,True,every-bars,1,dataset-start,dataset,rebalance_threshold_met,within_ceiling,True,37,0.090193925606684211,0.089636660070861574,0.089636660070861574,0.089636660070861574,0.14999999999999999,1,1,0.071346758856586867,True,False,False,0,0,0.00027424051878436391,7.9332279092824079e-05
2024-02-23,-0.0058633674971920683,-0.0064362050711520699,-0.0015071311071440108,0.28641878698000089,0.57283757396000179,0.00057283757396000179,1,-2.7755575615628914e-17,0,0.29673280075962688,0.25630336267037224,True,True,every-bars,1,dataset-start,dataset,rebalance_threshold_met,within_ceiling,True,38,0.090299701152978459,0.095742333557101017,0.095742333557101017,0.095742333557101017,0.14999999999999999,1,1,0.28641878698000089,True,False,False,0,2.7755575615628914e-17,0.0010249101749105159,0.00045274558350945202
2024-02-26,0.002176285763190003,0.0015153283908662589,0.0017660656356042748,0.33047868616187215,0.6609573723237443,0.0006609573723237442,1,0,0,0.29999999999999999,0.23378215202853869,True,True,every-bars,1,dataset-start,dataset,rebalance_threshold_met,within_ceiling,True,39,0.095615910579218297,0.083790339357739704,0.083790339357739704,0.083790339357739704,0.14999999999999999,1,1,0.33047868616187215,True,False,False,0,0,0.0010621509180113492,0.00037924037019242308
2024-02-27,-0.00013153661238382198,-0.00078031528906386341,-0.0007704942742407147,0.32438933834002071,0.64877867668004141,0.00064877867668004146,1,-2.7755575615628914e-17,0,0.29999999999999999,0.25706482086687665,True,True,every-bars,1,dataset-start,dataset,rebalance_threshold_met,within_ceiling,True,40,0.083231160337280452,0.087191012507426613,0.087191012507426613,0.087191012507426613,0.14999999999999999,1,1,0.32438933834002071,True,False,False,0,2.7755575615628914e-17,0.0015724132019034702,0.00052776347562096275
2024-02-28,0.0027636022195174944,0.0017261108801337039,0.0017805258311212042,0.51874566969189528,1.0374913393837906,0.0010374913393837906,1,0,0,0.29999999999999999,0.24009608160985105,True,True,every-bars,1,dataset-start,dataset,rebalance_threshold_met,within_ceiling,True,41,0.08542994350682058,0.1025728117496895,0.1025728117496895,0.1025728117496895,0.14999999999999999,1,1,0.51874566969189528,True,False,False,0,0,0.0043514667634554118,0.0011471454639821138
2024-02-29,-0.0053690296649924188,-0.0053719003689652401,0.001077361101344118,0.0014353519864108259,0.0028707039728216519,2.8707039728216519e-06,1,-5.5511151231257827e-17,0,0.29998917478394727,0.24016927267989574,True,True,every-bars,1,dataset-start,dataset,mandate_constraint_override,constraint_repaired,True,42,0.10199403490897715,0.10176210061755049,0.10176210061755049,0.10157215028459429,0.14999999999999999,1,1,0.0034013513310368892,False,False,True,0.0014353519864108259,5.5511151231257827e-17,3.1485358888178806e-05,5.3634724855528656e-06
2024-03-01,0.015305995169464771,0.014820202533001781,0.0023742751688454744,0.24289631823149505,0.48579263646299009,0.00048579263646299003,1,0,0,0.29999999999999999,0.2471000011628019,True,True,every-bars,1,dataset-start,dataset,rebalance_threshold_met,within_ceiling,True,43,0.10237460975921241,0.088169352754196503,0.088169352754196503,0.088169352754196503,0.14999999999999999,1,1,0.24289631823149505,True,False,False,0,0,0.0043938587314236097,0.0012593527480392627
2024-03-04,0.010269123774523154,0.010254048521109616,-0.00062310058831271953,0.0075376267067692945,0.015075253413538589,1.5075253413538589e-05,0.96758495303424497,5.5511151231257827e-17,0.032415046965755034,0.29123440060905198,0.23103533013478475,True,True,every-bars,1,dataset-start,dataset,mandate_constraint_override,constraint_repaired,True,44,0.092538473815532943,0.093892189106414531,0.093892189106414531,0.091141621165035824,0.14999999999999999,1,1,0.04896891615941483,False,False,True,0.0075376267067692945,5.5511151231257827e-17,0.00015013997632017283,3.3907677928416772e-05
2024-03-05,-0.0067916656555635545,-0.0069173689990575781,-0.0012704214330540213,0.06285167174701202,0.12570334349402404,0.00012570334349402404,1,2.7755575615628914e-17,0,0.29999999999999999,0.25630768643691931,True,True,every-bars,1,dataset-start,dataset,rebalance_threshold_met,within_ceiling,True,45,0.091480970249161783,0.095830256443346584,0.095830256443346584,0.095830256443346584,0.14999999999999999,1,1,0.06285167174701202,True,False,False,0,2.7755575615628914e-17,0.0013402234643936195,0.00039662407122862563
2024-03-06,-0.0013321192191662311,-0.0016251451029143118,-0.00062216073971136754,0.1465129418740404,0.29302588374808081,0.00029302588374808083,1,-6.9388939039072284e-17,0,0.29999999999999999,0.23255667030643892,True,True,every-bars,1,dataset-start,dataset,rebalance_threshold_met,within_ceiling,True,46,0.097047049594338575,0.087017110450865992,0.087017110450865992,0.087017110450865992,0.14999999999999999,1,1,0.1465129418740404,True,False,False,4.8572257327350599e-17,2.7755575615628914e-17,0.0014891625655177345,0.00043120200461450978
2024-03-07,-0.0065493291972968269,-0.0065600242608959978,0.0016419573485606336,0.0053475317995853866,0.010695063599170773,1.0695063599170774e-05,0.99559884127396381,5.5511151231257827e-17,0.0044011587260361917,0.29999999999999999,0.23130191315409995,True,True,every-bars,1,dataset-start,dataset,mandate_constraint_override,constraint_repaired,True,47,0.087035456310683559,0.085938444681307596,0.085938444681307596,0.086013483070319155,0.14999999999999999,1,1,0.012981347735211882,False,False,True,0.0053475317995853866,5.5511151231257827e-17,7.3860123773631224e-05,2.6512507161458886e-05
2024-03-08,-0.0053337796016328116,-0.0058551655258728226,0.00086966447194745489,0.26069296212000553,0.52138592424001107,0.0005213859242400111,1,2.7755575615628914e-17,0,0.29999999999999999,0.20980762830965227,True,True,every-bars,1,dataset-start,dataset,rebalance_threshold_met,within_ceiling,True,48,0.087237586180884591,0.086708629853453845,0.086708629853453845,0.086708629853453845,0.14999999999999999,1,1,0.26069296212000553,True,False,False,0,2.7755575615628914e-17,0.0023123600334908254,0.0014064184063297205
2024-03-11,-0.0034721397431354932,-0.0038466941274371792,0.00017057329794069816,0.18727719215084299,0.37455438430168597,0.00037455438430168594,1,0,0,0.29999999999999999,0.26000000000000001,True,True,every-bars,1,dataset-start,dataset,rebalance_threshold_met,within_ceiling,True,49,0.087634111142676982,0.092561570316339506,0.092561570316339506,0.092561570316339506,0.14999999999999999,1,1,0.18727719215084299,True,False,False,0,0,0.0041721897614815789,0.0011066212027393827
2024-03-12,-0.0012102141673346095,-0.001986111469224853,-0.00075000027981684625,0.38794865094512171,0.77589730189024342,0.00077589730189024349,1,5.5511151231257827e-17,0,0.29999999999999999,0.2580453104876943,True,True,every-bars,1,dataset-start,dataset,rebalance_threshold_met,within_ceiling,True,50,0.092406236606535144,0.093788212335441462,0.093788212335441462,0.093788212335441462,0.14999999999999999,1,1,0.38794865094512171,True,False,False,5.5511151231257827e-17,0,0.010646938883368599,0.0028244950486925788
2024-03-13,-0.0035842180891317698,-0.0040336241289389068,0.0024854907937787067,0.22470301990356867,0.44940603980713734,0.00044940603980713736,0.99999999999999989,0,1.1102230246251565e-16,0.29999999999999999,0.25539555632395022,True,True,every-bars,1,dataset-start,dataset,rebalance_threshold_met,within_ceiling,True,51,0.092469346554213502,0.096226554402326567,0.096226554402326567,0.096226554402326567,0.14999999999999999,1,1,0.22470301990356867,True,False,False,0,0,0.0026512910064746082,0.00080903256853618319
2024-03-14,0.003671444660322448,0.0027718880095516105,0.0029371415500596219,0.44977832538541879,0.89955665077083757,0.00089955665077083753,1,2.7755575615628914e-17,0,0.23697151294798766,0.21082424789766144,True,True,every-bars,1,dataset-start,dataset,rebalance_threshold_met,within_ceiling,True,52,0.095840801860781769,0.0915910773745226,0.0915910773745226,0.0915910773745226,0.14999999999999999,1,1,0.44977832538541879,True,False,False,6.2450045135165055e-17,8.3266726846886741e-17,0.010886654835592043,0.0027901000837776062
2024-03-15,-0.010908922085155747,-0.011376710968363795,0.001308856829301652,0.23389444160402456,0.46778888320804912,0.00046778888320804908,1.0000000000000002,2.7755575615628914e-17,-2.2204460492503131e-16,0.25959987044773153,0.22439398310187442,True,True,every-bars,1,dataset-start,dataset,rebalance_threshold_met,within_ceiling,True,53,0.091418586367416302,0.096597212363474905,0.096597212363474905,0.096597212363474905,0.14999999999999999,1,1,0.23389444160402456,True,False,False,0,2.2204460492503131e-16,0.0030244523298582631,0.0011454785949052081
2024-03-18,-0.00055399928379723008,-0.0008249620033615743,0.00048337480363186408,0.13548135978217216,0.27096271956434431,0.00027096271956434428,1,5.5511151231257827e-17,0,0.26117229784624085,0.23068808974599619,True,True,every-bars,1,dataset-start,dataset,rebalance_threshold_met,within_ceiling,True,54,0.10008710960271795,0.09867678314617033,0.09867678314617033,0.09867678314617033,0.14999999999999999,1,1,0.13548135978217216,True,False,False,0,5.5511151231257827e-17,0.0024453582655210152,0.00066391419812739311
2024-03-19,-0.0068900229042735441,-0.0068918565560191864,0.0017488692203176024,0.00091682587282127664,0.0018336517456425533,1.8336517456425534e-06,0.99999999999999989,2.7755575615628914e-17,1.1102230246251565e-16,0.26111749018655056,0.23058310220942099,True,True,every-bars,1,dataset-start,dataset,mandate_constraint_override,constraint_repaired,True,55,0.098005641176888925,0.097883545126639632,0.097883545126639632,0.097820902777437907,0.14999999999999999,1,1,0.0018208983228480934,False,False,True,0.00091682587282127664,2.7755575615628914e-17,7.5678792799197295e-06,3.5506041394570296e-06
2024-03-20,0.00084019360039362635,0.00082886004704547597,0.00020301248628340501,0.0056667766740751829,0.011333553348150366,1.1333553348150366e-05,1.0000000000000002,-2.7755575615628914e-17,-2.2204460492503131e-16,0.26350327564498033,0.23087933047430759,True,True,every-bars,1,dataset-start,dataset,mandate_constraint_override,constraint_repaired,True,56,0.099588984736871194,0.097947386108586248,0.097947386108586248,0.098400009341925956,0.14999999999999999,1,1,0.016886187926732049,False,False,True,0.0056667766740751829,2.2204460492503131e-16,9.8992305280942131e-05,2.962858951172869e-05
2024-03-21,0.004078840584965408,0.003409580972308866,0.0022364147111052311,0.33462980632827094,0.66925961265654188,0.00066925961265654188,1,1.3877787807814457e-17,0,0.26754096683206302,0.20124328191031393,True,True,every-bars,1,dataset-start,dataset,rebalance_threshold_met,within_ceiling,True,57,0.097234127319793362,0.084654178623583334,0.084654178623583334,0.084654178623583334,0.14999999999999999,1,1,0.33462980632827094,True,False,False,0,1.3877787807814457e-17,0.0025383899175535594,0.0012653008077777781
2024-03-22,0.0044126314080312245,0.0037845022437808487,0.00019077204070566743,0.31406458212518784,0.62812916425037568,0.00062812916425037562,1,5.5511151231257827e-17,0,0.24943578849711059,0.20054854054505381,True,True,every-bars,1,dataset-start,dataset,rebalance_threshold_met,within_ceiling,True,58,0.083659038957558579,0.090726531552209014,0.090726531552209014,0.090726531552209014,0.14999999999999999,1,1,0.31406458212518784,True,False,False,0,5.5511151231257827e-17,0.0038544760185717946,0.0017988052194075899
2024-03-25,0.0019982165064389898,0.0018115799712525894,0.00084670977594993512,0.093318267593200166,0.18663653518640033,0.00018663653518640033,0.99999999999999989,6.9388939039072284e-17,1.1102230246251565e-16,0.29999999999999999,0.21132008604618133,True,True,every-bars,1,dataset-start,dataset,rebalance_threshold_met,within_ceiling,True,59,0.090103634189581949,0.090599682189431208,0.090599682189431208,0.090599682189431208,0.14999999999999999,1,1,0.093318267593200166,True,False,False,4.5102810375396984e-17,1.3877787807814457e-17,0.0010118958023237524,0.00032221059926277479
2024-03-26,0.0095595723798456555,0.0095575781482457167,0.00075852418080609341,0.00099711579996927119,0.0019942315999385424,1.9942315999385424e-06,0.99907104539388003,-9.7144514654701197e-17,0.00092895460611996938,0.29807709125977078,0.21121697051300298,True,True,every-bars,1,dataset-start,dataset,mandate_constraint_override,constraint_repaired,True,60,0.090114007761721432,0.090384807348488125,0.090384807348488125,0.089918784670810104,0.14999999999999999,1,1,0.0099263293132268206,False,False,True,0.00099711579996927119,9.7144514654701197e-17,1.8607533009436758e-05,4.7314081785209193e-06
2024-03-27,0.0022411552309988636,0.0022316861787097446,0.0018722909513302726,0.0047345261445595546,0.0094690522891191092,9.4690522891191087e-06,0.98179060201044299,8.3266726846886741e-17,0.018209397989557008,0.2951784604803287,0.2046339312200659,True,True,every-bars,1,dataset-start,dataset,mandate_constraint_override,constraint_repaired,True,60,0.090905773367268225,0.092373448226972979,0.092373448226972979,0.089911136524012183,0.14999999999999999,1,1,0.013818241440079076,False,False,True,0.0047345261445595546,8.3266726846886741e-17,8.0275954793836143e-05,2.0477109979490969e-05
2024-03-28,-0.0032846311669416841,-0.0032868673106275642,0.0017926486269518316,0.0011180718429400528,0.0022361436858801056,2.2361436858801058e-06,0.97706113730268151,-2.7755575615628914e-17,0.022938862697318485,0.29249275134530095,0.20202280111731014,True,True,every-bars,1,dataset-start,dataset,mandate_constraint_override,constraint_repaired,True,60,0.089320419395806025,0.09198823853896114,0.09198823853896114,0.089098085557577103,0.14999999999999999,1,1,0.016884898135330426,False,False,True,0.0011180718429400528,2.7755575615628914e-17,1.9114804625735239e-05,5.0138104652835658e-06
2024-03-29,-0.015933224420845726,-0.016237954784988247,0.0008596746998528566,0.15236518207126018,0.30473036414252036,0.00030473036414252035,1,0,0,0.29999999999999999,0.26000000000000001,True,True,every-bars,1,dataset-start,dataset,rebalance_threshold_met,within_ceiling,True,60,0.087512550595343741,0.10174341783289462,0.10174341783289462,0.10174341783289462,0.14999999999999999,1,1,0.15236518207126018,True,False,False,0,0,0.0013403047752615365,0.00065772406645153746
2024-04-01,-0.0041708145433122304,-0.0047083022556487462,0.0026454073465770884,0.2687438561682578,0.5374877123365156,0.00053748771233651563,1,-5.5511151231257827e-17,0,0.29999999999999999,0.23861246393766267,True,True,every-bars,1,dataset-start,dataset,rebalance_threshold_met,within_ceiling,True,60,0.10646717419977535,0.089526570914046671,0.089526570914046671,0.089526570914046671,0.14999999999999999,1,1,0.2687438561682578,True,False,False,0,5.5511151231257827e-17,0.0038228377683122835,0.0012679659868925159
2024-04-02,0.014186641074363619,0.013545908369975474,0.00022580835089928511,0.32036635219407272,0.64073270438814545,0.00064073270438814544,1,5.5511151231257827e-17,0,0.29999999999999999,0.22384264884577965,True,True,every-bars,1,dataset-start,dataset,rebalance_threshold_met,within_ceiling,True,60,0.088928917500328983,0.079682299867273335,0.079682299867273335,0.079682299867273335,0.14999999999999999,1,1,0.32036635219407272,True,False,False,4.8572257327350599e-17,2.7755575615628914e-17,0.0064333943985047321,0.0016159674061830371
2024-04-03,0.0041550209274495188,0.0039031105820672572,-0.00033651114507142016,0.12595517269113071,0.25191034538226142,0.00025191034538226147,0.99999999999999989,5.5511151231257827e-17,1.1102230246251565e-16,0.27360676210933682,0.22120288871642413,True,True,every-bars,1,dataset-start,dataset,rebalance_threshold_met,within_ceiling,True,60,0.083186747504467945,0.084204913017029953,0.084204913017029953,0.084204913017029953,0.14999999999999999,1,1,0.12595517269113071,True,False,False,4.5102810375396984e-17,5.5511151231257827e-17,0.0037750951563405607,0.00085194881128695336
2024-04-04,0.0019660467796115025,0.0017951190098139144,0.0013597766507151645,0.085463884898794043,0.17092776979758809,0.00017092776979758809,1,-2.7755575615628914e-17,0,0.29977873027930968,0.25938703345440545,True,True,every-bars,1,dataset-start,dataset,rebalance_threshold_met,within_ceiling,True,60,0.083335372382023598,0.094158833519690788,0.094158833519690788,0.094158833519690788,0.14999999999999999,1,1,0.085463884898794043,True,False,False,0,2.7755575615628914e-17,0.00095096663667135239,0.00044521396206340997
2024-04-05,0.0013367410353561074,0.0010664658163675638,0.0013754987353106762,0.13513760949427184,0.27027521898854368,0.00027027521898854366,0.99999999999999978,-5.5511151231257827e-17,2.2204460492503131e-16,0.29999999999999999,0.24211125127176636,True,True,every-bars,1,dataset-start,dataset,rebalance_threshold_met,within_ceiling,True,60,0.093975088886003352,0.099637518440249179,0.099637518440249179,0.099637518440249179,0.14999999999999999,1,1,0.13513760949427184,True,False,False,0,5.5511151231257827e-17,0.0025650791560490123,0.00071565809909904796
2024-04-08,0.012873567508594117,0.012622970081819321,0.00051136491809953655,0.12529871338739795,0.25059742677479591,0.00025059742677479592,1,5.5511151231257827e-17,0,0.29710455614006626,0.2399638802882286,True,True,every-bars,1,dataset-start,dataset,rebalance_threshold_met,within_ceiling,True,60,0.099991208797273481,0.092917402714268002,0.092917402714268002,0.092917402714268002,0.14999999999999999,1,1,0.12529871338739795,True,False,False,4.5102810375396984e-17,2.7755575615628914e-17,0.0026551364939091486,0.00076186279600956597
2024-04-09,0.0029964768979710526,0.0027038249682498679,0.00065266514255907205,0.14632596486059232,0.29265192972118464,0.00029265192972118464,0.99999999999999978,4.163336342344337e-17,2.2204460492503131e-16,0.29694570257988745,0.22172684891183275,True,True,every-bars,1,dataset-start,dataset,rebalance_threshold_met,within_ceiling,True,60,0.092070715496295794,0.094389926741482569,0.094389926741482569,0.094389926741482569,0.14999999999999999,1,1,0.14632596486059232,True,False,False,4.5102810375396984e-17,4.163336342344337e-17,0.0028861313987082744,0.00075432120646220407
2024-04-10,0.010681073333520004,0.0099832337657657089,0.0031108643875840292,0.34891978387714734,0.69783956775429468,0.00069783956775429465,1,5.5511151231257827e-17,0,0.29643651974802326,0.22250953248891456,True,True,every-bars,1,dataset-start,dataset,rebalance_threshold_met,within_ceiling,True,60,0.092830310215120046,0.093958779308064913,0.093958779308064913,0.093958779308064913,0.14999999999999999,1,1,0.34891978387714734,True,False,False,0,5.5511151231257827e-17,0.003307578740593663,0.0015236517448843168
2024-04-11,-0.0087184992510332439,-0.0089365395446308095,0.00061882120919289573,0.10902014679878275,0.21804029359756549,0.00021804029359756552,1.0000000000000002,-1.1102230246251565e-16,-2.2204460492503131e-16,0.29999999999999999,0.2212831805205675,True,True,every-bars,1,dataset-start,dataset,rebalance_threshold_met,within_ceiling,True,60,0.094936128465269734,0.099057390750036486,0.099057390750036486,0.099057390750036486,0.14999999999999999,1,1,0.10902014679878275,True,False,False,0,2.2204460492503131e-16,0.0038169058920281477,0.00080855363158056817
2024-04-12,0.0014373147429624451,0.0011756585373253652,0.0026028491770169562,0.13082810281853993,0.26165620563707986,0.00026165620563707988,0.99999999999999978,5.5511151231257827e-17,2.2204460492503131e-16,0.29999999999999999,0.2284644252509857,True,True,every-bars,1,dataset-start,dataset,rebalance_threshold_met,within_ceiling,True,60,0.10275047159842873,0.097953232970355797,0.097953232970355797,0.097953232970355797,0.14999999999999999,1,1,0.13082810281853993,True,False,False,4.5102810375396984e-17,5.5511151231257827e-17,0.0031562652176464587,0.00070857914453642849
2024-04-15,-0.0013101088616493304,-0.0017288003282933408,-0.00043866473002301943,0.20934573332200518,0.41869146664401036,0.00041869146664401039,0.99999999999999989,8.3266726846886741e-17,1.1102230246251565e-16,0.29999999999999999,0.22274612124410076,True,True,every-bars,1,dataset-start,dataset,rebalance_threshold_met,within_ceiling,True,60,0.09798026629868134,0.096459734510575504,0.096459734510575504,0.096459734510575504,0.14999999999999999,1,1,0.20934573332200518,True,False,False,0,8.3266726846886741e-17,0.0043399645081541888,0.0012942507667053694
2024-04-16,0.015592794422839694,0.015264251347915876,0.00017200327515770595,0.16427153746190862,0.32854307492381724,0.00032854307492381725,1,0,0,0.29999999999999999,0.26000000000000001,True,True,every-bars,1,dataset-start,dataset,rebalance_threshold_met,within_ceiling,True,60,0.095047125617177222,0.091764066130117644,0.091764066130117644,0.091764066130117644,0.14999999999999999,1,1,0.16427153746190862,True,False,False,0,0,0.0016218829414941325,0.00068896646941790445
2024-04-17,-0.011677872937399005,-0.012085464976190459,0.002505850273130624,0.20379601939572711,0.40759203879145423,0.00040759203879145423,1,0,0,0.29999999999999999,0.26000000000000001,True,True,every-bars,1,dataset-start,dataset,rebalance_threshold_met,within_ceiling,True,60,0.094795308702629921,0.082310862552129202,0.082310862552129202,0.082310862552129202,0.14999999999999999,1,1,0.20379601939572711,True,False,False,0,0,0.0039715141208489053,0.0011959832285893316
2024-04-18,0.0038733502006652815,0.0034551581569668473,0.0044280095673775071,0.20909602184921711,0.41819204369843421,0.0004181920436984342,1,0,0,0.29999999999999999,0.26000000000000001,True,True,every-bars,1,dataset-start,dataset,rebalance_threshold_met,within_ceiling,True,60,0.087814172283203429,0.096041930662338418,0.096041930662338418,0.096041930662338418,0.14999999999999999,1,1,0.20909602184921711,True,False,False,0,0,0.00263075525488194,0.00073145651035966524
2024-04-19,0.0014716721601158774,0.0010678137548699458,0.00078226658159774587,0.20192920262296585,0.4038584052459317,0.0004038584052459317,1,0,0,0.29999999999999999,0.26000000000000001,True,True,every-bars,1,dataset-start,dataset,rebalance_threshold_met,within_ceiling,True,60,0.095617405745428527,0.10915456980618168,0.10915456980618168,0.10915456980618168,0.14999999999999999,1,1,0.20192920262296585,True,False,False,0,0,0.0032263207262547026,0.00091497422124947353
2024-04-22,0.006722152435762456,0.0066130130158099671,0.0003706033654897376,0.054569709976244593,0.10913941995248919,0.00010913941995248919,1,0,0,0.29999999999999999,0.25502009883495202,True,True,every-bars,1,dataset-start,dataset,rebalance_threshold_met,within_ceiling,True,60,0.10650254943496461,0.11030073240328875,0.11030073240328875,0.11030073240328875,0.14999999999999999,1,1,0.054569709976244593,True,False,False,0,0,0.00088077119478152297,0.00026902830017183816
2024-04-23,-0.0035378963948756383,-0.0035445736617059137,0.0013174829586558021,0.0033386334151376124,0.0066772668302752247,6.6772668302752245e-06,0.98944154515723981,-5.5511151231257827e-17,0.01055845484276019,0.29754457799850242,0.2497932017748663,True,True,every-bars,1,dataset-start,dataset,mandate_constraint_override,constraint_repaired,True,60,0.11036954103344848,0.11061233824889179,0.11061233824889179,0.10958152095861254,0.14999999999999999,1,1,0.0044354279422431503,False,False,True,0.0033386334151376124,5.5511151231257827e-17,0.00010134521846916146,2.4457711857848597e-05
2024-04-24,-0.011531448892675409,-0.012133812167457526,0.0023209953802038608,0.30118163739105819,0.60236327478211638,0.00060236327478211641,1,-2.7755575615628914e-17,0,0.29999999999999999,0.23059694849877588,True,True,every-bars,1,dataset-start,dataset,rebalance_threshold_met,within_ceiling,True,60,0.11035031477865412,0.097670531516149225,0.097670531516149225,0.097670531516149225,0.14999999999999999,1,1,0.30118163739105819,True,False,False,0,2.7755575615628914e-17,0.0013818220281278308,0.00088661487844087297
2024-04-25,-0.0059409517920126463,-0.0067805507514852193,0.0014785474158658014,0.41979947973628662,0.83959895947257324,0.00083959895947257322,1,-1.0408340855860843e-16,0,0.28401863949431017,0.21098438057339403,True,True,every-bars,1,dataset-start,dataset,rebalance_threshold_met,within_ceiling,True,60,0.10162520370906804,0.095179441823260283,0.095179441823260283,0.095179441823260283,0.14999999999999999,1,1,0.41979947973628662,True,False,False,6.2450045135165055e-17,2.0816681711721685e-17,0.0093254964309816297,0.0031754622991636617
2024-04-26,-0.0033656927917016756,-0.0038591200218160231,-0.00026017034117065114,0.24671361505717382,0.49342723011434764,0.00049342723011434767,1,-1.3877787807814457e-16,0,0.2683698493918909,0.20921557993571793,True,True,every-bars,1,dataset-start,dataset,rebalance_threshold_met,within_ceiling,True,60,0.09467494919641764,0.086379894385615025,0.086379894385615025,0.086379894385615025,0.14999999999999999,1,1,0.24671361505717382,True,False,False,4.8572257327350599e-17,2.7755575615628914e-17,0.0019944696502203394,0.00096811359642362234
2024-04-29,-0.001363926093738387,-0.0015923099568447914,0.0025837295390560198,0.11419193155320227,0.22838386310640454,0.00022838386310640452,1,5.5511151231257827e-17,0,0.29712465012378869,0.25858190973513645,True,True,every-bars,1,dataset-start,dataset,rebalance_threshold_met,within_ceiling,True,60,0.087147984138834345,0.092471505947141805,0.092471505947141805,0.092471505947141805,0.14999999999999999,1,1,0.11419193155320227,True,False,False,4.163336342344337e-17,0,0.00038037833093383351,0.00016718288178415677
2024-04-30,0.0046868396453203266,0.0040896082955403992,0.0015524062850341507,0.29861567488996354,0.59723134977992709,0.00059723134977992707,1,0,0,0.29343874827930144,0.25726218866865486,True,True,every-bars,1,dataset-start,dataset,rebalance_threshold_met,within_ceiling,True,60,0.0920769608962832,0.10877551516221916,0.10877551516221916,0.10877551516221916,0.14999999999999999,1,1,0.29861567488996354,True,False,False,0,0,0.0052990849154782574,0.0010642781596253155
2024-05-01,-0.0013448129330356164,-0.0016891483650395896,0.00073325518638567289,0.17216771600198666,0.34433543200397332,0.00034433543200397331,0.99999999999999989,2.7755575615628914e-17,1.1102230246251565e-16,0.29229782319722003,0.23282586888627008,True,True,every-bars,1,dataset-start,dataset,rebalance_threshold_met,within_ceiling,True,60,0.1084181037224602,0.10582633835306031,0.10582633835306031,0.10582633835306031,0.14999999999999999,1,1,0.17216771600198666,True,False,False,0,2.7755575615628914e-17,0.002126475248905605,0.00042607434949965234
2024-05-02,0.0050009688911849242,0.003982060793672193,0.0020473234023043645,0.50945404875636546,1.0189080975127309,0.001018908097512731,1,0,0,0.29999999999999999,0.24430391691088318,True,True,every-bars,1,dataset-start,dataset,rebalance_threshold_met,within_ceiling,True,60,0.10535940793441663,0.098206082789690521,0.098206082789690521,0.098206082789690521,0.14999999999999999,1,1,0.50945404875636546,True,False,False,0,0,0.0011819384353259868,0.00058411775984648911
2024-05-03,0.0011617691900726397,0.00049898486545073241,0.00074492378874907461,0.33139216231095364,0.66278432462190728,0.00066278432462190729,0.99999999999999989,1.1102230246251565e-16,1.1102230246251565e-16,0.27417865942696534,0.21104827424100475,True,True,every-bars,1,dataset-start,dataset,rebalance_threshold_met,within_ceiling,True,60,0.097256764981489233,0.095915998864482543,0.095915998864482543,0.095915998864482543,0.14999999999999999,1,1,0.33139216231095364,True,False,False,3.1225022567582528e-17,5.5511151231257827e-17,0.0010066099392340877,0.00044979529866016741
2024-05-06,-0.0019296172114430204,-0.0021639931106177696,0.0019928996391068892,0.11718794958737459,0.23437589917474919,0.00023437589917474919,1,-2.7755575615628914e-17,0,0.27633489453888216,0.20986299537136041,True,True,every-bars,1,dataset-start,dataset,rebalance_threshold_met,within_ceiling,True,60,0.095460599014780559,0.091035032017273004,0.091035032017273004,0.091035032017273004,0.14999999999999999,1,1,0.11718794958737459,True,False,False,0,2.7755575615628914e-17,0.00057055429001794979,0.00015384682182178087
2024-05-07,0.0024800190786201655,0.0020155670048517546,0.00078407739697093182,0.2322260368842054,0.4644520737684108,0.00046445207376841078,1,0,0,0.26520706585611115,0.23101025832238969,True,True,every-bars,1,dataset-start,dataset,rebalance_threshold_met,within_ceiling,True,60,0.091385268622123234,0.096601398884716527,0.096601398884716527,0.096601398884716527,0.14999999999999999,1,1,0.2322260368842054,True,False,False,0,0,0.0010677591194470858,0.00032905148085462138
2024-05-08,4.6849669637973366e-05,-0.00020315536479703598,0.00016783438010979182,0.12500251721750469,0.25000503443500938,0.00025000503443500934,1,5.5511151231257827e-17,0,0.26903481439612065,0.23043524191624368,True,True,every-bars,1,dataset-start,dataset,rebalance_threshold_met,within_ceiling,True,60,0.096363920157937932,0.10150164284958246,0.10150164284958246,0.10150164284958246,0.14999999999999999,1,1,0.12500251721750469,True,False,False,0,5.5511151231257827e-17,0.00095630075700898457,0.00023535152567406021
2024-05-09,0.0045135173892926449,0.0043936556268665654,0.0003964555308642223,0.059930881213039744,0.11986176242607949,0.00011986176242607949,1,5.5511151231257827e-17,0,0.29999999999999999,0.23646430827128559,True,True,every-bars,1,dataset-start,dataset,rebalance_threshold_met,within_ceiling,True,60,0.10114563733056998,0.10348060351445465,0.10348060351445465,0.10348060351445465,0.14999999999999999,1,1,0.059930881213039744,True,False,False,4.163336342344337e-17,2.7755575615628914e-17,0.00022313025165971801,6.3113057978537814e-05
2024-05-10,0.0010810212089108844,0.0003274721577727843,-0.00027118931989311674,0.37677452556905006,0.75354905113810011,0.00075354905113810011,1.0000000000000002,-2.7755575615628914e-17,-2.2204460492503131e-16,0.29999999999999999,0.23735641643633362,True,True,every-bars,1,dataset-start,dataset,rebalance_threshold_met,within_ceiling,True,60,0.10333171836324556,0.091347312572217121,0.091347312572217121,0.091347312572217121,0.14999999999999999,1,1,0.37677452556905006,True,False,False,0,2.2204460492503131e-16,0.0017174729068841815,0.00042836329277315708
2024-05-13,0.0018035368717699508,0.0015364478907646411,0.0008692642183909155,0.13354449050265482,0.26708898100530964,0.00026708898100530966,1,0,0,0.29999999999999999,0.25723030200235336,True,True,every-bars,1,dataset-start,dataset,rebalance_threshold_met,within_ceiling,True,60,0.090151396916813578,0.094370108829403568,0.094370108829403568,0.094370108829403568,0.14999999999999999,1,1,0.13354449050265482,True,False,False,0,0,0.00064642541522468694,0.00023223888458382292
2024-05-14,-0.0039228951046186792,-0.0046874412109113254,0.0014613234737786414,0.38227305314632287,0.76454610629264574,0.00076454610629264575,1,-7.6327832942979512e-17,0,0.2953615030228266,0.22644753173531254,True,True,every-bars,1,dataset-start,dataset,rebalance_threshold_met,within_ceiling,True,60,0.093628087820967251,0.092466915809282471,0.092466915809282471,0.092466915809282471,0.14999999999999999,1,1,0.38227305314632287,True,False,False,4.5102810375396984e-17,4.163336342344337e-17,0.001456905242883733,0.00057497818419646816
2024-05-15,0.0086479001026296513,0.0086393789265198952,0.0009570128743963493,0.0042605880548783302,0.0085211761097566605,8.5211761097566608e-06,0.99999999999999989,1.3183898417423734e-16,1.1102230246251565e-16,0.29595839606814761,0.22725446621368389,True,True,every-bars,1,dataset-start,dataset,mandate_constraint_override,constraint_repaired,True,60,0.093995527526724465,0.091005194209343207,0.091005194209343207,0.093195917187012811,0.14999999999999999,1,1,0.024942550186384742,False,False,True,0.0042605880548783302,1.3183898417423734e-16,5.4475748569149053e-05,1.16298021067848e-05
2024-05-16,0.0017037826421738343,0.0012343461054460073,0.0030506564941522969,0.23471826836391346,0.46943653672782693,0.00046943653672782695,1,-2.7755575615628914e-17,0,0.27448996942685006,0.21497867981453034,True,True,every-bars,1,dataset-start,dataset,rebalance_threshold_met,within_ceiling,True,60,0.093608491506892239,0.095479615633640949,0.095479615633640949,0.095479615633640949,0.14999999999999999,1,1,0.23471826836391346,True,False,False,4.5102810375396984e-17,5.5511151231257827e-17,0.00060182948113234231,0.00029915745825852204
2024-05-17,0.0010902376687583521,0.001088536784054014,0.00053500896922681329,0.00085044235216908196,0.0017008847043381639,1.7008847043381638e-06,0.99790320334286675,2.7755575615628914e-17,0.0020967966571332486,0.27449044177667764,0.21412011912109855,True,True,every-bars,1,dataset-start,dataset,mandate_constraint_override,constraint_repaired,True,60,0.095491618103254725,0.09859036011916672,0.09859036011916672,0.095329297296976756,0.14999999999999999,1,1,0.031549301196980274,False,False,True,0.00085044235216908196,2.7755575615628914e-17,2.4846362937893688e-06,8.6796932282744307e-07
2024-05-20,0.0025039312451218582,0.0022469136442068655,0.00045023037492747381,0.12850880045749635,0.25701760091499271,0.00025701760091499269,1,-5.5511151231257827e-17,0,0.29478768975595371,0.22176508599279598,True,True,every-bars,1,dataset-start,dataset,rebalance_threshold_met,within_ceiling,True,60,0.094108950503053734,0.093476917421407971,0.093476917421407971,0.093476917421407971,0.14999999999999999,1,1,0.12850880045749635,True,False,False,0,5.5511151231257827e-17,0.0013254486008298198,0.0003130593303456525
2024-05-21,-0.001439926534338542,-0.0016556554032103046,8.6349141212434781e-05,0.10786443443588134,0.21572886887176268,0.00021572886887176267,1,0,0,0.29999999999999999,0.26000000000000001,True,True,every-bars,1,dataset-start,dataset,rebalance_threshold_met,within_ceiling,True,60,0.092393901918931362,0.10195993534572538,0.10195993534572538,0.10195993534572538,0.14999999999999999,1,1,0.10786443443588134,True,False,False,0,0,0.00025933758235770617,0.00014296185829855475
2024-05-22,-0.002279359774595742,-0.0024751038428796192,0.00090393662618078608,0.097872034141938499,0.195744068283877,0.00019574406828387701,1,-5.5511151231257827e-17,0,0.29999999999999999,0.25959416029622684,True,True,every-bars,1,dataset-start,dataset,rebalance_threshold_met,within_ceiling,True,60,0.10156289428588527,0.095619863861760343,0.095619863861760343,0.095619863861760343,0.14999999999999999,1,1,0.097872034141938499,True,False,False,0,5.5511151231257827e-17,0.00034542654515677679,0.00011359030878950547
2024-05-23,-0.0056052707739013613,-0.0062126521650409123,-0.00093691507870905823,0.30369069556977546,0.60738139113955092,0.00060738139113955091,1,0,0,0.29999999999999999,0.26000000000000001,True,True,every-bars,1,dataset-start,dataset,rebalance_threshold_met,within_ceiling,True,60,0.095964487177583269,0.11376905044953618,0.11376905044953618,0.11376905044953618,0.14999999999999999,1,1,0.30369069556977546,True,False,False,0,0,0.0021584097898822647,0.00052191028556264763
2024-05-24,-0.0061477423567204044,-0.0068227518397201564,0.00099778126865177996,0.33750474149987592,0.67500948299975183,0.00067500948299975181,1,0,0,0.29331957475885789,0.22165166073572012,True,True,every-bars,1,dataset-start,dataset,rebalance_threshold_met,within_ceiling,True,60,0.11196898445113496,0.10000840486237689,0.10000840486237689,0.10000840486237689,0.14999999999999999,1,1,0.33750474149987592,True,False,False,0,0,0.0013574381898796633,0.00065653510979127565
2024-05-27,0.015284613713384899,0.01442676445557292,0.0003432376951061361,0.42892462890598926,0.85784925781197852,0.00085784925781197852,1,0,0,0.29999999999999999,0.26000000000000001,True,True,every-bars,1,dataset-start,dataset,rebalance_threshold_met,within_ceiling,True,60,0.10020484500237402,0.083871211039036817,0.083871211039036817,0.083871211039036817,0.14999999999999999,1,1,0.42892462890598926,True,False,False,0,0,0.0025005788689368359,0.00082017973229532397
2024-05-28,0.010625829262780393,0.0103226001683119,-0.00090203700292697741,0.15161454723424594,0.30322909446849189,0.00030322909446849191,1,5.5511151231257827e-17,0,0.27659675444362508,0.2524994472299209,True,True,every-bars,1,dataset-start,dataset,rebalance_threshold_met,within_ceiling,True,60,0.087258915557953093,0.094226078596786389,0.094226078596786389,0.094226078596786389,0.14999999999999999,1,1,0.15161454723424594,True,False,False,4.163336342344337e-17,5.5511151231257827e-17,0.00054208762280630297,0.00022495721010676228
2024-05-29,-0.0044520170219910331,-0.0044625311301358167,0.00036417015976542038,0.005257054072391798,0.010514108144783596,1.0514108144783596e-05,0.98055026512899301,0,0.019449734871006985,0.2725218212127678,0.24284735562769522,True,True,every-bars,1,dataset-start,dataset,mandate_constraint_override,constraint_repaired,True,60,0.095537092106920907,0.095137181752222466,0.095137181752222466,0.094483559464192637,0.14999999999999999,1,1,0.019586139573093797,False,False,True,0.005257054072391798,0,0.00015268989959437638,2.7051843518456004e-05
2024-05-30,0.0065406848556783231,0.0063785043042137099,0.0011075071646706922,0.081090275732306483,0.16218055146461297,0.00016218055146461296,1,-2.7755575615628914e-17,0,0.29999999999999999,0.2552634481576011,True,True,every-bars,1,dataset-start,dataset,rebalance_threshold_met,within_ceiling,True,60,0.094790326311791573,0.091677343544377538,0.091677343544377538,0.091677343544377538,0.14999999999999999,1,1,0.081090275732306483,True,False,False,0,2.7755575615628914e-17,0.0010384993051122421,0.0002140500957643847
2024-05-31,0.0037358514687717078,0.003358691185130964,8.8178517780331233e-05,0.18858014182037197,0.37716028364074394,0.00037716028364074395,1,-5.5511151231257827e-17,0,0.29999999999999999,0.22721557553724925,True,True,every-bars,1,dataset-start,dataset,rebalance_threshold_met,within_ceiling,True,60,0.091397944532229158,0.09467483476038667,0.09467483476038667,0.09467483476038667,0.14999999999999999,1,1,0.18858014182037197,True,False,False,0,5.5511151231257827e-17,0.00080976543440205951,0.00023392062589107731
2024-06-03,0.0023399536233208811,0.0023343963684688521,0.0014782828862823225,0.0027786274260146043,0.0055572548520292087,5.5572548520292085e-06,0.99440232799674733,-1.3877787807814457e-17,0.0055976720032526739,0.29999999999999999,0.22536106151783611,True,True,every-bars,1,dataset-start,dataset,mandate_constraint_override,constraint_repaired,True,60,0.094303328183011709,0.094379440562086289,0.094379440562086289,0.093781574308294632,0.14999999999999999,1,1,0.0064756710544192908,False,False,True,0.0027786274260146043,1.3877787807814457e-17,2.2068630215051094e-05,4.3043244274373826e-06
2024-06-04,-0.0067402442239326756,-0.0067425787149552694,-0.00029000750875679559,0.0011672455112969327,0.0023344910225938653,2.3344910225938655e-06,0.98854244789598567,-1.3877787807814457e-17,0.011457552104014335,0.29860902475710804,0.22247346072359134,True,True,every-bars,1,dataset-start,dataset,mandate_constraint_override,constraint_repaired,True,60,0.092605547226838392,0.093471939656550262,0.093471939656550262,0.092373269459363541,0.14999999999999999,1,1,0.0068787533010860116,False,False,True,0.0011672455112969327,1.3877787807814457e-17,1.857817210140768e-05,3.9948306752526393e-06
2024-06-05,0.005031206882908144,0.00487418955354084,-0.00089143367746865199,0.078508664683651974,0.15701732936730395,0.00015701732936730396,1,-5.5511151231257827e-17,0,0.29999999999999999,0.25644572076815453,True,True,every-bars,1,dataset-start,dataset,rebalance_threshold_met,within_ceiling,True,60,0.094413556709367852,0.10095434377785262,0.10095434377785262,0.10095434377785262,0.14999999999999999,1,1,0.078508664683651974,True,False,False,0,5.5511151231257827e-17,0.00022930779218400616,0.00010056322826144286
2024-06-06,-0.0027419895087748094,-0.002746995529332631,0.0012857144702769403,0.0025030102789107972,0.0050060205578215944,5.0060205578215948e-06,0.99158326712580547,2.7755575615628914e-17,0.0084167328741945324,0.29734133706626931,0.25235308472121187,True,True,every-bars,1,dataset-start,dataset,mandate_constraint_override,constraint_repaired,True,60,0.10064581806381737,0.10069416451421379,0.10069416451421379,0.10017876764450923,0.14999999999999999,1,1,0.0062439648340391757,False,False,True,0.0025030102789107972,2.7755575615628914e-17,1.5475263927640464e-05,5.1155810490330732e-06
2024-06-07,-0.0069098866025370832,-0.0072975061273171504,0.00092083063754677685,0.19380976239003375,0.3876195247800675,0.00038761952478006751,1,2.7755575615628914e-17,0,0.28785601583615961,0.24042608122257522,True,True,every-bars,1,dataset-start,dataset,rebalance_threshold_met,within_ceiling,True,60,0.10028615097203258,0.089648791145597817,0.089648791145597817,0.089648791145597817,0.14999999999999999,1,1,0.19380976239003375,True,False,False,0,2.7755575615628914e-17,0.0010922748327076889,0.000348244784665764
2024-06-10,0.0093068104157645604,0.0091755918770591166,0.0021865828062965034,0.065609269352722058,0.13121853870544412,0.00013121853870544411,1.0000000000000002,8.3266726846886741e-17,-2.2204460492503131e-16,0.29999999999999999,0.24399207247858834,True,True,every-bars,1,dataset-start,dataset,rebalance_threshold_met,within_ceiling,True,60,0.090516804835435269,0.087758157530393385,0.087758157530393385,0.087758157530393385,0.14999999999999999,1,1,0.065609269352722058,True,False,False,4.5102810375396984e-17,0,0.00051100029817559246,0.00011042360261972952
2024-06-11,-0.0053983462326077439,-0.0063586598622087107,0.0005637053557342454,0.48015681480048328,0.96031362960096656,0.0009603136296009666,1,-2.7755575615628914e-17,0,0.2798477857408469,0.22570945741098161,True,True,every-bars,1,dataset-start,dataset,rebalance_threshold_met,within_ceiling,True,60,0.089842037656454751,0.090863185266297525,0.090863185266297525,0.090863185266297525,0.14999999999999999,1,1,0.48015681480048328,True,False,False,3.4694469519536142e-17,5.5511151231257827e-17,0.0018837795329187249,0.00067524262867644635
2024-06-12,-0.0069342855319134986,-0.0075000352061471275,0.00089130939519541953,0.28287483711681438,0.56574967423362876,0.00056574967423362872,1,-2.7755575615628914e-17,0,0.29999999999999999,0.25510399879364914,True,True,every-bars,1,dataset-start,dataset,rebalance_threshold_met,within_ceiling,True,60,0.090996427241737218,0.097859114808431069,0.097859114808431069,0.097859114808431069,0.14999999999999999,1,1,0.28287483711681438,True,False,False,0,2.7755575615628914e-17,0.0016815356131669296,0.00061309223854754736
2024-06-13,0.0034876896920792051,0.0022900985466938364,0.0012404478486110109,0.59879557269268435,1.1975911453853687,0.0011975911453853687,0.99999999999999989,5.5511151231257827e-17,1.1102230246251565e-16,0.29779914808932118,0.22051446872771496,True,True,every-bars,1,dataset-start,dataset,rebalance_threshold_met,within_ceiling,True,60,0.10114660502417558,0.091077912409781039,0.091077912409781039,0.091077912409781039,0.14999999999999999,1,1,0.59879557269268435,True,False,False,0,5.5511151231257827e-17,0.0029074547904242324,0.00097486005227663455
2024-06-14,-0.0050010356655169411,-0.0052101112370680413,0.00097303765023143472,0.10453778577555009,0.20907557155110018,0.00020907557155110018,1,0,0,0.29901090546297693,0.22166146409699977,True,True,every-bars,1,dataset-start,dataset,rebalance_threshold_met,within_ceiling,True,60,0.08593592161391389,0.084634965664367526,0.084634965664367526,0.084634965664367526,0.14999999999999999,1,1,0.10453778577555009,True,False,False,0,0,0.00081773560319428357,0.00024000870294779993
2024-06-17,-0.0035843226332502591,-0.0041716215688115382,0.0017738946450884068,0.29364946778063938,0.58729893556127877,0.00058729893556127872,1,0,0,0.29999999999999999,0.26000000000000001,True,True,every-bars,1,dataset-start,dataset,rebalance_threshold_met,within_ceiling,True,60,0.086414042519400436,0.096412119252866538,0.096412119252866538,0.096412119252866538,0.14999999999999999,1,1,0.29364946778063938,True,False,False,0,0,0.0016319891327246999,0.00058690927514556891
2024-06-18,-0.016831895710870147,-0.017241859571378703,0.0024950800571540968,0.20498193025427858,0.40996386050855715,0.00040996386050855716,1,0,0,0.29999999999999999,0.26000000000000001,True,True,every-bars,1,dataset-start,dataset,rebalance_threshold_met,within_ceiling,True,60,0.097565943536815303,0.089223963400237846,0.089223963400237846,0.089223963400237846,0.14999999999999999,1,1,0.20498193025427858,True,False,False,0,0,0.00048934837913265107,0.00011658185873873849
2024-06-19,0.0001905193806872651,-0.0006593633724134196,-0.00041963994530539773,0.42494137655034236,0.84988275310068473,0.00084988275310068472,1,-5.5511151231257827e-17,0,0.29999999999999999,0.22212414311068851,True,True,every-bars,1,dataset-start,dataset,rebalance_threshold_met,within_ceiling,True,60,0.09727754878623536,0.081405287459619405,0.081405287459619405,0.081405287459619405,0.14999999999999999,1,1,0.42494137655034236,True,False,False,0,5.5511151231257827e-17,0.0023732315735543125,0.00072346514633971591
2024-06-20,0.012875815011789632,0.012301618321856273,4.4680558296520579e-05,0.28709834496667952,0.57419668993335904,0.00057419668993335905,1,5.5511151231257827e-17,0,0.29999999999999999,0.2370308211921392,True,True,every-bars,1,dataset-start,dataset,rebalance_threshold_met,within_ceiling,True,60,0.081885840523364964,0.083316734960074093,0.083316734960074093,0.083316734960074093,0.14999999999999999,1,1,0.28709834496667952,True,False,False,0,5.5511151231257827e-17,0.0012383440365509181,0.00054981283107775794
2024-06-21,0.0033437397775150706,0.0032304417932606088,0.001389478493775113,0.056648992127230978,0.11329798425446196,0.00011329798425446196,1,-2.7755575615628914e-17,0,0.25159160304858419,0.23113974736077325,True,True,every-bars,1,dataset-start,dataset,rebalance_threshold_met,within_ceiling,True,60,0.08392321200555522,0.089753256752874877,0.089753256752874877,0.089753256752874877,0.14999999999999999,1,1,0.056648992127230978,True,False,False,0,2.7755575615628914e-17,0.00037839262081605982,8.2925619074489002e-05
2024-06-24,0.0078474280782154376,0.0078440954817732087,-0.00011202977815240785,0.0016662982211143665,0.003332596442228733,3.3325964422287329e-06,0.99845198129898427,5.5511151231257827e-17,0.0015480187010157298,0.25434580575436372,0.23065624080384173,True,True,every-bars,1,dataset-start,dataset,mandate_constraint_override,constraint_repaired,True,60,0.088332757380779947,0.089746529301143185,0.089746529301143185,0.08808752230054212,0.14999999999999999,1,1,0.021634540969894638,False,False,True,0.0016662982211143665,5.5511151231257827e-17,5.1558090461329383e-06,1.7000230893261588e-06
2024-06-25,-0.0071059766305108796,-0.0071137629559601383,0.00011415873559761341,0.003893162724629428,0.007786325449258856,7.7863254492588556e-06,0.98208384165108276,-2.7755575615628914e-17,0.017916158348917244,0.24946980153257239,0.22341652675182017,True,True,every-bars,1,dataset-start,dataset,mandate_constraint_override,constraint_repaired,True,60,0.088586674934749338,0.091499024349817507,0.091499024349817507,0.088002554885759948,0.14999999999999999,1,1,0.032944265301062425,False,False,True,0.003893162724629428,2.7755575615628914e-17,1.7945348794217987e-05,6.1997648009281538e-06
2024-06-26,0.011721976787598785,0.011348801901167709,-0.0014183982985614405,0.18658744321553827,0.37317488643107655,0.00037317488643107659,0.99999999999999989,0,1.1102230246251565e-16,0.26558515381398512,0.20567954385065559,True,True,every-bars,1,dataset-start,dataset,rebalance_threshold_met,within_ceiling,True,60,0.090385465431570222,0.092482177809650762,0.092482177809650762,0.092482177809650762,0.14999999999999999,1,1,0.18658744321553827,True,False,False,0,0,0.0039582158901900286,0.00096662154959581761
2024-06-27,-0.010679670599265115,-0.010937280764235143,0.00017172099319238499,0.12880508248501327,0.25761016497002653,0.00025761016497002654,1,0,0,0.29999999999999999,0.25630197571775604,True,True,every-bars,1,dataset-start,dataset,rebalance_threshold_met,within_ceiling,True,60,0.093936892632331195,0.10714177155372716,0.10714177155372716,0.10714177155372716,0.14999999999999999,1,1,0.12880508248501327,True,False,False,0,0,0.0012670047049304347,0.00062456552160328226
2024-06-28,0.0091773472743515421,0.0091665523171653961,-0.00060578795969297883,0.005397478593073185,0.01079495718614637,1.0794957186146369e-05,0.99806882856004453,5.5511151231257827e-17,0.0019311714399554702,0.29850071664079436,0.25511591452985627,True,True,every-bars,1,dataset-start,dataset,mandate_constraint_override,constraint_repaired,True,60,0.11052255520050286,0.10935444387236891,0.10935444387236891,0.10905942277271057,0.14999999999999999,1,1,0.0056227505515637488,False,False,True,0.005397478593073185,5.5511151231257827e-17,0.00010998712266716414,2.0408938426700851e-05
2024-07-01,-0.002892179674006783,-0.0029012735634991885,-0.0014497869413571671,0.0045469447462026524,0.0090938894924053049,9.0938894924053051e-06,0.97485083605134348,-5.5511151231257827e-17,0.025149163948656517,0.28992898491213426,0.24331523525660714,True,True,every-bars,1,dataset-start,dataset,mandate_constraint_override,constraint_repaired,True,60,0.10904637645417531,0.11094193381610662,0.11094193381610662,0.10811733981989323,0.14999999999999999,1,1,0.0083900598919051383,False,False,True,0.0045469447462026524,5.5511151231257827e-17,4.1347434649281121e-05,1.1201056339631113e-05
2024-07-02,0.00068081244423498488,0.00017657091730223094,0.00031494910321046776,0.25212076346637702,0.50424152693275404,0.00050424152693275394,1,0,0,0.29999999999999999,0.23278072226512481,True,True,every-bars,1,dataset-start,dataset,rebalance_threshold_met,within_ceiling,True,60,0.10719149722388824,0.10294689094641317,0.10294689094641317,0.10294689094641317,0.14999999999999999,1,1,0.25212076346637702,True,False,False,0,0,0.0080258550688767447,0.0019700485201441771
2024-07-03,-0.0079166039288032283,-0.0081553322681753668,-0.00086504490485378417,0.11936416968606905,0.23872833937213811,0.00023872833937213809,1,0,0,0.29999999999999999,0.23647665893469544,True,True,every-bars,1,dataset-start,dataset,rebalance_threshold_met,within_ceiling,True,60,0.10237203427216712,0.10435233672861133,0.10435233672861133,0.10435233672861133,0.14999999999999999,1,1,0.11936416968606905,True,False,False,0,0,0.0025843006940246844,0.00064483033228996268
2024-07-04,0.0086852369716908743,0.0081701151277530377,-0.0010111380936656906,0.257560921968918,0.515121843937836,0.00051512184393783596,1,5.5511151231257827e-17,0,0.27757726317449916,0.20933958891204124,True,True,every-bars,1,dataset-start,dataset,rebalance_threshold_met,within_ceiling,True,60,0.10431570593574802,0.098664598501469511,0.098664598501469511,0.098664598501469511,0.14999999999999999,1,1,0.257560921968918,True,False,False,4.8572257327350599e-17,2.7755575615628914e-17,0.006454365127288939,0.0015108075391700915
2024-07-05,-0.002690056228932564,-0.0028928060012172636,-0.002154879969988921,0.10137488614234982,0.20274977228469965,0.00020274977228469963,1,5.5511151231257827e-17,0,0.29999999999999999,0.21813348391596138,True,True,every-bars,1,dataset-start,dataset,rebalance_threshold_met,within_ceiling,True,60,0.099300944257308482,0.093582996288853817,0.093582996288853817,0.093582996288853817,0.14999999999999999,1,1,0.10137488614234982,True,False,False,0,5.5511151231257827e-17,0.00061078868090476944,0.00031395436911785593
2024-07-08,-0.003032802365827765,-0.0039040374184002671,0.00078726153683914956,0.43561752628625106,0.87123505257250211,0.00087123505257250217,1,0,0,0.29999999999999999,0.25993989082386554,True,True,every-bars,1,dataset-start,dataset,rebalance_threshold_met,within_ceiling,True,60,0.093163273238759461,0.10526074853159009,0.10526074853159009,0.10526074853159009,0.14999999999999999,1,1,0.43561752628625106,True,False,False,0,0,0.0083234878148715288,0.0023788729132240439
2024-07-09,-0.0047383613983689775,-0.0052527404405493285,-0.00015044406728418686,0.25718952109017557,0.51437904218035113,0.00051437904218035115,1,-5.5511151231257827e-17,0,0.29999999999999999,0.23863149097041916,True,True,every-bars,1,dataset-start,dataset,rebalance_threshold_met,within_ceiling,True,60,0.10453728565319123,0.096283968401693273,0.096283968401693273,0.096283968401693273,0.14999999999999999,1,1,0.25718952109017557,True,False,False,4.163336342344337e-17,2.7755575615628914e-17,0.0026255266413112207,0.0010728461279810063
2024-07-10,0.0057309601665086239,0.0055350348789157877,-0.00062546341849872866,0.09796264379641792,0.19592528759283584,0.00019592528759283586,1,-5.5511151231257827e-17,0,0.29634606742812969,0.23736686781352054,True,True,every-bars,1,dataset-start,dataset,rebalance_threshold_met,within_ceiling,True,60,0.096681011657322541,0.097101077302395616,0.097101077302395616,0.097101077302395616,0.14999999999999999,1,1,0.09796264379641792,True,False,False,4.163336342344337e-17,0,0.0013257130200294402,0.00044777318078699111
2024-07-11,0.007622284986318153,0.0072052869646527691,-0.0023734989048125876,0.20849901083269198,0.41699802166538397,0.00041699802166538397,1,2.7755575615628914e-17,0,0.29999999999999999,0.23952752497075228,True,True,every-bars,1,dataset-start,dataset,rebalance_threshold_met,within_ceiling,True,60,0.096021528313118235,0.099455902491550854,0.099455902491550854,0.099455902491550854,0.14999999999999999,1,1,0.20849901083269198,True,False,False,0,2.7755575615628914e-17,0.0014245520563479718,0.00068479280097376598
2024-07-12,0.0069742018155372456,0.0069666371902804497,-0.0025855125312918559,0.0037823126283980935,0.0075646252567961869,7.5646252567961869e-06,0.98242559223357084,2.7755575615628914e-17,0.017574407766429156,0.29580417870634562,0.23140239008371682,True,True,every-bars,1,dataset-start,dataset,mandate_constraint_override,constraint_repaired,True,60,0.094994070208852505,0.095949334621638641,0.095949334621638641,0.094214918271051606,0.14999999999999999,1,1,0.0055587838511328772,False,False,True,0.0037823126283980935,2.7755575615628914e-17,5.6962143870797032e-05,1.8285643917042993e-05
2024-07-15,-9.7980358492959866e-05,-0.00051065241725933494,-0.00096422199242844132,0.20633602938318757,0.41267205876637514,0.00041267205876637512,1,0,0,0.29999999999999999,0.23185149781666906,True,True,every-bars,1,dataset-start,dataset,rebalance_threshold_met,within_ceiling,True,60,0.093550447994484198,0.091674718818785139,0.091674718818785139,0.091674718818785139,0.14999999999999999,1,1,0.20633602938318757,True,False,False,0,0,0.0041013810456373154,0.0011588849643430434
2024-07-16,-0.00067109488241477039,-0.00088410630776843753,-0.00030207159958843088,0.10650571267683356,0.21301142535366713,0.00021301142535366715,0.99999999999999978,-8.3266726846886741e-17,2.2204460492503131e-16,0.29999999999999999,0.24080823242560948,True,True,every-bars,1,dataset-start,dataset,rebalance_threshold_met,within_ceiling,True,60,0.089666885145162994,0.094323483100991617,0.094323483100991617,0.094323483100991617,0.14999999999999999,1,1,0.10650571267683356,True,False,False,5.5511151231257827e-17,2.7755575615628914e-17,0.002819791575120678,0.00091561724962637575
2024-07-17,0.0017789247413873444,0.0014984250423115577,-0.00034128904417155947,0.14024984953789338,0.28049969907578676,0.00028049969907578676,1,0,0,0.29999999999999999,0.26000000000000001,True,True,every-bars,1,dataset-start,dataset,rebalance_threshold_met,within_ceiling,True,60,0.094703927640188354,0.10342299764919001,0.10342299764919001,0.10342299764919001,0.14999999999999999,1,1,0.14024984953789338,True,False,False,0,0,0.0012405523833447004,0.00037322809956967187
2024-07-18,0.0059789281615176115,0.0056175341920989543,-0.0018066147903090981,0.18069698470932849,0.36139396941865698,0.000361393969418657,1,2.7755575615628914e-17,0,0.29999999999999999,0.23494784233657195,True,True,every-bars,1,dataset-start,dataset,rebalance_threshold_met,within_ceiling,True,60,0.1022160290072182,0.086609497866388815,0.086609497866388815,0.086609497866388815,0.14999999999999999,1,1,0.18069698470932849,True,False,False,0,2.7755575615628914e-17,0.0035823821018514642,0.00099851106723424844
2024-07-19,0.00047630170312792025,1.7039877618864677e-05,-0.00034260536865375168,0.22963091275452777,0.45926182550905553,0.00045926182550905557,0.99999999999999989,1.3877787807814457e-17,1.1102230246251565e-16,0.29999999999999999,0.23781163306653175,True,True,every-bars,1,dataset-start,dataset,rebalance_threshold_met,within_ceiling,True,60,0.086029195599336084,0.090792141496921983,0.090792141496921983,0.090792141496921983,0.14999999999999999,1,1,0.22963091275452777,True,False,False,0,1.3877787807814457e-17,0.0045229250434272771,0.0015319939426446715
2024-07-22,0.001293104620821195,0.00057073473219186089,-0.00021486500433722436,0.36118494431466708,0.72236988862933416,0.00072236988862933412,0.99999999999999989,-2.7755575615628914e-17,1.1102230246251565e-16,0.29999999999999999,0.21640880150755745,True,True,every-bars,1,dataset-start,dataset,rebalance_threshold_met,within_ceiling,True,60,0.090444223501012319,0.094527573679452997,0.094527573679452997,0.094527573679452997,0.14999999999999999,1,1,0.36118494431466708,True,False,False,0,2.7755575615628914e-17,0.003007444777110976,0.001711531395948706
2024-07-23,-0.0031623974422878452,-0.0033682128491187048,-0.001209600230572057,0.10290770341542987,0.20581540683085975,0.00020581540683085975,1,2.7755575615628914e-17,0,0.29999999999999999,0.22145305883886016,True,True,every-bars,1,dataset-start,dataset,rebalance_threshold_met,within_ceiling,True,60,0.093081392360922485,0.08484000505881556,0.08484000505881556,0.08484000505881556,0.14999999999999999,1,1,0.10290770341542987,True,False,False,0,2.7755575615628914e-17,0.0012719162596519322,0.00042216288009733595
2024-07-24,0.0065371260338639783,0.0058091992132113558,-0.0014114045696274613,0.36396341032631119,0.72792682065262238,0.00072792682065262241,1,-5.5511151231257827e-17,0,0.29999999999999999,0.21629322058959019,True,True,every-bars,1,dataset-start,dataset,rebalance_threshold_met,within_ceiling,True,60,0.08582371005980402,0.09856726810516768,0.09856726810516768,0.09856726810516768,0.14999999999999999,1,1,0.36396341032631119,True,False,False,0,5.5511151231257827e-17,0.0028086811228208775,0.0013270304135248791
2024-07-25,0.0034085054359728121,0.0034020107664124127,-0.0012086619388470368,0.0032473347801996837,0.0064946695603993673,6.4946695603993671e-06,0.98501335573277959,-6.9388939039072284e-18,0.014986644267220406,0.29649189324856062,0.20978713846787994,True,True,every-bars,1,dataset-start,dataset,mandate_constraint_override,constraint_repaired,True,60,0.097059984280504316,0.097184026040848109,0.097184026040848109,0.096398766701001157,0.14999999999999999,1,1,0.0099993351984106887,False,False,True,0.0032473347801996837,6.9388939039072284e-18,8.7246268944031743e-05,2.3840817196571207e-05
2024-07-26,2.6907474009198746e-05,-0.00060619119307967102,-0.00086055191129965247,0.31654933354443482,0.63309866708886964,0.00063309866708886973,1,6.9388939039072284e-17,0,0.26096031256242347,0.19935092732031365,True,True,every-bars,1,dataset-start,dataset,rebalance_threshold_met,within_ceiling,True,60,0.096143658925784276,0.10399521422388193,0.10399521422388193,0.10399521422388193,0.14999999999999999,1,1,0.31654933354443482,True,False,False,4.8572257327350599e-17,0,0.0019556329793010249,0.0013658058052130493
2024-07-29,-0.0027499233414882019,-0.0032184952135274228,0.00031360480747350022,0.2342859360196104,0.46857187203922079,0.00046857187203922077,1,-5.5511151231257827e-17,0,0.29651534751262498,0.21203919811184851,True,True,every-bars,1,dataset-start,dataset,rebalance_threshold_met,within_ceiling,True,60,0.10189670647426589,0.096875085619410994,0.096875085619410994,0.096875085619410994,0.14999999999999999,1,1,0.2342859360196104,True,False,False,0,5.5511151231257827e-17,0.0025327850619560662,0.00079959761143167578
2024-07-30,0.0023762934721689088,0.0015310549017572865,0.00043014949769348799,0.42261928520581116,0.84523857041162231,0.00084523857041162223,1,-8.3266726846886741e-17,0,0.28886682641018613,0.21687948905599375,True,True,every-bars,1,dataset-start,dataset,rebalance_threshold_met,within_ceiling,True,60,0.097935126592956473,0.091161204827226811,0.091161204827226811,0.091161204827226811,0.14999999999999999,1,1,0.42261928520581116,True,False,False,4.5102810375396984e-17,0,0.0044709979093439699,0.0019551288390665189
2024-07-31,0.00068438171392837558,0.00046504272246655569,-0.00045557553378588968,0.10966949573090996,0.21933899146181993,0.00021933899146181992,1,-4.163336342344337e-17,0,0.28967110510959809,0.22397438929489216,True,True,every-bars,1,dataset-start,dataset,rebalance_threshold_met,within_ceiling,True,60,0.089860816874790986,0.09317326916327838,0.09317326916327838,0.09317326916327838,0.14999999999999999,1,1,0.10966949573090996,True,False,False,4.5102810375396984e-17,5.5511151231257827e-17,0.0020703549254101942,0.00052549069777131868
2024-08-01,0.0041390781235083008,0.0039231395024205105,-0.00076090536424749933,0.10796931054389515,0.2159386210877903,0.00021593862108779032,0.99999999999999989,-2.7755575615628914e-17,1.1102230246251565e-16,0.29407583303739476,0.22536039425259227,True,True,every-bars,1,dataset-start,dataset,rebalance_threshold_met,within_ceiling,True,60,0.092673614802247381,0.086843149371765405,0.086843149371765405,0.086843149371765405,0.14999999999999999,1,1,0.10796931054389515,True,False,False,0,2.7755575615628914e-17,0.00095568289995632031,0.00033050666872146698
2024-08-02,-0.0044125369525573159,-0.004655780932787114,-0.001575431431243409,0.12162199011489896,0.24324398022979793,0.00024324398022979791,1,-2.7755575615628914e-17,0,0.29999999999999999,0.22754522165250865,True,True,every-bars,1,dataset-start,dataset,rebalance_threshold_met,within_ceiling,True,60,0.082999266387427009,0.09316465013381818,0.09316465013381818,0.09316465013381818,0.14999999999999999,1,1,0.12162199011489896,True,False,False,0,2.7755575615628914e-17,0.0018855437419852436,0.00062216285512769033
2024-08-05,0.0011171127766942972,0.00071858863389201878,-0.00086308124600770176,0.19926207140113916,0.39852414280227832,0.00039852414280227834,1,0,0,0.29999999999999999,0.25793117196932003,True,True,every-bars,1,dataset-start,dataset,rebalance_threshold_met,within_ceiling,True,60,0.090784484460719517,0.098370766888677658,0.098370766888677658,0.098370766888677658,0.14999999999999999,1,1,0.19926207140113916,True,False,False,0,0,0.0015662120029533066,0.00081170157434867372
2024-08-06,-0.0041302218960188727,-0.0041313377622471462,7.4277525501191099e-05,0.00055793311413682156,0.0011158662282736431,1.1158662282736432e-06,0.99729281719478591,-5.5511151231257827e-17,0.0027071828052140923,0.29901830679082542,0.25687550672027154,True,True,every-bars,1,dataset-start,dataset,mandate_constraint_override,constraint_repaired,True,60,0.098279973601921838,0.098489769987546466,0.098489769987546466,0.098178746697334757,0.14999999999999999,1,1,0.0055315993866058566,False,False,True,0.00055793311413682156,5.5511151231257827e-17,7.1837257140917585e-06,1.9717268834489363e-06
2024-08-07,0.006420996613231927,0.0060746557793338344,-0.0021469184562938519,0.17317041694904647,0.34634083389809295,0.00034634083389809293,1,5.5511151231257827e-17,0,0.28880645612287698,0.24212436734750908,True,True,every-bars,1,dataset-start,dataset,rebalance_threshold_met,within_ceiling,True,60,0.099410792436868095,0.085017494828973778,0.085017494828973778,0.085017494828973778,0.14999999999999999,1,1,0.17317041694904647,True,False,False,4.163336342344337e-17,5.5511151231257827e-17,0.0046942614684359705,0.0010863100491421307
2024-08-08,-0.0023845681759353319,-0.0025634261174036681,-0.0029845971423041284,0.089428970734168139,0.17885794146833628,0.00017885794146833627,1,0,0,0.29999999999999999,0.24495522001472178,True,True,every-bars,1,dataset-start,dataset,rebalance_threshold_met,within_ceiling,True,60,0.082146442771321077,0.087012410065490806,0.087012410065490806,0.087012410065490806,0.14999999999999999,1,1,0.089428970734168139,True,False,False,0,0,0.0024014550525924875,0.00059739790247800319
2024-08-09,0.0075037484201220632,0.0070719509297400554,-0.0021396557016913897,0.21589874519100394,0.43179749038200788,0.00043179749038200788,1,-5.5511151231257827e-17,0,0.29999999999999999,0.24363143362393969,True,True,every-bars,1,dataset-start,dataset,rebalance_threshold_met,within_ceiling,True,60,0.085639930657643512,0.088717403836173325,0.088717403836173325,0.088717403836173325,0.14999999999999999,1,1,0.21589874519100394,True,False,False,4.5102810375396984e-17,5.5511151231257827e-17,0.0051207745767865272,0.0012526766567074728
2024-08-12,0.00026712628185856764,5.4496828914473941e-05,-0.00054037855239489686,0.10631472647204684,0.21262945294409369,0.0002126294529440937,1,-5.5511151231257827e-17,0,0.29999999999999999,0.23829735735195384,True,True,every-bars,1,dataset-start,dataset,rebalance_threshold_met,within_ceiling,True,60,0.088474423050299775,0.082489666487616992,0.082489666487616992,0.082489666487616992,0.14999999999999999,1,1,0.10631472647204684,True,False,False,0,5.5511151231257827e-17,0.0017550925829878719,0.0005262973512489492
2024-08-13,0.0051374757580225517,0.0045795901695690798,-0.00067546587302893136,0.27894279422673585,0.55788558845347169,0.00055788558845347165,1,5.5511151231257827e-17,0,0.29341692565797323,0.22093183851642204,True,True,every-bars,1,dataset-start,dataset,rebalance_threshold_met,within_ceiling,True,60,0.080825013491587203,0.092727029132327152,0.092727029132327152,0.092727029132327152,0.14999999999999999,1,1,0.27894279422673585,True,False,False,4.5102810375396984e-17,0,0.0037885662812348342,0.0016763451685050596
2024-08-14,0.0025652398589272036,0.0023409589564648298,-0.0010336032044254335,0.11214045123118689,0.22428090246237378,0.00022428090246237381,1,0,0,0.29999999999999999,0.26000000000000001,True,True,every-bars,1,dataset-start,dataset,rebalance_threshold_met,within_ceiling,True,60,0.092313118981000253,0.10100051758169017,0.10100051758169017,0.10100051758169017,0.14999999999999999,1,1,0.11214045123118689,True,False,False,0,0,0.0011436129270251071,0.00056795101239910184
2024-08-15,0.0073571257860303189,0.0073520636512907937,-0.0015843247905661939,0.0025310673697627739,0.0050621347395255478,5.0621347395255476e-06,0.99607637031757323,0,0.0039236296824267658,0.29999999999999999,0.25831135103266917,True,True,every-bars,1,dataset-start,dataset,mandate_constraint_override,constraint_repaired,True,60,0.10063836539525522,0.10033063160665333,0.10033063160665333,0.10005965358350664,0.14999999999999999,1,1,0.0034512866260638236,False,False,True,0.0025310673697627739,0,2.1484318843465197e-05,6.7781942985826799e-06
2024-08-16,0.0062799646144981189,0.0060894351159144792,-0.0017792241646058342,0.095264749291819842,0.19052949858363968,0.00019052949858363967,1,0,0,0.29999999999999999,0.25853601728765796,True,True,every-bars,1,dataset-start,dataset,rebalance_threshold_met,within_ceiling,True,60,0.10004537940495795,0.094931435165645145,0.094931435165645145,0.094931435165645145,0.14999999999999999,1,1,0.095264749291819842,True,False,False,0,0,0.0015253791189182052,0.00045742917620725156
2024-08-19,0.0014572262883514409,0.0010680806877423404,-0.00084299838085309198,0.19457280030455018,0.38914560060910036,0.00038914560060910035,1,0,0,0.29999999999999999,0.23214461923539687,True,True,every-bars,1,dataset-start,dataset,rebalance_threshold_met,within_ceiling,True,60,0.094461857814236147,0.096947262571096524,0.096947262571096524,0.096947262571096524,0.14999999999999999,1,1,0.19457280030455018,True,False,False,0,0,0.0069494610371654856,0.0019668089018663663
2024-08-20,0.0036561111789045315,0.0031925132601459631,-0.0016006053036367036,0.23179895937928427,0.46359791875856854,0.00046359791875856857,1,5.5511151231257827e-17,0,0.29999999999999999,0.23759983447978761,True,True,every-bars,1,dataset-start,dataset,rebalance_threshold_met,within_ceiling,True,60,0.095508924393149508,0.099195670956240448,0.099195670956240448,0.099195670956240448,0.14999999999999999,1,1,0.23179895937928427,True,False,False,4.163336342344337e-17,0,0.0043309992390632903,0.0010663256470587715
2024-08-21,0.011674513809916111,0.011230047617905985,0.00013434745245664354,0.22223309600506289,0.44446619201012577,0.00044446619201012576,1,0,0,0.29999999999999999,0.23552388835534788,True,True,every-bars,1,dataset-start,dataset,rebalance_threshold_met,within_ceiling,True,60,0.096854086563107941,0.091289653369996102,0.091289653369996102,0.091289653369996102,0.14999999999999999,1,1,0.22223309600506289,True,False,False,0,0,0.0058243910066993927,0.0015921995195820563
2024-08-22,0.011121582554240948,0.010906784521110283,-0.0018767913907358027,0.10739901656533271,0.21479803313066542,0.00021479803313066541,1,0,0,0.29999999999999999,0.23495908938484614,True,True,every-bars,1,dataset-start,dataset,rebalance_threshold_met,within_ceiling,True,60,0.092381864967527705,0.091865584531887687,0.091865584531887687,0.091865584531887687,0.14999999999999999,1,1,0.10739901656533271,True,False,False,0,0,0.0014431077630866398,0.00038612132593798056
2024-08-23,-0.0038412917634444961,-0.0038522910168934696,-0.0023918398930006428,0.0054996267244866309,0.010999253448973262,1.0999253448973262e-05,0.97268606026713922,-5.5511151231257827e-17,0.027313939732860781,0.29211747662800674,0.22163113500574699,True,True,every-bars,1,dataset-start,dataset,mandate_constraint_override,constraint_repaired,True,60,0.092371313358329876,0.094065007977347195,0.094065007977347195,0.091150866020196564,0.14999999999999999,1,1,0.012986745788256537,False,False,True,0.0054996267244866309,5.5511151231257827e-17,2.1482060338344901e-05,5.5334819016753537e-06
2024-08-26,0.01014723721217489,0.010143381107990202,-0.0019904571304050029,0.0019280520923440729,0.0038561041846881458,3.8561041846881458e-06,0.97077856613706959,-5.5511151231257827e-17,0.029221433862930413,0.29050633112734697,0.22032935687637231,True,True,every-bars,1,dataset-start,dataset,mandate_constraint_override,constraint_repaired,True,60,0.090484254193520464,0.093068491458066949,0.093068491458066949,0.090191450185175673,0.14999999999999999,1,1,0.014522336830914615,False,False,True,0.0019280520923440729,5.5511151231257827e-17,3.9470254428084341e-05,7.7617231780906306e-06
2024-08-27,0.00394173026896981,0.0039316849638515389,-0.00090090125990956638,0.0050226525591355459,0.010045305118271092,1.0045305118271092e-05,0.94521197126416978,0,0.054788028735830219,0.28623111534421525,0.20850672638929518,True,True,every-bars,1,dataset-start,dataset,mandate_constraint_override,constraint_repaired,True,60,0.090006570768039917,0.094139725552956174,0.094139725552956174,0.088890838815493853,0.14999999999999999,1,1,0.024261666601462107,False,False,True,0.0050226525591355459,0,1.3435395433363985e-05,3.5943044989428595e-06
2024-08-28,-0.000896046925534984,-0.00089997317956958206,-0.0014397694577771105,0.0019631270172990045,0.003926254034598009,3.9262540345980094e-06,0.93503076665067808,0,0.06496923334932192,0.28254369372311972,0.20419284671084512,True,True,every-bars,1,dataset-start,dataset,mandate_constraint_override,constraint_repaired,True,60,0.088243684072928957,0.093786858239455789,0.093786858239455789,0.087810033781632421,0.14999999999999999,1,1,0.030855930531089471,False,False,True,0.0019631270172990045,0,5.8767178428465308e-06,1.9058258770518318e-06
2024-08-29,0.010052706025105338,0.0098640270198141946,-0.001066487332919974,0.094339502645571782,0.18867900529114356,0.00018867900529114355,1,0,0,0.29999999999999999,0.25761452818180552,True,True,every-bars,1,dataset-start,dataset,rebalance_threshold_met,within_ceiling,True,60,0.086891630940063996,0.096774999384875257,0.096774999384875257,0.096774999384875257,0.14999999999999999,1,1,0.094339502645571782,True,False,False,0,0,0.00035838207702766243,0.00017343177097029513
2024-08-30,0.0068384993502489102,0.0065011996932203492,-0.0027930199205277177,0.16864982851428034,0.33729965702856068,0.00033729965702856068,1,0,0,0.28688865920116263,0.23620922844050773,True,True,every-bars,1,dataset-start,dataset,rebalance_threshold_met,within_ceiling,True,60,0.09712846571192657,0.085672571633392841,0.085672571633392841,0.085672571633392841,0.14999999999999999,1,1,0.16864982851428034,True,False,False,0,0,0.00045703727251773503,0.00015670856481562047
2024-09-02,0.0041550425670481995,0.0039407869426178604,-0.002828457438806645,0.1071278122151694,0.2142556244303388,0.00021425562443033882,0.99999999999999989,-1.1102230246251565e-16,1.1102230246251565e-16,0.29123276776336265,0.23312703992198619,True,True,every-bars,1,dataset-start,dataset,rebalance_threshold_met,within_ceiling,True,60,0.084679852871018119,0.087379362449970271,0.087379362449970271,0.087379362449970271,0.14999999999999999,1,1,0.1071278122151694,True,False,False,5.5511151231257827e-17,0,0.0006820238470740148,0.00017600451757318042
2024-09-03,0.0001770989734736785,-7.3841778015871671e-05,-0.00084305229410049554,0.1254703757447751,0.2509407514895502,0.00025094075148955017,0.99999999999999989,1.0408340855860843e-16,1.1102230246251565e-16,0.28754091197235959,0.23345943215418133,True,True,every-bars,1,dataset-start,dataset,rebalance_threshold_met,within_ceiling,True,60,0.084090770975718751,0.094319068100512604,0.094319068100512604,0.094319068100512604,0.14999999999999999,1,1,0.1254703757447751,True,False,False,4.8572257327350599e-17,6.9388939039072284e-18,0.00058176497681929073,0.00014968991742226611
2024-09-04,0.0087643412277332629,0.0085137287895527183,0.00076941553937563245,0.12530621909027273,0.25061243818054546,0.00025061243818054544,1,8.3266726846886741e-17,0,0.28647347884386287,0.23206149055841968,True,True,every-bars,1,dataset-start,dataset,rebalance_threshold_met,within_ceiling,True,60,0.094886555557388966,0.084576772466338018,0.084576772466338018,0.084576772466338018,0.14999999999999999,1,1,0.12530621909027273,True,False,False,4.8572257327350599e-17,0,0.00073553368680564992,0.00014625085973284568
2024-09-05,-0.0019085346409788886,-0.002034712317116097,-0.00099954510599450041,0.063088838068604131,0.12617767613720826,0.00012617767613720826,1,0,0,0.29999999999999999,0.25752965132251837,True,True,every-bars,1,dataset-start,dataset,rebalance_threshold_met,within_ceiling,True,60,0.082484609087824054,0.08511938157831761,0.08511938157831761,0.08511938157831761,0.14999999999999999,1,1,0.063088838068604131,True,False,False,0,0,0.00040926260527668557,9.9233183455503193e-05
2024-09-06,-0.0042752026651377431,-0.0042771148492483368,-0.00070319065989105035,0.00095609205529692542,0.0019121841105938508,1.9121841105938508e-06,0.99538752406091791,0,0.0046124759390820946,0.29774251103142829,0.25479598387807451,True,True,every-bars,1,dataset-start,dataset,mandate_constraint_override,constraint_repaired,True,60,0.085567700907958927,0.086155959902739401,0.086155959902739401,0.085393143791736945,0.14999999999999999,1,1,0.0089555590349884306,False,False,True,0.00095609205529692542,0,5.8210941447180112e-06,1.889512462175451e-06
2024-09-09,0.0010059645825109982,0.00078244530700987748,0.00066313912419248711,0.11175963775056039,0.22351927550112077,0.00022351927550112079,1,0,0,0.29999999999999999,0.26000000000000001,True,True,every-bars,1,dataset-start,dataset,rebalance_threshold_met,within_ceiling,True,60,0.086493644793155855,0.083128722013587106,0.083128722013587106,0.083128722013587106,0.14999999999999999,1,1,0.11175963775056039,True,False,False,0,0,0.00097298254198932392,0.00021837720355142581
2024-09-10,0.0024926677587082222,0.0022899153095024987,-0.0023875537341105182,0.10137622460286179,0.20275244920572358,0.00020275244920572359,1,0,0,0.29999999999999999,0.26000000000000001,True,True,every-bars,1,dataset-start,dataset,rebalance_threshold_met,within_ceiling,True,60,0.082768081777994787,0.084772716826267663,0.084772716826267663,0.084772716826267663,0.14999999999999999,1,1,0.10137622460286179,True,False,False,0,0,0.00076957782329859273,0.00020057712443112349
2024-09-11,-0.0048671816337355596,-0.0052078006234843382,-0.0010546276771679075,0.17030949487438946,0.34061898974877891,0.00034061898974877892,1,-5.5511151231257827e-17,0,0.29999999999999999,0.23994781837414464,True,True,every-bars,1,dataset-start,dataset,rebalance_threshold_met,within_ceiling,True,60,0.083886915571586104,0.086767074625940202,0.086767074625940202,0.086767074625940202,0.14999999999999999,1,1,0.17030949487438946,True,False,False,4.163336342344337e-17,5.5511151231257827e-17,0.0012977537346597549,0.00028924915182124139
2024-09-12,0.015329918945511634,0.015223901136221303,-0.0018745390153166457,0.05300890464516568,0.10601780929033136,0.00010601780929033135,1,0,0,0.29999999999999999,0.26000000000000001,True,True,every-bars,1,dataset-start,dataset,rebalance_threshold_met,within_ceiling,True,60,0.086696705838866558,0.090758286818086065,0.090758286818086065,0.090758286818086065,0.14999999999999999,1,1,0.05300890464516568,True,False,False,0,0,0.00032627056346098103,6.946526384835694e-05
2024-09-13,0.00092204066985450688,0.00071417602108080004,-0.0017101036211313494,0.1039323243868534,0.20786464877370681,0.00020786464877370681,1,0,0,0.29999999999999999,0.26000000000000001,True,True,every-bars,1,dataset-start,dataset,rebalance_threshold_met,within_ceiling,True,60,0.093169100434755014,0.09938479276333588,0.09938479276333588,0.09938479276333588,0.14999999999999999,1,1,0.1039323243868534,True,False,False,0,0,0.00025445669081959073,9.2010025511051112e-05
2024-09-16,-0.0046983561335231273,-0.0052515358442798317,-0.00067126244178172811,0.27658985537835223,0.55317971075670447,0.00055317971075670447,1,0,0,0.29999999999999999,0.23673088302719483,True,True,every-bars,1,dataset-start,dataset,rebalance_threshold_met,within_ceiling,True,60,0.098913098779014885,0.096166543793730755,0.096166543793730755,0.096166543793730755,0.14999999999999999,1,1,0.27658985537835223,True,False,False,0,0,0.001755416457976733,0.0005555688944593667
2024-09-17,-0.0046931846850186299,-0.0047027204343570864,-0.00044273638584034042,0.004767874669228421,0.009535749338456842,9.5357493384568422e-06,0.99423758231363968,2.7755575615628914e-17,0.0057624176863603216,0.29999999999999999,0.23447674801568638,True,True,every-bars,1,dataset-start,dataset,mandate_constraint_override,constraint_repaired,True,60,0.09739648999198483,0.096585439176659335,0.096585439176659335,0.096499958398674909,0.14999999999999999,1,1,0.0087854069670992678,False,False,True,0.004767874669228421,2.7755575615628914e-17,4.1205119607216068e-05,1.0316894397156827e-05
2024-09-18,0.0053021054330257651,0.0047181282592056728,-0.0030290122491471077,0.29198858691004603,0.58397717382009207,0.00058397717382009206,1,8.3266726846886741e-17,0,0.28152292769804738,0.21807475755141201,True,True,every-bars,1,dataset-start,dataset,rebalance_threshold_met,within_ceiling,True,60,0.096191062015265935,0.086270813008494721,0.086270813008494721,0.086270813008494721,0.14999999999999999,1,1,0.29198858691004603,True,False,False,4.8572257327350599e-17,4.163336342344337e-17,0.0013413342121502956,0.00058143818338470574
2024-09-19,0.0020167223662034147,0.0016016575835932092,-0.0019286392037349089,0.20753239130510279,0.41506478261020557,0.00041506478261020552,1,-1.1102230246251565e-16,0,0.29999999999999999,0.24075306490209583,True,True,every-bars,1,dataset-start,dataset,rebalance_threshold_met,within_ceiling,True,60,0.085229973902135825,0.094876874272369807,0.094876874272369807,0.094876874272369807,0.14999999999999999,1,1,0.20753239130510279,True,False,False,4.163336342344337e-17,0,0.00070044624843632476,0.00027310817281468491
2024-09-20,0.0025110762806585395,0.0025090636172755963,-0.00075061741423646867,0.0010063316914716118,0.0020126633829432236,2.0126633829432234e-06,0.99556417117316687,0,0.0044358288268331325,0.29957109662312953,0.23834715361657705,True,True,every-bars,1,dataset-start,dataset,mandate_constraint_override,constraint_repaired,True,60,0.090506071607810976,0.090614153792570484,0.090614153792570484,0.090336577814120592,0.14999999999999999,1,1,0.0066308516747694071,False,False,True,0.0010063316914716118,0,4.3852283427835458e-06,1.4813719006663787e-06
2024-09-23,0.0085139725479838457,0.0085114677614133317,-0.00083262487869193813,0.0012523932852566283,0.0025047865705132566,2.5047865705132566e-06,0.98435784069425558,0,0.015642159305744419,0.2907186298428866,0.23181719141059959,True,True,every-bars,1,dataset-start,dataset,mandate_constraint_override,constraint_repaired,True,60,0.089508743700028065,0.090449715356476265,0.090449715356476265,0.089297763863533539,0.14999999999999999,1,1,0.011457085353879386,False,False,True,0.0012523932852566283,0,3.7674522251556103e-06,1.1817179933993951e-06
2024-09-24,-0.00077358076526356644,-0.00078202286203142134,-0.00094970031061108985,0.0042210483839274435,0.0084420967678548869,8.4420967678548865e-06,0.96796580146430489,5.5511151231257827e-17,0.032034198535695113,0.28740618892822395,0.2248439819928057,True,True,every-bars,1,dataset-start,dataset,mandate_constraint_override,constraint_repaired,True,60,0.089813028168580861,0.091783245531116692,0.091783245531116692,0.089073464811045486,0.14999999999999999,1,1,0.031413099918327414,False,False,True,0.0042210483839274435,5.5511151231257827e-17,1.7980064191219201e-05,5.9796629293992704e-06
2024-09-25,0.0062620428513581365,0.0060162228725346451,-0.0017399895398929237,0.12290998941174594,0.24581997882349188,0.00024581997882349186,1,0,0,0.29999999999999999,0.23509764615436585,True,True,every-bars,1,dataset-start,dataset,rebalance_threshold_met,within_ceiling,True,60,0.088694745731879701,0.095853073412677306,0.095853073412677306,0.095853073412677306,0.14999999999999999,1,1,0.12290998941174594,True,False,False,0,0,0.00099176012926979838,0.00029340220727941971
2024-09-26,0.0083497380563375464,0.0083435149826403474,-0.0011661285462308082,0.003111536848599581,0.0062230736971991621,6.2230736971991624e-06,0.98431963960393887,0,0.015680360396061133,0.29242686955400093,0.22737748959404946,True,True,every-bars,1,dataset-start,dataset,mandate_constraint_override,constraint_repaired,True,60,0.094213426163300862,0.095711676871802542,0.095711676871802542,0.093659581367479205,0.14999999999999999,1,1,0.0080624702415897677,False,False,True,0.003111536848599581,0,1.7263976537496087e-05,5.0952146395394814e-06
2024-09-27,0.015155287715910839,0.014716038510600261,-0.00074033442774412727,0.21962460265528916,0.43924920531057832,0.00043924920531057833,1,-2.0816681711721685e-17,0,0.29999999999999999,0.23407425407027238,True,True,every-bars,1,dataset-start,dataset,rebalance_threshold_met,within_ceiling,True,60,0.090919834892194851,0.099759229791786738,0.099759229791786738,0.099759229791786738,0.14999999999999999,1,1,0.21962460265528916,True,False,False,0,2.0816681711721685e-17,0.00049386849234444338,0.00019756132958842539
2024-09-30,-0.0030631665442531039,-0.0032840166849125965,0.00026118528367324867,0.11042507032974619,0.22085014065949238,0.00022085014065949241,1,-2.0816681711721685e-17,0,0.29999999999999999,0.24502355644124033,True,True,every-bars,1,dataset-start,dataset,rebalance_threshold_met,within_ceiling,True,60,0.10200122202738462,0.10657287523675965,0.10657287523675965,0.10657287523675965,0.14999999999999999,1,1,0.11042507032974619,True,False,False,0,2.0816681711721685e-17,0.00062593860325695896,0.00019264363751093298
2024-10-01,-0.0018079090621142158,-0.0020123550149967187,-0.00051780608843685961,0.1022229764412515,0.204445952882503,0.00020444595288250298,1,-2.7755575615628914e-17,0,0.29999999999999999,0.24475974167535383,True,True,every-bars,1,dataset-start,dataset,rebalance_threshold_met,within_ceiling,True,60,0.10749538856175124,0.10517433159088395,0.10517433159088395,0.10517433159088395,0.14999999999999999,1,1,0.1022229764412515,True,False,False,0,2.7755575615628914e-17,0.00042056729828561073,0.00013167006478071461
2024-10-02,-0.00010632906066288111,-0.00071971467512431419,-0.0008608009528359345,0.30669280723071657,0.61338561446143314,0.00061338561446143305,1,-2.7755575615628914e-17,0,0.29045173095509519,0.2356304709496877,True,True,every-bars,1,dataset-start,dataset,rebalance_threshold_met,within_ceiling,True,60,0.10377882986532858,0.089865301989781141,0.089865301989781141,0.089865301989781141,0.14999999999999999,1,1,0.30669280723071657,True,False,False,0,2.7755575615628914e-17,0.0010603193375843163,0.00035113019273564277
2024-10-03,0.0045863096527092792,0.0040960456002541975,-0.0021328073859520989,0.24513202622754104,0.49026405245508209,0.00049026405245508207,1,5.5511151231257827e-17,0,0.29999999999999999,0.25785156962238681,True,True,every-bars,1,dataset-start,dataset,rebalance_threshold_met,within_ceiling,True,60,0.088406830429311314,0.099235397981874099,0.099235397981874099,0.099235397981874099,0.14999999999999999,1,1,0.24513202622754104,True,False,False,4.163336342344337e-17,2.7755575615628914e-17,0.00061072715496175462,0.00021615511360537225
2024-10-04,0.0052054093678736719,0.0048667421636978464,0.00018256555698116983,0.16933360208791259,0.33866720417582519,0.00033866720417582519,1,2.7755575615628914e-17,0,0.28856663961169249,0.23520917993435794,True,True,every-bars,1,dataset-start,dataset,rebalance_threshold_met,within_ceiling,True,60,0.099283465255463568,0.093012086183049084,0.093012086183049084,0.093012086183049084,0.14999999999999999,1,1,0.16933360208791259,True,False,False,0,2.7755575615628914e-17,0.00065901698176254724,0.0001657379181645196
2024-10-07,0.0013541016964559876,0.0013489232430579433,0.00010029355177730107,0.0025892266990221909,0.0051784533980443817,5.1784533980443813e-06,0.99263072141696218,0,0.0073692785830378194,0.28974206452783968,0.23213625599508608,True,True,every-bars,1,dataset-start,dataset,mandate_constraint_override,constraint_repaired,True,60,0.092491172334103422,0.09379725565385226,0.09379725565385226,0.092030215132673107,0.14999999999999999,1,1,0.024406708655599532,False,False,True,0.0025892266990221909,0,1.0284284492044397e-05,2.3950832153752207e-06
2024-10-08,0.0040613223511266104,0.0040599700805420474,-0.0025931999581169096,0.00067613529228166894,0.0013522705845633379,1.3522705845633379e-06,0.99467650206693148,-2.7755575615628914e-17,0.0053234979330685217,0.29123207949286861,0.23313352663251846,True,True,every-bars,1,dataset-start,dataset,mandate_constraint_override,constraint_repaired,True,60,0.089681798527417603,0.091043416606820485,0.091043416606820485,0.089566027995694575,0.14999999999999999,1,1,0.031836676069438949,False,False,True,0.00067613529228166894,2.7755575615628914e-17,2.2156462905827959e-06,6.2036704081755112e-07
2024-10-09,-0.010843015638154251,-0.011070970267432359,-0.0007505048822118442,0.11397731463905393,0.22795462927810786,0.00022795462927810789,0.99999999999999989,-2.7755575615628914e-17,1.1102230246251565e-16,0.29999999999999999,0.24172132400026203,True,True,every-bars,1,dataset-start,dataset,rebalance_threshold_met,within_ceiling,True,60,0.086081204570613565,0.08786966873770824,0.08786966873770824,0.08786966873770824,0.14999999999999999,1,1,0.11397731463905393,True,False,False,0,2.7755575615628914e-17,0.00060612285236856793,0.00019426533686843389
2024-10-10,0.0041619237999074576,0.0035798405658629458,0.00055694713794376027,0.29104161702225584,0.58208323404451168,0.00058208323404451169,0.99999999999999989,5.5511151231257827e-17,1.1102230246251565e-16,0.29422958020558598,0.22198851709061129,True,True,every-bars,1,dataset-start,dataset,rebalance_threshold_met,within_ceiling,True,60,0.091967231092504279,0.090105173041338124,0.090105173041338124,0.090105173041338124,0.14999999999999999,1,1,0.29104161702225584,True,False,False,4.5102810375396984e-17,5.5511151231257827e-17,0.00091673180733537753,0.00038953539999677023
2024-10-11,-0.012572378397897705,-0.013013112414375689,-0.0010625069623199832,0.22036700823899233,0.44073401647798466,0.00044073401647798464,1,-5.5511151231257827e-17,0,0.29964540809652335,0.23819698275443563,True,True,every-bars,1,dataset-start,dataset,rebalance_threshold_met,within_ceiling,True,60,0.090333675784048939,0.10197413564894543,0.10197413564894543,0.10197413564894543,0.14999999999999999,1,1,0.22036700823899233,True,False,False,4.5102810375396984e-17,5.5511151231257827e-17,0.00050922735819515399,0.00025225827487133408
2024-10-14,-0.0029543330219594138,-0.003305333861524571,-0.0010113775057137284,0.17550041978257847,0.35100083956515693,0.00035100083956515695,1,-5.5511151231257827e-17,0,0.28043511362516382,0.21235119506623762,True,True,every-bars,1,dataset-start,dataset,rebalance_threshold_met,within_ceiling,True,60,0.10649295213750441,0.10240284770233973,0.10240284770233973,0.10240284770233973,0.14999999999999999,1,1,0.17550041978257847,True,False,False,0,5.5511151231257827e-17,0.00096879194046150727,0.00026651287998496776
2024-10-15,-0.0022392407610266818,-0.0024725985733916101,0.0009456230958083126,0.11667890618246413,0.23335781236492825,0.00023335781236492827,1,-1.1102230246251565e-16,0,0.27248381704625446,0.21146243986457758,True,True,every-bars,1,dataset-start,dataset,rebalance_threshold_met,within_ceiling,True,60,0.10215397239514519,0.10357131560188861,0.10357131560188861,0.10357131560188861,0.14999999999999999,1,1,0.11667890618246413,True,False,False,4.8572257327350599e-17,0,0.00044964476448510512,0.00015601010742238017
2024-10-16,9.948501018480714e-05,-0.00028493461043140999,-0.0012975107223873925,0.19220981030810855,0.38441962061621709,0.0003844196206162171,1,0,0,0.29999999999999999,0.26000000000000001,True,True,every-bars,1,dataset-start,dataset,rebalance_threshold_met,within_ceiling,True,60,0.10381949616411086,0.11197965898218537,0.11197965898218537,0.11197965898218537,0.14999999999999999,1,1,0.19220981030810855,True,False,False,0,0,0.0013704785364311582,0.00038410356870731459
2024-10-17,-0.0012971576533942909,-0.0023140350174799822,-0.0014797692753426574,0.5084386820428457,1.0168773640856914,0.0010168773640856913,1,0,0,0.29699187584602749,0.2571556541232049,True,True,every-bars,1,dataset-start,dataset,rebalance_threshold_met,within_ceiling,True,60,0.10990303957391724,0.099789512498433,0.099789512498433,0.099789512498433,0.14999999999999999,1,1,0.5084386820428457,True,False,False,0,0,0.0039178691399788202,0.0010086689365915627
2024-10-18,0.0030355424731608772,0.0021910260422432571,0.0011336840356133508,0.42225821545881004,0.84451643091762008,0.00084451643091762007,1,0,0,0.26341587870057814,0.20447860709494819,True,True,every-bars,1,dataset-start,dataset,rebalance_threshold_met,within_ceiling,True,60,0.098630768777978592,0.088589190628353812,0.088589190628353812,0.088589190628353812,0.14999999999999999,1,1,0.42225821545881004,True,False,False,0,0,0.0012099586704641307,0.00070278526783770605
2024-10-21,-0.0052642723922557534,-0.0058802347958388122,-0.0018566164229777227,0.30798120179152932,0.61596240358305865,0.00061596240358305864,1,0,0,0.29999999999999999,0.26000000000000001,True,True,every-bars,1,dataset-start,dataset,rebalance_threshold_met,within_ceiling,True,60,0.088971598107869351,0.088616628166060529,0.088616628166060529,0.088616628166060529,0.14999999999999999,1,1,0.30798120179152932,True,False,False,0,0,0.0032610758552484567,0.00075091134337187569
2024-10-22,0.0039765111332068816,0.0030855440915295174,-0.001271864473457951,0.44548352083868198,0.89096704167736396,0.00089096704167736403,1,-2.7755575615628914e-17,0,0.29999999999999999,0.22615448422777878,True,True,every-bars,1,dataset-start,dataset,rebalance_threshold_met,within_ceiling,True,60,0.087466720228011663,0.089715819615045267,0.089715819615045267,0.089715819615045267,0.14999999999999999,1,1,0.44548352083868198,True,False,False,0,2.7755575615628914e-17,0.0053868726722144464,0.002330681343012691
2024-10-23,0.0035525046746352328,0.0035485439135127255,-0.0015452099581304186,0.0019803805612536134,0.0039607611225072267,3.9607611225072267e-06,0.9889175741213827,-5.5511151231257827e-17,0.011082425878617297,0.29639793229515365,0.22060771816062141,True,True,every-bars,1,dataset-start,dataset,mandate_constraint_override,constraint_repaired,True,60,0.088250067326296366,0.0888652547491183,0.0888652547491183,0.087870912810180127,0.14999999999999999,1,1,0.0049243268295116084,False,False,True,0.0019803805612536134,5.5511151231257827e-17,8.0151878179309178e-05,1.6767180042914809e-05
2024-10-24,0.0084369242853397676,0.0079997087379827005,-0.0003695119333802508,0.21860777367853335,0.43721554735706669,0.00043721554735706665,1,0,0,0.29999999999999999,0.24598152135936766,True,True,every-bars,1,dataset-start,dataset,rebalance_threshold_met,within_ceiling,True,60,0.087337877288590285,0.096479680362619349,0.096479680362619349,0.096479680362619349,0.14999999999999999,1,1,0.21860777367853335,True,False,False,0,0,0.0029476773306079968,0.0011284103521757697
2024-10-25,-0.00032180852552120688,-0.00056999120952648617,-0.00036525026424951345,0.12409134200263962,0.24818268400527924,0.00024818268400527923,1,-5.5511151231257827e-17,0,0.29999999999999999,0.23962062052305394,True,True,every-bars,1,dataset-start,dataset,rebalance_threshold_met,within_ceiling,True,60,0.096476592426602586,0.094523092269699766,0.094523092269699766,0.094523092269699766,0.14999999999999999,1,1,0.12409134200263962,True,False,False,4.163336342344337e-17,2.7755575615628914e-17,0.0023718222685507749,0.00063914054358086116
2024-10-28,0.0028456999560025529,0.0026038830111329079,-0.0017371497923694597,0.12090847243482257,0.24181694486964514,0.00024181694486964512,1,-5.5511151231257827e-17,0,0.29999999999999999,0.23708124502963282,True,True,every-bars,1,dataset-start,dataset,rebalance_threshold_met,within_ceiling,True,60,0.09439854827352355,0.092326460537174235,0.092326460537174235,0.092326460537174235,0.14999999999999999,1,1,0.12090847243482257,True,False,False,4.163336342344337e-17,2.7755575615628914e-17,0.0015157276270016402,0.00047684927216773296
2024-10-29,0.0027940970790926718,0.0027912594541657991,0.0013920683151030973,0.0014188124634364439,0.0028376249268728879,2.8376249268728879e-06,0.99373612390048027,2.7755575615628914e-17,0.0062638760995197273,0.29820049558433687,0.23465685162867983,True,True,every-bars,1,dataset-start,dataset,mandate_constraint_override,constraint_repaired,True,60,0.092035484334989842,0.092331543851779649,0.092331543851779649,0.091788654920320928,0.14999999999999999,1,1,0.0020160954747951605,False,False,True,0.0014188124634364439,2.7755575615628914e-17,2.6037542389142231e-05,7.4847125255494992e-06
2024-10-30,-0.0076092161517116166,-0.0076120024635648988,0.00054188943731651562,0.0013931559266409863,0.0027863118532819725,2.7863118532819726e-06,0.99070053834501071,2.7755575615628914e-17,0.0092994616549892939,0.29771462510450281,0.23398706489989946,True,True,every-bars,1,dataset-start,dataset,mandate_constraint_override,constraint_repaired,True,60,0.092114107229004594,0.092389599633964883,0.092389599633964883,0.091869243942574799,0.14999999999999999,1,1,0.0097128588883025856,False,False,True,0.0013931559266409863,2.7755575615628914e-17,1.1268279795834296e-05,4.5644323559075395e-06
2024-10-31,0.0035565006326358085,0.0031527074984891859,-0.0015774071018390861,0.20189656707331138,0.40379313414662277,0.00040379313414662279,1,5.5511151231257827e-17,0,0.28776617745233363,0.23585464590172645,True,True,every-bars,1,dataset-start,dataset,rebalance_threshold_met,within_ceiling,True,60,0.092523109146447471,0.091393604276197374,0.091393604276197374,0.091393604276197374,0.14999999999999999,1,1,0.20189656707331138,True,False,False,4.5102810375396984e-17,0,0.0040012027431921195,0.0014524806524286761
2024-11-01,-0.0028960011072246558,-0.0030854043133420814,0.00067240387711035377,0.094701603058712697,0.18940320611742539,0.00018940320611742539,1,0,0,0.29999999999999999,0.23769054652553054,True,True,every-bars,1,dataset-start,dataset,rebalance_threshold_met,within_ceiling,True,60,0.091056223492931576,0.094470568181478393,0.094470568181478393,0.094470568181478393,0.14999999999999999,1,1,0.094701603058712697,True,False,False,0,0,0.0012452423775609063,0.00027393114255930468
2024-11-04,0.005508406713921026,0.005505502301632598,0.001307978576085278,0.001452206144213819,0.002904412288427638,2.9044122884276379e-06,0.99671696857487646,-5.5511151231257827e-17,0.0032830314251235393,0.29653568175966383,0.23560744255076532,True,True,every-bars,1,dataset-start,dataset,mandate_constraint_override,constraint_repaired,True,60,0.093651867676544209,0.093917275507501327,0.093917275507501327,0.093363074768336204,0.14999999999999999,1,1,0.0097322988606724573,False,False,True,0.001452206144213819,5.5511151231257827e-17,3.2577437977005022e-05,5.8022857210635475e-06
2024-11-05,-0.0079199940212876796,-0.0082954684763112338,-0.00035319761069581735,0.18773722751177752,0.37547445502355503,0.00037547445502355501,1,0,0,0.29999999999999999,0.26000000000000001,True,True,every-bars,1,dataset-start,dataset,rebalance_threshold_met,within_ceiling,True,60,0.093103047074513043,0.097828689016717305,0.097828689016717305,0.097828689016717305,0.14999999999999999,1,1,0.18773722751177752,True,False,False,0,0,0.0078472400072490244,0.0018065458312813846
2024-11-06,0.00023089224549507317,-0.00037078312799631815,-0.00015631007367517002,0.30083768674569566,0.60167537349139133,0.00060167537349139133,1,0,0,0.29999999999999999,0.26000000000000001,True,True,every-bars,1,dataset-start,dataset,rebalance_threshold_met,within_ceiling,True,60,0.099188407342001433,0.087769266723836573,0.087769266723836573,0.087769266723836573,0.14999999999999999,1,1,0.30083768674569566,True,False,False,0,0,0.0089014220910947472,0.0022785351838195294
2024-11-07,-0.0023804377249682543,-0.0031812861398828533,-0.00097842720573752362,0.40042420745729945,0.80084841491459891,0.00080084841491459894,1,0,0,0.29999999999999999,0.26000000000000001,True,True,every-bars,1,dataset-start,dataset,rebalance_threshold_met,within_ceiling,True,60,0.086940233685812107,0.089653168028656569,0.089653168028656569,0.089653168028656569,0.14999999999999999,1,1,0.40042420745729945,True,False,False,0,0,0.0077512702181821384,0.002056936467056274
2024-11-08,-0.010725258518170409,-0.011459650627034504,-0.0007609915807068611,0.36719605443204772,0.73439210886409545,0.00073439210886409542,1,0,0,0.29999999999999999,0.23926108947455621,True,True,every-bars,1,dataset-start,dataset,rebalance_threshold_met,within_ceiling,True,60,0.089357478385877223,0.092409285724843873,0.092409285724843873,0.092409285724843873,0.14999999999999999,1,1,0.36719605443204772,True,False,False,0,0,0.0051331900876588656,0.0021501941559992498
2024-11-11,0.0048462122827379241,0.0038647615081933121,6.9709154394988662e-05,0.49072538727230608,0.98145077454461216,0.00098145077454461207,0.99999999999999978,-5.5511151231257827e-17,2.2204460492503131e-16,0.28358879699451023,0.23450694935041705,True,True,every-bars,1,dataset-start,dataset,rebalance_threshold_met,within_ceiling,True,60,0.094918075556481032,0.093414614989268951,0.093414614989268951,0.093414614989268951,0.14999999999999999,1,1,0.49072538727230608,True,False,False,4.8572257327350599e-17,2.7755575615628914e-17,0.0041058990577008672,0.001864121300711904
2024-11-12,0.00700418202757562,0.0066819103234768487,0.0015448443006366903,0.16113585204938588,0.32227170409877176,0.00032227170409877175,1,0,0,0.29780912111282232,0.25676961859849551,True,True,every-bars,1,dataset-start,dataset,rebalance_threshold_met,within_ceiling,True,60,0.092808914423121808,0.10168000190082278,0.10168000190082278,0.10168000190082278,0.14999999999999999,1,1,0.16113585204938588,True,False,False,0,0,0.0020911205461460781,0.00058058335939295492
2024-11-13,0.0018257169845876827,0.0018187615199008599,0.00020561548799589489,0.0034777323434113661,0.0069554646868227321,6.9554646868227322e-06,0.989293376952044,-2.7755575615628914e-17,0.010706623047955999,0.29389586442979965,0.25114640006297134,True,True,every-bars,1,dataset-start,dataset,mandate_constraint_override,constraint_repaired,True,60,0.10166254593068115,0.10208265445638851,0.10208265445638851,0.10098387625230508,0.14999999999999999,1,1,0.011744453921423356,False,False,True,0.0034777323434113661,2.7755575615628914e-17,0.00011893768190390776,2.309478448744055e-05
2024-11-14,0.0022459526284226376,0.0020402387870291153,0.0006893055853434138,0.10285692069676104,0.20571384139352208,0.0002057138413935221,1,0,0,0.29999999999999999,0.25758871340454376,True,True,every-bars,1,dataset-start,dataset,rebalance_threshold_met,within_ceiling,True,60,0.098160586119875062,0.098532171507194691,0.098532171507194691,0.098532171507194691,0.14999999999999999,1,1,0.10285692069676104,True,False,False,0,0,0.0012412975273484734,0.00036923408733798951
2024-11-15,0.018554041572348318,0.018348419798033276,0.0012748484379048926,0.10281088715752168,0.20562177431504336,0.00020562177431504339,1,0,0,0.28903578588977485,0.25435214568921338,True,True,every-bars,1,dataset-start,dataset,rebalance_threshold_met,within_ceiling,True,60,0.098182723732517185,0.097991452295081119,0.097991452295081119,0.097991452295081119,0.14999999999999999,1,1,0.10281088715752168,True,False,False,0,0,0.0034967277810745967,0.00073657616388383355
2024-11-18,-0.0065769162736993266,-0.0067394974530401285,-0.00044682629778197708,0.081290589670401175,0.16258117934080235,0.00016258117934080235,1,-5.5511151231257827e-17,0,0.29999999999999999,0.25918693765963197,True,True,every-bars,1,dataset-start,dataset,rebalance_threshold_met,within_ceiling,True,60,0.10270916365280915,0.10834215097298956,0.10834215097298956,0.10834215097298956,0.14999999999999999,1,1,0.081290589670401175,True,False,False,0,5.5511151231257827e-17,0.0011904880368636143,0.00033460893695650605
2024-11-19,-0.00011631959487258741,-0.00067079796017026751,-7.8434029237517465e-05,0.27723918264884007,0.55447836529768013,0.00055447836529768008,0.99999999999999978,0,2.2204460492503131e-16,0.29667427305402189,0.23383556567621466,True,True,every-bars,1,dataset-start,dataset,rebalance_threshold_met,within_ceiling,True,60,0.10430440460175774,0.098703057895197732,0.098703057895197732,0.098703057895197732,0.14999999999999999,1,1,0.27723918264884007,True,False,False,4.163336342344337e-17,5.5511151231257827e-17,0.0053798177977022518,0.0019670062201483942
2024-11-20,0.0063899921617703911,0.0058680964281743299,-0.0011977510116822168,0.26094786679803061,0.52189573359606123,0.00052189573359606115,1,5.5511151231257827e-17,0,0.28068211879308208,0.21354502858601232,True,True,every-bars,1,dataset-start,dataset,rebalance_threshold_met,within_ceiling,True,60,0.097758617819649452,0.097941251933619383,0.097941251933619383,0.097941251933619383,0.14999999999999999,1,1,0.26094786679803061,True,False,False,0,5.5511151231257827e-17,0.0022067615051944945,0.001156073818873269
2024-11-21,0.0023839729442964456,0.0023776235248750099,0.0017781863478094997,0.0031747097107178018,0.0063494194214356037,6.3494194214356034e-06,0.98780894884272663,1.1102230246251565e-16,0.012191051157273369,0.28062357603744398,0.20868858734407958,True,True,every-bars,1,dataset-start,dataset,mandate_constraint_override,constraint_repaired,True,60,0.097980907955559873,0.097913958421920744,0.097913958421920744,0.097271285623278456,0.14999999999999999,1,1,0.010432309043195084,False,False,True,0.0031747097107178018,1.1102230246251565e-16,5.2728227248500176e-05,1.4545800091464433e-05
2024-11-22,0.0013649208635022831,0.0010999103751111673,0.0018483794061604313,0.13250524419555787,0.26501048839111574,0.00026501048839111573,1,0,0,0.29999999999999999,0.26000000000000001,True,True,every-bars,1,dataset-start,dataset,rebalance_threshold_met,within_ceiling,True,60,0.095205960666621417,0.10536913299944443,0.10536913299944443,0.10536913299944443,0.14999999999999999,1,1,0.13250524419555787,True,False,False,0,0,0.0029232190957748051,0.0009376431462433777
2024-11-25,0.002918709801655373,0.0027073249718102808,-0.00065029023338118242,0.10569241492254612,0.21138482984509224,0.00021138482984509225,1,0,0,0.29999999999999999,0.26000000000000001,True,True,every-bars,1,dataset-start,dataset,rebalance_threshold_met,within_ceiling,True,60,0.10511967528538975,0.10411638843899707,0.10411638843899707,0.10411638843899707,0.14999999999999999,1,1,0.10569241492254612,True,False,False,0,0,0.0028243287236160018,0.00077009029799070207
2024-11-26,0.00011365934410354194,0.00011074912837705239,0.00053036156291865388,0.0014551078632447784,0.0029102157264895567,2.9102157264895569e-06,0.99598192550120812,0,0.0040180744987918793,0.29825399281954551,0.2575915729954063,True,True,every-bars,1,dataset-start,dataset,mandate_constraint_override,constraint_repaired,True,60,0.10223177389913354,0.10235234888429999,0.10235234888429999,0.10190294276793702,0.14999999999999999,1,1,0.0017516132460009964,False,False,True,0.0014551078632447784,0,1.8238675468115642e-05,4.2066631013555266e-06
2024-11-27,-0.0072593073578695122,-0.0076249116319660141,0.00018012206594704891,0.18280213704825102,0.36560427409650204,0.00036560427409650201,1,-5.5511151231257827e-17,0,0.29999999999999999,0.23895880844244366,True,True,every-bars,1,dataset-start,dataset,rebalance_threshold_met,within_ceiling,True,60,0.10162035120762233,0.095793488836965549,0.095793488836965549,0.095793488836965549,0.14999999999999999,1,1,0.18280213704825102,True,False,False,0,5.5511151231257827e-17,0.0065129842034937066,0.0015165683844946428
2024-11-28,-0.0029930363337721793,-0.0033622362311444996,0.0018563035856199823,0.18459994868616014,0.36919989737232028,0.00036919989737232029,1,0,0,0.29999999999999999,0.24228929603483249,True,True,every-bars,1,dataset-start,dataset,rebalance_threshold_met,within_ceiling,True,60,0.097023325725560383,0.092829009424396064,0.092829009424396064,0.092829009424396064,0.14999999999999999,1,1,0.18459994868616014,True,False,False,0,0,0.003341667843001917,0.00081930698791625402
2024-11-29,-0.0021110592875230867,-0.0021141454106766676,-0.00013279399033305753,0.0015430615767904783,0.0030861231535809566,3.0861231535809566e-06,1,-5.5511151231257827e-17,0,0.29989996772214073,0.24188365344999846,True,True,every-bars,1,dataset-start,dataset,mandate_constraint_override,constraint_repaired,True,60,0.092614832039303305,0.091865062737401373,0.091865062737401373,0.092277240371075084,0.14999999999999999,1,1,0.0069763704406905803,False,False,True,0.0015430615767904783,5.5511151231257827e-17,4.3199282333951476e-05,7.4992817228181973e-06
2024-12-02,0.0022575032207822593,0.0013612038779121931,0.0014107454107209296,0.44814967143503315,0.8962993428700663,0.00089629934287006636,1,0,0,0.29999999999999999,0.24537241742471771,True,True,every-bars,1,dataset-start,dataset,rebalance_threshold_met,within_ceiling,True,60,0.091874343845038439,0.093866151301599088,0.093866151301599088,0.093866151301599088,0.14999999999999999,1,1,0.44814967143503315,True,False,False,0,0,0.0053991787261695708,0.0020876359358647368
2024-12-03,0.0082031795065122468,0.0074049902693125178,-0.00032156823231395897,0.3990946185998645,0.79818923719972901,0.00079818923719972897,1,3.4694469519536142e-17,0,0.25442845122651697,0.20908427425264078,True,True,every-bars,1,dataset-start,dataset,rebalance_threshold_met,within_ceiling,True,60,0.094020853274142904,0.085603007953049176,0.085603007953049176,0.085603007953049176,0.14999999999999999,1,1,0.3990946185998645,True,False,False,4.5102810375396984e-17,2.7755575615628914e-17,0.0063926756317182953,0.0025016264447737611
2024-12-04,0.0030627863992332984,0.0027438749146569382,0.00014059445637530174,0.15945574228818013,0.31891148457636026,0.00031891148457636028,1,5.5511151231257827e-17,0,0.29999999999999999,0.25984177342682163,True,True,every-bars,1,dataset-start,dataset,rebalance_threshold_met,within_ceiling,True,60,0.086410965780261279,0.10098860351333519,0.10098860351333519,0.10098860351333519,0.14999999999999999,1,1,0.15945574228818013,True,False,False,0,5.5511151231257827e-17,0.0022576015282540136,0.0008006892048996857
2024-12-05,0.00091074691173570488,0.00031179717652737762,-8.5609214557599145e-05,0.29947486760416364,0.59894973520832728,0.00059894973520832726,1,0,0,0.29999999999999999,0.26000000000000001,True,True,every-bars,1,dataset-start,dataset,rebalance_threshold_met,within_ceiling,True,60,0.10094032415294941,0.10124010089795105,0.10124010089795105,0.10124010089795105,0.14999999999999999,1,1,0.29947486760416364,True,False,False,0,0,0.0056648962504588264,0.0017740314323359439
2024-12-06,0.0031063162394696893,0.00310540632126315,0.0026995074393354832,0.0004549591032695921,0.0009099182065391842,9.0991820653918416e-07,0.99801135766695726,0,0.001988642333042745,0.29982011542379711,0.2588171803539408,True,True,every-bars,1,dataset-start,dataset,mandate_constraint_override,constraint_repaired,True,60,0.097619124986436281,0.097722024141447594,0.097722024141447594,0.097528335589429221,0.14999999999999999,1,1,0.0016904831205440951,False,False,True,0.0004549591032695921,0,6.6446634832752212e-06,2.1973946600318159e-06
2024-12-09,0.0050434654834793056,0.0050379734039715622,0.00088658135336559341,0.002746039753871804,0.005492079507743608,5.4920795077436083e-06,0.99396147916081545,2.7755575615628914e-17,0.0060385208391845469,0.29999999999999999,0.25713128062024798,True,True,every-bars,1,dataset-start,dataset,mandate_constraint_override,constraint_repaired,True,60,0.09702172438785113,0.0968424642778829,0.0968424642778829,0.096460544896948677,0.14999999999999999,1,1,0.0060709371194259398,False,False,True,0.002746039753871804,2.7755575615628914e-17,6.7061049475945653e-05,1.8683788887365545e-05
2024-12-10,0.011027820227938422,0.010843701508938824,0.0011031315656018039,0.092059359499799362,0.18411871899959872,0.00018411871899959872,0.99999999999999989,0,1.1102230246251565e-16,0.29999999999999999,0.25821432087870344,True,True,every-bars,1,dataset-start,dataset,rebalance_threshold_met,within_ceiling,True,60,0.096439798257105677,0.099017648245083981,0.099017648245083981,0.099017648245083981,0.14999999999999999,1,1,0.092059359499799362,True,False,False,0,0,0.001494161490879979,0.00036633003638819568
2024-12-11,-0.0053880936982448578,-0.0056772931669200992,0.000718323130995698,0.14459973433762069,0.28919946867524138,0.00028919946867524138,1,0,0,0.28877879165794729,0.23522612086298189,True,True,every-bars,1,dataset-start,dataset,rebalance_threshold_met,within_ceiling,True,60,0.10014097154729233,0.10294762453841834,0.10294762453841834,0.10294762453841834,0.14999999999999999,1,1,0.14459973433762069,True,False,False,0,0,0.0021072332654957036,0.00052645384558066752
2024-12-12,-0.0072568082974205587,-0.0077629288217485829,0.0015112383846116648,0.25306026216401228,0.50612052432802457,0.00050612052432802456,0.99999999999999989,1.3877787807814457e-17,1.1102230246251565e-16,0.29999999999999999,0.24199732835577464,True,True,every-bars,1,dataset-start,dataset,rebalance_threshold_met,within_ceiling,True,60,0.1012747179580796,0.090960651678756541,0.090960651678756541,0.090960651678756541,0.14999999999999999,1,1,0.25306026216401228,True,False,False,0,1.3877787807814457e-17,0.002216985138480905,0.0010698457386000969
2024-12-13,0.012539516405637071,0.012531110126497262,-0.00048272578911617912,0.004203139569904861,0.008406279139809722,8.4062791398097221e-06,0.99931506308647677,2.7755575615628914e-17,0.00068493691352322639,0.29999999999999999,0.24213588168074074,True,True,every-bars,1,dataset-start,dataset,mandate_constraint_override,constraint_repaired,True,60,0.093012402026930036,0.091667360446983037,0.091667360446983037,0.092289022019824085,0.14999999999999999,1,1,0.0091993672510940552,False,False,True,0.004203139569904861,2.7755575615628914e-17,8.0884777155677031e-05,2.2451958971376215e-05
2024-12-16,-0.0095703360578482805,-0.0095827202820711038,-5.1513709245091578e-05,0.0061921121114119487,0.012384224222823897,1.2384224222823897e-05,0.97246335021538499,-3.4694469519536142e-17,0.027536649784615008,0.28965589766661637,0.22788473905278317,True,True,every-bars,1,dataset-start,dataset,mandate_constraint_override,constraint_repaired,True,60,0.087960083826220711,0.087597687725405632,0.087597687725405632,0.086788054857102934,0.14999999999999999,1,1,0.018210076943117607,False,False,True,0.0061921121114119487,3.4694469519536142e-17,0.00023847211251452321,4.6640338954226314e-05
2024-12-17,-0.0019437574802201763,-0.0024190149000512732,0.0027505131115990547,0.23762870991554852,0.47525741983109704,0.00047525741983109706,1,0,0,0.29999999999999999,0.26000000000000001,True,True,every-bars,1,dataset-start,dataset,rebalance_threshold_met,within_ceiling,True,60,0.090568017957411581,0.089982582803345521,0.089982582803345521,0.089982582803345521,0.14999999999999999,1,1,0.23762870991554852,True,False,False,0,0,0.0024091035401718397,0.0012282814298296748
2024-12-18,-0.0066596502663799689,-0.0070635946676885731,-0.0014362939652728575,0.20197220065430194,0.40394440130860387,0.00040394440130860385,1,0,0,0.29999999999999999,0.26000000000000001,True,True,every-bars,1,dataset-start,dataset,rebalance_threshold_met,within_ceiling,True,60,0.089322466722508126,0.086676831348270533,0.086676831348270533,0.086676831348270533,0.14999999999999999,1,1,0.20197220065430194,True,False,False,0,0,0.0026599492442310351,0.00066964348154050987
2024-12-19,-0.015046875819002596,-0.016072969871203727,-0.00042754438507382658,0.51304702610056541,1.0260940522011308,0.0010260940522011308,1,0,0,0.29999999999999999,0.25796334310227054,True,True,every-bars,1,dataset-start,dataset,rebalance_threshold_met,within_ceiling,True,60,0.086840298708074928,0.097563001679741995,0.097563001679741995,0.097563001679741995,0.14999999999999999,1,1,0.51304702610056541,True,False,False,0,0,0.0032077865722712827,0.0010008181624004821
2024-12-20,-0.00032867455721183423,-0.001621179892980564,0.0039260263635273827,0.64625266788436486,1.2925053357687297,0.0012925053357687297,1,5.5511151231257827e-17,0,0.29999999999999999,0.22963115887063484,True,True,every-bars,1,dataset-start,dataset,rebalance_threshold_met,within_ceiling,True,60,0.10141715317023904,0.0788652247020456,0.0788652247020456,0.0788652247020456,0.14999999999999999,1,1,0.64625266788436486,True,False,False,0,5.5511151231257827e-17,0.0033970817429891855,0.0011364457569252165
2024-12-23,-0.010925945936460081,-0.011804829363177838,0.00047000419285873424,0.43944171335887894,0.87888342671775788,0.00087888342671775792,1,0,0,0.29999999999999999,0.26000000000000001,True,True,every-bars,1,dataset-start,dataset,rebalance_threshold_met,within_ceiling,True,60,0.075213971186999698,0.10263432147639059,0.10263432147639059,0.10263432147639059,0.14999999999999999,1,1,0.43944171335887894,True,False,False,0,0,0.0016962888783014166,0.00069675304856168911
2024-12-24,0.0024472818957573515,0.0019503955794619391,0.00018300314846079552,0.24844315814770618,0.49688631629541236,0.00049688631629541237,0.99999999999999989,2.7755575615628914e-17,1.1102230246251565e-16,0.29999999999999999,0.23718752323529024,True,True,every-bars,1,dataset-start,dataset,rebalance_threshold_met,within_ceiling,True,60,0.10683663730238749,0.085056214730731508,0.085056214730731508,0.085056214730731508,0.14999999999999999,1,1,0.24844315814770618,True,False,False,0,2.7755575615628914e-17,0.0011374032313405881,0.0003169286817594073
2024-12-25,-0.0042479719119054831,-0.0050764064030447611,0.0031735152940723381,0.41421724556963913,0.82843449113927825,0.0008284344911392783,1,2.7755575615628914e-17,0,0.29999999999999999,0.2309549775791758,True,True,every-bars,1,dataset-start,dataset,rebalance_threshold_met,within_ceiling,True,60,0.084270594774401478,0.10992657637686987,0.10992657637686987,0.10992657637686987,0.14999999999999999,1,1,0.41421724556963913,True,False,False,0,2.7755575615628914e-17,0.0014128868543528508,0.00047278589177412116
2024-12-26,0.001297252679160577,0.0004448718163529322,0.0012252768119476729,0.4261904314038224,0.8523808628076448,0.0008523808628076448,0.99999999999999989,-1.1102230246251565e-16,1.1102230246251565e-16,0.28254392390655292,0.23006958089521956,True,True,every-bars,1,dataset-start,dataset,rebalance_threshold_met,within_ceiling,True,60,0.11020265706557178,0.087742038104609191,0.087742038104609191,0.087742038104609191,0.14999999999999999,1,1,0.4261904314038224,True,False,False,4.163336342344337e-17,0,0.0062160802892124506,0.0013072044936510692
2024-12-27,0.0059830226793081351,0.0050896569104370189,0.0027875524413269828,0.44668288443555798,0.89336576887111596,0.00089336576887111589,0.99999999999999978,-1.1102230246251565e-16,2.2204460492503131e-16,0.29999999999999999,0.23227999238531355,True,True,every-bars,1,dataset-start,dataset,rebalance_threshold_met,within_ceiling,True,60,0.088086028695439494,0.094728998960476596,0.094728998960476596,0.094728998960476596,0.14999999999999999,1,1,0.44668288443555798,True,False,False,5.5511151231257827e-17,0,0.0015995070273762417,0.00054429540154223781
2024-12-30,0.0037764532446405486,0.0037705058056237617,-0.00072695916577501297,0.002973719508393393,0.005947439016786786,5.9474390167867861e-06,0.99045157793819727,0,0.0095484220618027305,0.29457286758516205,0.22739234097370598,True,True,every-bars,1,dataset-start,dataset,mandate_constraint_override,constraint_repaired,True,60,0.094212242666641452,0.096156167464773373,0.096156167464773373,0.093751185382122404,0.14999999999999999,1,1,0.020625640263021914,False,False,True,0.002973719508393393,0,1.9543475399875867e-05,6.2296283651353016e-06
2024-12-31,0.011176173664865797,0.011026718189526614,0.0027691449974355424,0.074727737669591274,0.14945547533918255,0.00014945547533918256,1,0,0,0.29999999999999999,0.26000000000000001,True,True,every-bars,1,dataset-start,dataset,rebalance_threshold_met,within_ceiling,True,60,0.092493935535227279,0.09614896341549789,0.09614896341549789,0.09614896341549789,0.14999999999999999,1,1,0.074727737669591274,True,False,False,0,0,0.00056997963229067498,0.00014170499903533353
2025-01-01,0.0055529187043377266,0.005541866056979196,0.00038223440842612621,0.0055263236792651715,0.011052647358530343,1.1052647358530342e-05,0.97868498306630769,0,0.02131501693369231,0.29399647784192495,0.24874530022269514,True,True,every-bars,1,dataset-start,dataset,mandate_constraint_override,constraint_repaired,True,60,0.096675767575690866,0.1012277744863888,0.1012277744863888,0.09570022792125292,0.14999999999999999,1,1,0.046790811034735993,False,False,True,0.0055263236792651715,0,4.4556728977301773e-05,1.0979223127437207e-05
2025-01-02,-0.00010523700053149182,-0.00011075925460787867,-7.3823068786874879e-05,0.0027611270381934228,0.0055222540763868455,5.5222540763868454e-06,0.96370603654677334,0,0.036293963453226663,0.28756880713986949,0.24070602561832219,True,True,every-bars,1,dataset-start,dataset,mandate_constraint_override,constraint_repaired,True,60,0.094830765332698394,0.097879594398840114,0.097879594398840114,0.094347163585442193,0.14999999999999999,1,1,0.015385854688419937,False,False,True,0.0027611270381934228,0,2.9629021665351368e-05,6.712872884459933e-06
2025-01-03,0.0010154133562409458,0.0005869844853069058,0.00058875117887870665,0.21421443546701993,0.42842887093403986,0.00042842887093403991,1,0,0,0.29999999999999999,0.26000000000000001,True,True,every-bars,1,dataset-start,dataset,rebalance_threshold_met,within_ceiling,True,60,0.094106223002016917,0.08450189590653015,0.08450189590653015,0.08450189590653015,0.14999999999999999,1,1,0.21421443546701993,True,False,False,0,0,0.0013436702910396272,0.00042473266898310186
2025-01-06,-0.011488318975331273,-0.011491995861326286,0.001709198229775351,0.0018384429975061428,0.0036768859950122856,3.6768859950122858e-06,0.9986531633958361,0,0.0013468366041639035,0.29999999999999999,0.25909088596265634,True,True,every-bars,1,dataset-start,dataset,mandate_constraint_override,constraint_repaired,True,60,0.084016812536674854,0.083884880605751,0.083884880605751,0.083730863028877778,0.14999999999999999,1,1,0.0029227122645313075,False,False,True,0.0018384429975061428,0,1.440127312871718e-05,2.9703008420085966e-06
2025-01-07,0.0046582119180328925,0.0046351679607762692,-0.00058733862087591759,0.011521978628311488,0.023043957256622977,2.3043957256622977e-05,0.99607511693645456,0,0.0039248830635454368,0.29999999999999999,0.2575713791024492,True,True,every-bars,1,dataset-start,dataset,mandate_constraint_override,constraint_repaired,True,60,0.090173012166015282,0.088262520843308434,0.088262520843308434,0.087774284087910881,0.14999999999999999,1,1,0.011521978628311488,False,False,True,0.011521978628311488,0,5.3417342589105176e-05,1.5720949466535472e-05
2025-01-08,0.0036904527482361001,0.0033929883326524247,0.0035587574153851382,0.14873220779183768,0.29746441558367537,0.00029746441558367538,1,0,0,0.29999999999999999,0.24414146453911501,True,True,every-bars,1,dataset-start,dataset,rebalance_threshold_met,within_ceiling,True,60,0.087212987406158557,0.094687258726797771,0.094687258726797771,0.094687258726797771,0.14999999999999999,1,1,0.14873220779183768,True,False,False,0,0,0.0010131091032011855,0.0002054106572764348
2025-01-09,-0.0071186145762641238,-0.0071263483758268837,0.0010294688396483289,0.0038668997813799365,0.007733799562759873,7.7337995627598735e-06,0.99915587793154792,0,0.00084412206845208004,0.29999999999999999,0.24316827141172384,True,True,every-bars,1,dataset-start,dataset,mandate_constraint_override,constraint_repaired,True,60,0.095082528720419238,0.093528433588956919,0.093528433588956919,0.094408086356759832,0.14999999999999999,1,1,0.010395037533510964,False,False,True,0.0038668997813799365,0,3.9653685854814275e-05,9.7019184698957037e-06
2025-01-10,0.0047196799299063907,0.0041084245950860129,0.0023754766737154962,0.30562766741018893,0.61125533482037786,0.00061125533482037791,1,-3.4694469519536142e-17,0,0.29999999999999999,0.23690290247726931,True,True,every-bars,1,dataset-start,dataset,rebalance_threshold_met,within_ceiling,True,60,0.096258591305621283,0.093639280426067756,0.093639280426067756,0.093639280426067756,0.14999999999999999,1,1,0.30562766741018893,True,False,False,4.8572257327350599e-17,6.2450045135165055e-17,0.00081333918327626618,0.0004576755626949083
2025-01-13,0.00095577037484182044,0.00063971640040014037,-1.1259850437280424e-05,0.15802698722084008,0.31605397444168015,0.00031605397444168013,1,0,0,0.29999999999999999,0.22141915760274594,True,True,every-bars,1,dataset-start,dataset,rebalance_threshold_met,within_ceiling,True,60,0.093281393823789749,0.087040714378440409,0.087040714378440409,0.087040714378440409,0.14999999999999999,1,1,0.15802698722084008,True,False,False,0,0,0.0011621479647241262,0.00026733447021816252
2025-01-14,0.0016826682763838698,0.0012508072662123044,-0.00073918192764614121,0.21593050508578265,0.43186101017156531,0.00043186101017156532,1,2.7755575615628914e-17,0,0.29999999999999999,0.24651240226113719,True,True,every-bars,1,dataset-start,dataset,rebalance_threshold_met,within_ceiling,True,60,0.084253405405936496,0.082069576665103505,0.082069576665103505,0.082069576665103505,0.14999999999999999,1,1,0.21593050508578265,True,False,False,0,2.7755575615628914e-17,0.00049502787975380766,0.00019347740279133951
2025-01-15,0.002007078774812232,0.0013145830942963535,0.0024843756984112195,0.34624784025793931,0.69249568051587862,0.00069249568051587857,1,0,0,0.29999999999999999,0.26000000000000001,True,True,every-bars,1,dataset-start,dataset,rebalance_threshold_met,within_ceiling,True,60,0.079905544496782471,0.097074459353461387,0.097074459353461387,0.097074459353461387,0.14999999999999999,1,1,0.34624784025793931,True,False,False,0,0,0.0044212998741159663,0.0010705457325809577
2025-01-16,0.0064399792806016549,0.0060944681116550615,0.00044768196043702246,0.17275558447329692,0.34551116894659384,0.00034551116894659381,1,0,0,0.29999999999999999,0.24152539423174518,True,True,every-bars,1,dataset-start,dataset,rebalance_threshold_met,within_ceiling,True,60,0.094663323358083223,0.077752263308284289,0.077752263308284289,0.077752263308284289,0.14999999999999999,1,1,0.17275558447329692,True,False,False,0,0,0.0021127851590150575,0.00050908166107706395
2025-01-17,-0.0052411311973314615,-0.005448039171580754,0.0016361372872268718,0.10345398712464615,0.2069079742492923,0.00020690797424929231,0.99999999999999978,5.5511151231257827e-17,2.2204460492503131e-16,0.29999999999999999,0.23834255661544101,True,True,every-bars,1,dataset-start,dataset,rebalance_threshold_met,within_ceiling,True,60,0.077077270293388664,0.075026711288369893,0.075026711288369893,0.075026711288369893,0.14999999999999999,1,1,0.10345398712464615,True,False,False,4.163336342344337e-17,2.7755575615628914e-17,0.00048031552268987921,0.00015409738296044088
2025-01-20,-0.0011069843284371389,-0.0011151691267863009,0.00029423689862349373,0.0040923991745809851,0.0081847983491619702,8.1847983491619694e-06,0.99999999999999989,2.7755575615628914e-17,1.1102230246251565e-16,0.29958417915824193,0.23847692784319646,True,True,every-bars,1,dataset-start,dataset,mandate_constraint_override,constraint_repaired,True,60,0.077183185103379195,0.079791220397673807,0.079791220397673807,0.076576234612627317,0.14999999999999999,1,1,0.044484978498224748,False,False,True,0.0040923991745809851,2.7755575615628914e-17,2.0120123382345286e-05,7.1707726808018336e-06
2025-01-21,-0.00816401149419267,-0.0084851839063414154,0.0028568015744853863,0.16058620607437271,0.32117241214874542,0.00032117241214874541,0.99999999999999989,0,1.1102230246251565e-16,0.29999999999999999,0.23489931013316331,True,True,every-bars,1,dataset-start,dataset,rebalance_threshold_met,within_ceiling,True,60,0.07548870459395661,0.076829747819170693,0.076829747819170693,0.076829747819170693,0.14999999999999999,1,1,0.16058620607437271,True,False,False,0,0,0.00074739257433086123,0.00027367560064417998
2025-01-22,0.010047109892911965,0.0093254369170200219,0.00062569581152995479,0.36083648794597156,0.72167297589194312,0.00072167297589194313,1,5.5511151231257827e-17,0,0.29999999999999999,0.22810095198637678,True,True,every-bars,1,dataset-start,dataset,rebalance_threshold_met,within_ceiling,True,60,0.080193228539924735,0.090253652646178573,0.090253652646178573,0.090253652646178573,0.14999999999999999,1,1,0.36083648794597156,True,False,False,4.163336342344337e-17,0,0.001664542807765311,0.00063117949078755604
2025-01-23,0.0070476495744888467,0.0070377024049018983,0.0038875896888660257,0.00497358479347422,0.00994716958694844,9.9471695869484404e-06,0.98459627369348834,5.5511151231257827e-17,0.015403726306511656,0.29503107782813537,0.22088897371002453,True,True,every-bars,1,dataset-start,dataset,mandate_constraint_override,constraint_repaired,True,60,0.091231753223457154,0.090370424047221717,0.090370424047221717,0.090161613011450967,0.14999999999999999,1,1,0.0099730996593713483,False,False,True,0.00497358479347422,5.5511151231257827e-17,2.2295848620788298e-05,5.5121497504425285e-06
2025-01-24,-0.0020922955075454619,-0.0026395925497478467,0.0021667168486155055,0.27364852110119248,0.54729704220238495,0.00054729704220238501,1,0,0,0.29999999999999999,0.22690293190889643,True,True,every-bars,1,dataset-start,dataset,rebalance_threshold_met,within_ceiling,True,60,0.088943956203942645,0.099876607927292471,0.099876607927292471,0.099876607927292471,0.14999999999999999,1,1,0.27364852110119248,True,False,False,0,0,0.00084201245061017098,0.00038487530023199548
2025-01-27,-0.004301502352870073,-0.0043035990352567567,0.00063065619353946945,0.0010483411933419062,0.0020966823866838125,2.0966823866838123e-06,0.99849658193709767,-8.3266726846886741e-17,0.0015034180629023286,0.29816525662516441,0.22533425535902663,True,True,every-bars,1,dataset-start,dataset,mandate_constraint_override,constraint_repaired,True,60,0.099621905978596895,0.099841244852249114,0.099841244852249114,0.099402761303126252,0.14999999999999999,1,1,0.0046762319996721674,False,False,True,0.0010483411933419062,8.3266726846886741e-17,3.2475752624926698e-06,1.0078400792314457e-06
2025-01-28,-0.0031136092638394935,-0.0034117124128938219,0.0011572935907036561,0.14905157452716422,0.29810314905432844,0.00029810314905432842,1,-5.5511151231257827e-17,0,0.29999999999999999,0.23429070329384899,True,True,every-bars,1,dataset-start,dataset,rebalance_threshold_met,within_ceiling,True,60,0.10041691847253235,0.093121111028273751,0.093121111028273751,0.093121111028273751,0.14999999999999999,1,1,0.14905157452716422,True,False,False,0,5.5511151231257827e-17,0.00066888353179466267,0.00020638663791076631
2025-01-29,-0.0004356271645815352,-0.001040560297954252,0.0019836177204886987,0.30246656668635841,0.60493313337271681,0.00060493313337271683,1,2.7755575615628914e-17,0,0.28276396978699037,0.20426535187469708,True,True,every-bars,1,dataset-start,dataset,rebalance_threshold_met,within_ceiling,True,60,0.091830566701125424,0.1011042671676128,0.1011042671676128,0.1011042671676128,0.14999999999999999,1,1,0.30246656668635841,True,False,False,4.5102810375396984e-17,5.5511151231257827e-17,0.0010382618301044125,0.00042843341529824261
2025-01-30,-0.00029972181946463371,-0.0010396942368413272,9.9903440342904062e-05,0.3699862086883467,0.73997241737669339,0.00073997241737669341,0.99999999999999989,1.3877787807814457e-17,1.1102230246251565e-16,0.24318399136749083,0.20805728213655697,True,True,every-bars,1,dataset-start,dataset,rebalance_threshold_met,within_ceiling,True,60,0.10134867814932781,0.10679344439666881,0.10679344439666881,0.10679344439666881,0.14999999999999999,1,1,0.3699862086883467,True,False,False,3.1225022567582528e-17,4.163336342344337e-17,0.0016565417380274619,0.00057397187598813473
2025-01-31,-0.0058738575855578562,-0.0064397670208903206,0.0018768654543650878,0.28295471766623209,0.56590943533246418,0.00056590943533246416,1,-2.7755575615628914e-17,0,0.2662876377282733,0.22980981124499644,True,True,every-bars,1,dataset-start,dataset,rebalance_threshold_met,within_ceiling,True,60,0.10514716706894381,0.11424501208885332,0.11424501208885332,0.11424501208885332,0.14999999999999999,1,1,0.28295471766623209,True,False,False,0,2.7755575615628914e-17,0.0020975392799405458,0.00062514030409306816
2025-02-03,-0.0052880057302166416,-0.005520929208056336,0.0025748098475083334,0.1164617389198471,0.23292347783969419,0.0002329234778396942,1,0,0,0.29999999999999999,0.25782763020074789,True,True,every-bars,1,dataset-start,dataset,rebalance_threshold_met,within_ceiling,True,60,0.11464892075664282,0.11706415426375749,0.11706415426375749,0.11706415426375749,0.14999999999999999,1,1,0.1164617389198471,True,False,False,0,0,0.00035133503700510968,0.00013478151206324128
2025-02-04,-0.00025980208178879628,-0.00068197772290821892,0.0023999360544523229,0.21108782055971131,0.42217564111942263,0.00042217564111942264,1,-5.5511151231257827e-17,0,0.29999999999999999,0.23123202712293678,True,True,every-bars,1,dataset-start,dataset,rebalance_threshold_met,within_ceiling,True,60,0.11668926544290072,0.10769579196166194,0.10769579196166194,0.10769579196166194,0.14999999999999999,1,1,0.21108782055971131,True,False,False,0,5.5511151231257827e-17,0.0010972353441355261,0.00031560678627967463
2025-02-05,-0.013511877352223676,-0.013629823524709981,-5.5417660784965775e-05,0.058973086243152763,0.11794617248630553,0.00011794617248630552,1,5.5511151231257827e-17,0,0.29999999999999999,0.25742376871348061,True,True,every-bars,1,dataset-start,dataset,rebalance_threshold_met,within_ceiling,True,60,0.1081953791054472,0.11524088167358018,0.11524088167358018,0.11524088167358018,0.14999999999999999,1,1,0.058973086243152763,True,False,False,4.163336342344337e-17,0,0.00046804881563129242,0.00011404653534197976
2025-02-06,0.00050981671045972009,-0.00053174779267045418,0.0020374891806579547,0.52078225156508717,1.0415645031301743,0.0010415645031301743,1,-1.3877787807814457e-17,0,0.29999999999999999,0.2268300706411184,True,True,every-bars,1,dataset-start,dataset,rebalance_threshold_met,within_ceiling,True,60,0.12028352766011492,0.097311906790647398,0.097311906790647398,0.097311906790647398,0.14999999999999999,1,1,0.52078225156508717,True,False,False,0,1.3877787807814457e-17,0.002949742241545403,0.0010322985142122982
2025-02-07,-0.014275792427846158,-0.015502066030553876,-0.00042018546623066405,0.61313680135385851,1.226273602707717,0.001226273602707717,1,0,0,0.29999999999999999,0.25731072695349644,True,True,every-bars,1,dataset-start,dataset,rebalance_threshold_met,within_ceiling,True,60,0.09691835612251698,0.098241168244383323,0.098241168244383323,0.098241168244383323,0.14999999999999999,1,1,0.61313680135385851,True,False,False,0,0,0.001567769914364284,0.0008563796497824081
2025-02-10,0.0025528972963334453,0.00093716257922146795,-5.9818236467500185e-06,0.80786735855598868,1.6157347171119774,0.0016157347171119774,1,0,0,0.29999999999999999,0.26000000000000001,True,True,every-bars,1,dataset-start,dataset,rebalance_threshold_met,within_ceiling,True,60,0.10309864788409727,0.10745008654046373,0.10745008654046373,0.10745008654046373,0.14999999999999999,1,1,0.80786735855598868,True,False,False,0,0,0.0018000527505506866,0.0010149520255999306
2025-02-11,0.0077014255242535239,0.0065032852969683537,0.00062064817899115654,0.59907011364258522,1.1981402272851704,0.0011981402272851704,1,0,0,0.29999999999999999,0.26000000000000001,True,True,every-bars,1,dataset-start,dataset,rebalance_threshold_met,within_ceiling,True,60,0.10723155466198135,0.09743209021894858,0.09743209021894858,0.09743209021894858,0.14999999999999999,1,1,0.59907011364258522,True,False,False,0,0,0.0017638392876539377,0.00094211115295228401
2025-02-12,0.013269682468189591,0.012452774380954573,0.0027034067813077041,0.40845404361750837,0.81690808723501673,0.00081690808723501682,1,0,0,0.29999999999999999,0.25932596729699003,True,True,every-bars,1,dataset-start,dataset,rebalance_threshold_met,within_ceiling,True,60,0.097850925508756889,0.10064347328860715,0.10064347328860715,0.10064347328860715,0.14999999999999999,1,1,0.40845404361750837,True,False,False,0,0,0.0048954489776051689,0.0010134948270054593
2025-02-13,-0.004751329190118528,-0.0047644250940992597,0.0028302151000454412,0.0065479519903656747,0.013095903980731349,1.3095903980731349e-05,0.97918822797908223,5.5511151231257827e-17,0.020811772020917774,0.29454051046755486,0.24852284424997226,True,True,every-bars,1,dataset-start,dataset,mandate_constraint_override,constraint_repaired,True,60,0.10267070050667412,0.10359706784709871,0.10359706784709871,0.10125414793249624,0.14999999999999999,1,1,0.010028194366115364,False,False,True,0.0065479519903656747,5.5511151231257827e-17,5.4118263786850896e-05,1.296334635084851e-05
2025-02-14,0.0016756896484827807,0.0014590765458283366,0.0020246567097023473,0.10830655132722204,0.21661310265444408,0.0002166131026544441,1,2.7755575615628914e-17,0,0.29999999999999999,0.2593653273338492,True,True,every-bars,1,dataset-start,dataset,rebalance_threshold_met,within_ceiling,True,60,0.10236247805024724,0.099755436406763778,0.099755436406763778,0.099755436406763778,0.14999999999999999,1,1,0.10830655132722204,True,False,False,0,2.7755575615628914e-17,0.00038369585633631981,9.8588378519952821e-05
2025-02-17,0.010341784679625411,0.0097232075620266607,0.0024455758647300616,0.30928855879937522,0.61857711759875045,0.00061857711759875044,1,0,0,0.29999999999999999,0.25868137011817005,True,True,every-bars,1,dataset-start,dataset,rebalance_threshold_met,within_ceiling,True,60,0.0990805838243487,0.10526400922563701,0.10526400922563701,0.10526400922563701,0.14999999999999999,1,1,0.30928855879937522,True,False,False,0,0,0.0061348004728594314,0.0013909944551637268
2025-02-18,0.004445203711935004,0.0039806684580246396,0.0012602133943027298,0.23226762695518222,0.46453525391036443,0.00046453525391036444,1,0,0,0.28861915213937483,0.22576320271454409,True,True,every-bars,1,dataset-start,dataset,rebalance_threshold_met,within_ceiling,True,60,0.10652737090593858,0.10313328803678143,0.10313328803678143,0.10313328803678143,0.14999999999999999,1,1,0.23226762695518222,True,False,False,0,0,0.0026117085044138383,0.00073838384694465233
2025-02-19,-0.00059646176480892773,-0.00097733613890353286,0.00094889851095512434,0.19043718704730259,0.38087437409460517,0.00038087437409460519,1,5.5511151231257827e-17,0,0.28703535714283235,0.25276390046997232,True,True,every-bars,1,dataset-start,dataset,rebalance_threshold_met,within_ceiling,True,60,0.1030339645297389,0.10874441389423097,0.10874441389423097,0.10874441389423097,0.14999999999999999,1,1,0.19043718704730259,True,False,False,0,5.5511151231257827e-17,0.0037839497986509002,0.00095695310596586897
2025-02-20,0.0014552938649296729,0.001079583618241632,0.0010781868406395758,0.18785512334402044,0.37571024668804087,0.00037571024668804089,1,-5.5511151231257827e-17,0,0.29167251772720509,0.22638867002237323,True,True,every-bars,1,dataset-start,dataset,rebalance_threshold_met,within_ceiling,True,60,0.10864077516049152,0.10345073614814039,0.10345073614814039,0.10345073614814039,0.14999999999999999,1,1,0.18785512334402044,True,False,False,0,5.5511151231257827e-17,0.0056223660923644062,0.0015344136482695191
2025-02-21,0.0039443194419411104,0.0036530905446452719,-0.0014826149189602897,0.14561444864791928,0.29122889729583856,0.00029122889729583858,1,2.7755575615628914e-17,0,0.28118333650561361,0.2256849023451154,True,True,every-bars,1,dataset-start,dataset,rebalance_threshold_met,within_ceiling,True,60,0.10356201306554869,0.10146358684259303,0.10146358684259303,0.10146358684259303,0.14999999999999999,1,1,0.14561444864791928,True,False,False,0,2.7755575615628914e-17,0.0014563503002357899,0.00046899868713926409
2025-02-24,0.005553795911586141,0.0047049636173183322,0.0019752411854942662,0.4244161471339043,0.8488322942678086,0.00084883229426780846,0.99999999999999989,0,1.1102230246251565e-16,0.2493428796916862,0.20148758226118837,True,True,every-bars,1,dataset-start,dataset,rebalance_threshold_met,within_ceiling,True,60,0.10154832784790098,0.076624748589944461,0.076624748589944461,0.076624748589944461,0.14999999999999999,1,1,0.4244161471339043,True,False,False,0,0,0.0039512011547188173,0.0019949448420449965
2025-02-25,-0.012239293630224463,-0.01224481675184577,-0.00075977490077152297,0.0027615608106532803,0.0055231216213065606,5.5231216213065608e-06,0.9904624197610814,-5.5511151231257827e-17,0.0095375802389185971,0.24489759323926324,0.19745657252379001,True,True,every-bars,1,dataset-start,dataset,mandate_constraint_override,constraint_repaired,True,60,0.076739243349361233,0.076826814258388332,0.076826814258388332,0.07630755765871787,0.14999999999999999,1,1,0.0038249760660731755,False,False,True,0.0027615608106532803,5.5511151231257827e-17,6.3768805413830752e-05,1.5178442538548296e-05
2025-02-26,0.00332815433111407,0.002675845239601187,0.00063674544708140291,0.32615454575644143,0.65230909151288285,0.00065230909151288289,1,5.5511151231257827e-17,0,0.29900879878097114,0.23908332152572037,True,True,every-bars,1,dataset-start,dataset,rebalance_threshold_met,within_ceiling,True,60,0.08250361032104496,0.078885211976745445,0.078885211976745445,0.078885211976745445,0.14999999999999999,1,1,0.32615454575644143,True,False,False,0,5.5511151231257827e-17,0.003194169454655932,0.0014843721392625601
2025-02-27,-0.0065776805748933489,-0.0067789156436975041,0.00047031864548522745,0.10061753440207775,0.20123506880415551,0.00020123506880415548,1,0,0,0.25990540883739122,0.22777004925988609,True,True,every-bars,1,dataset-start,dataset,rebalance_threshold_met,within_ceiling,True,60,0.078293707864117185,0.077716155158932043,0.077716155158932043,0.077716155158932043,0.14999999999999999,1,1,0.10061753440207775,True,False,False,0,0,0.0035245954153541714,0.00097946964341382001
2025-02-28,-0.012686959014435787,-0.013214106510683454,0.0034225829711529059,0.26357374812383288,0.52714749624766577,0.00052714749624766584,1,-4.163336342344337e-17,0,0.27608443932732607,0.22234191750187901,True,True,every-bars,1,dataset-start,dataset,rebalance_threshold_met,within_ceiling,True,60,0.078847214999581167,0.088313208278644709,0.088313208278644709,0.088313208278644709,0.14999999999999999,1,1,0.26357374812383288,True,False,False,0,4.163336342344337e-17,0.0052056884243113534,0.0013455900026457263
2025-03-03,0.0016842354420803923,0.001208387034701179,-2.4683325022571063e-05,0.23792420368960662,0.47584840737921325,0.00047584840737921328,1,0,0,0.29999999999999999,0.25532785554485488,True,True,every-bars,1,dataset-start,dataset,rebalance_threshold_met,within_ceiling,True,60,0.092948272002788643,0.080612609732607185,0.080612609732607185,0.080612609732607185,0.14999999999999999,1,1,0.23792420368960662,True,False,False,0,0,0.0032558791616921646,0.00098480597783894854
2025-03-04,0.0010122686606477806,0.00068794498790337294,0.0021534027474231308,0.16216183637220383,0.32432367274440765,0.00032432367274440766,1,0,0,0.29999999999999999,0.23867820828402633,True,True,every-bars,1,dataset-start,dataset,rebalance_threshold_met,within_ceiling,True,60,0.080447726080554074,0.079528234747247531,0.079528234747247531,0.079528234747247531,0.14999999999999999,1,1,0.16216183637220383,True,False,False,0,0,0.0028422705157494523,0.00071168554474138751
2025-03-05,-0.0053273143157445907,-0.0061531715167055011,0.0023492867789850491,0.41292860048045499,0.82585720096090998,0.00082585720096091007,1,0,0,0.29999999999999999,0.26000000000000001,True,True,every-bars,1,dataset-start,dataset,rebalance_threshold_met,within_ceiling,True,60,0.078865808169690146,0.10961474970193394,0.10961474970193394,0.10961474970193394,0.14999999999999999,1,1,0.41292860048045499,True,False,False,0,0,0.0037934862005101241,0.0016446593729281082
2025-03-06,0.0011494698577794336,0.00067727141881560168,0.0023405542597725311,0.23609921948191592,0.47219843896383185,0.00047219843896383187,1,-2.7755575615628914e-17,0,0.29626484598815678,0.22732541788955124,True,True,every-bars,1,dataset-start,dataset,rebalance_threshold_met,within_ceiling,True,60,0.11083937947030302,0.10265584540028949,0.10265584540028949,0.10265584540028949,0.14999999999999999,1,1,0.23609921948191592,True,False,False,0,2.7755575615628914e-17,0.0039409889749403059,0.0013046196500292905
2025-03-07,-0.0022131464072764053,-0.003043583130282016,-0.00064392240280604785,0.41521836150280544,0.83043672300561089,0.00083043672300561083,1,0,0,0.29999999999999999,0.25531861684654972,True,True,every-bars,1,dataset-start,dataset,rebalance_threshold_met,within_ceiling,True,60,0.10263622120241551,0.1181423804703719,0.1181423804703719,0.1181423804703719,0.14999999999999999,1,1,0.41521836150280544,True,False,False,0,0,0.0034188463534350166,0.0019265669020855757
2025-03-10,-0.0011735215087115807,-0.0017447013976616631,0.0003465869420005151,0.28558994447504116,0.57117988895008232,0.00057117988895008227,0.99999999999999989,-7.6327832942979512e-17,1.1102230246251565e-16,0.29999999999999999,0.2435880425328163,True,True,every-bars,1,dataset-start,dataset,rebalance_threshold_met,within_ceiling,True,60,0.11780608917117372,0.10501969466696871,0.10501969466696871,0.10501969466696871,0.14999999999999999,1,1,0.28558994447504116,True,False,False,5.5511151231257827e-17,3.4694469519536142e-17,0.0072615755949536143,0.0015979134170071381
2025-03-11,-0.005831401993696736,-0.006221009190767653,0.002367808239003899,0.19480359853545831,0.38960719707091662,0.00038960719707091665,1,-8.3266726846886741e-17,0,0.29999999999999999,0.2292436876769024,True,True,every-bars,1,dataset-start,dataset,rebalance_threshold_met,within_ceiling,True,60,0.099969045167852433,0.10753661839953878,0.10753661839953878,0.10753661839953878,0.14999999999999999,1,1,0.19480359853545831,True,False,False,0,8.3266726846886741e-17,0.0023493701992161674,0.00064622255527422743
2025-03-12,0.0042924806732515062,0.0032997789433614755,0.002511353843820415,0.49635086494501524,0.99270172989003047,0.00099270172989003049,1,2.7755575615628914e-17,0,0.29999999999999999,0.25994580867784955,True,True,every-bars,1,dataset-start,dataset,rebalance_threshold_met,within_ceiling,True,60,0.10883116256321809,0.10243287003558027,0.10243287003558027,0.10243287003558027,0.14999999999999999,1,1,0.49635086494501524,True,False,False,0,2.7755575615628914e-17,0.0091429612539619901,0.0027967739373904246
2025-03-13,0.00022926760132237355,-0.00054704699705191014,0.0019425444004635048,0.38815729918714187,0.77631459837428374,0.00077631459837428367,1,-2.7755575615628914e-17,0,0.27080467928251323,0.20521900024866446,True,True,every-bars,1,dataset-start,dataset,rebalance_threshold_met,within_ceiling,True,60,0.1023667636736473,0.10115627067158468,0.10115627067158468,0.10115627067158468,0.14999999999999999,1,1,0.38815729918714187,True,False,False,3.1225022567582528e-17,0,0.0042934610053051905,0.0020384301025558969
2025-03-14,0.0012436058212901857,0.00099751480343360168,0.00010654602035535044,0.12304550892829196,0.24609101785658391,0.00024609101785658393,1,5.5511151231257827e-17,0,0.29999999999999999,0.25531403874932757,True,True,every-bars,1,dataset-start,dataset,rebalance_threshold_met,within_ceiling,True,60,0.10128359186382269,0.11028572553064878,0.11028572553064878,0.11028572553064878,0.14999999999999999,1,1,0.12304550892829196,True,False,False,0,5.5511151231257827e-17,0.001395512330557088,0.00058889913579645713
2025-03-17,-0.0022968291407615138,-0.0024341627921136834,0.0014413814134642635,0.068666825676084758,0.13733365135216952,0.0001373336513521695,1,0,0,0.29999999999999999,0.26000000000000001,True,True,every-bars,1,dataset-start,dataset,rebalance_threshold_met,within_ceiling,True,60,0.1103354098536829,0.10649372646999797,0.10649372646999797,0.10649372646999797,0.14999999999999999,1,1,0.068666825676084758,True,False,False,0,0,0.0011835521697998444,0.00027729037563811574
2025-03-18,-0.012115387555815279,-0.012694035676114303,0.0034244534718285325,0.28932406014951223,0.57864812029902446,0.0005786481202990244,1,-5.5511151231257827e-17,0,0.29999999999999999,0.24352629577224022,True,True,every-bars,1,dataset-start,dataset,rebalance_threshold_met,within_ceiling,True,60,0.10654211478477607,0.098430346002348457,0.098430346002348457,0.098430346002348457,0.14999999999999999,1,1,0.28932406014951223,True,False,False,4.5102810375396984e-17,3.4694469519536142e-17,0.0059787921667728795,0.0014783010504372484
2025-03-19,0.00011993415173602326,-0.00062219190274142124,0.00024599915582577514,0.37106302723872225,0.74212605447744451,0.00074212605447744454,1,0,0,0.29999999999999999,0.26000000000000001,True,True,every-bars,1,dataset-start,dataset,rebalance_threshold_met,within_ceiling,True,60,0.10283830053788395,0.10136835960615212,0.10136835960615212,0.10136835960615212,0.14999999999999999,1,1,0.37106302723872225,True,False,False,0,0,0.0033350396049360883,0.0015988029393721734
2025-03-20,0.010379849918852102,0.010185778100943569,0.001152398544663443,0.097035908954266545,0.19407181790853309,0.00019407181790853309,1,0,0,0.29999999999999999,0.26000000000000001,True,True,every-bars,1,dataset-start,dataset,rebalance_threshold_met,within_ceiling,True,60,0.10037262207036475,0.092492971897241053,0.092492971897241053,0.092492971897241053,0.14999999999999999,1,1,0.097035908954266545,True,False,False,0,0,0.0019225534021678414,0.00043283952992742239
2025-03-21,-0.00055100906374422841,-0.00071592165175414263,0.00099829739116850491,0.08245629400495709,0.16491258800991418,0.00016491258800991417,1,0,0,0.29999999999999999,0.25720620363938396,True,True,every-bars,1,dataset-start,dataset,rebalance_threshold_met,within_ceiling,True,60,0.091851731370686376,0.094548500867623717,0.094548500867623717,0.094548500867623717,0.14999999999999999,1,1,0.08245629400495709,True,False,False,0,0,0.00086255256185144443,0.00023068989460623793
2025-03-24,0.0070134907394602481,0.0068387449027975961,0.0028004342962950996,0.087372918331325808,0.17474583666265162,0.00017474583666265162,1,0,0,0.29999999999999999,0.26000000000000001,True,True,every-bars,1,dataset-start,dataset,rebalance_threshold_met,within_ceiling,True,60,0.094159093907842037,0.091102781655136258,0.091102781655136258,0.091102781655136258,0.14999999999999999,1,1,0.087372918331325808,True,False,False,0,0,0.0025270820512338973,0.00060732805089206462
2025-03-25,-0.0012197865134109366,-0.0013884785893732198,-0.00059030564527421769,0.084346037981141597,0.16869207596228319,0.00016869207596228319,1,-5.5511151231257827e-17,0,0.29999999999999999,0.2569705005789954,True,True,every-bars,1,dataset-start,dataset,rebalance_threshold_met,within_ceiling,True,60,0.091908035675728764,0.094010563976141048,0.094010563976141048,0.094010563976141048,0.14999999999999999,1,1,0.084346037981141597,True,False,False,0,5.5511151231257827e-17,0.00083152474373541813,0.0002336496869660092
2025-03-26,0.00062248384007657564,5.4710874249895808e-05,0.00041614700104281016,0.28388648291333995,0.56777296582667991,0.00056777296582667983,1,-5.5511151231257827e-17,0,0.29999999999999999,0.25746714585643993,True,True,every-bars,1,dataset-start,dataset,rebalance_threshold_met,within_ceiling,True,60,0.094354244562261963,0.10360783347104409,0.10360783347104409,0.10360783347104409,0.14999999999999999,1,1,0.28388648291333995,True,False,False,0,5.5511151231257827e-17,0.0035699547267948888,0.0010262754880731449
2025-03-27,0.0015879022205490469,0.00099502531436379549,0.0013141186436197438,0.29643845309262562,0.59287690618525124,0.00059287690618525129,1.0000000000000002,5.5511151231257827e-17,-2.2204460492503131e-16,0.29999999999999999,0.25784014517118181,True,True,every-bars,1,dataset-start,dataset,rebalance_threshold_met,within_ceiling,True,60,0.10175845262013107,0.10632076999235383,0.10632076999235383,0.10632076999235383,0.14999999999999999,1,1,0.29643845309262562,True,False,False,5.5511151231257827e-17,0,0.0033193989524853535,0.0013844262953696302
2025-03-28,0.0017618075477401692,0.0012679861277410205,-0.00016470924345477852,0.24691070999957429,0.49382141999914858,0.00049382141999914861,1,5.5511151231257827e-17,0,0.29999999999999999,0.232175405809632,True,True,every-bars,1,dataset-start,dataset,rebalance_threshold_met,within_ceiling,True,60,0.10589633403990779,0.10378950737667192,0.10378950737667192,0.10378950737667192,0.14999999999999999,1,1,0.24691070999957429,True,False,False,5.5511151231257827e-17,5.5511151231257827e-17,0.0028610094855830133,0.0010226205213515439
2025-03-31,0.0036790161528427465,0.0032750451776247984,-0.0012676076659018745,0.20198548760897411,0.40397097521794822,0.00040397097521794825,1,5.5511151231257827e-17,0,0.29824065134691974,0.23357650953838138,True,True,every-bars,1,dataset-start,dataset,rebalance_threshold_met,within_ceiling,True,60,0.10369827343925765,0.1005768963587438,0.1005768963587438,0.1005768963587438,0.14999999999999999,1,1,0.20198548760897411,True,False,False,0,5.5511151231257827e-17,0.0018989438017609915,0.0008642993764588011
2025-04-01,-0.0072485162586365167,-0.0075767272065184908,0.0018014270771748442,0.16410547394098707,0.32821094788197414,0.00032821094788197414,1,-1.1102230246251565e-16,0,0.29397201438522924,0.25682805847681339,True,True,every-bars,1,dataset-start,dataset,rebalance_threshold_met,within_ceiling,True,60,0.097439107501225336,0.10711868103080598,0.10711868103080598,0.10711868103080598,0.14999999999999999,1,1,0.16410547394098707,True,False,False,4.163336342344337e-17,0,0.0019733315422560686,0.00054346097501385639
2025-04-02,0.0039009359901724053,0.0026097917654494232,0.0027352944740300176,0.64557211236149104,1.2911442247229821,0.0012911442247229821,1,-2.7755575615628914e-17,0,0.29999999999999999,0.2193040035333165,True,True,every-bars,1,dataset-start,dataset,rebalance_threshold_met,within_ceiling,True,60,0.11026742614787324,0.07665092555513732,0.07665092555513732,0.07665092555513732,0.14999999999999999,1,1,0.64557211236149104,True,False,False,0,2.7755575615628914e-17,0.0092574776456624628,0.0031374967331136258
2025-04-03,-0.0090827056552724543,-0.0093345112159562184,0.00035871993173240213,0.12590278034188163,0.25180556068376325,0.00025180556068376327,1,0,0,0.29999999999999999,0.22061868590360834,True,True,every-bars,1,dataset-start,dataset,rebalance_threshold_met,within_ceiling,True,60,0.076590369087355031,0.082431901075733421,0.082431901075733421,0.082431901075733421,0.14999999999999999,1,1,0.12590278034188163,True,False,False,0,0,0.0027493244796017099,0.00073835353805844553
2025-04-04,-0.00296605748442649,-0.0038450431200131724,0.0011044842107197546,0.43949281779334104,0.87898563558668208,0.00087898563558668212,1,-5.5511151231257827e-17,0,0.2836420488693589,0.22844899585857484,True,True,every-bars,1,dataset-start,dataset,rebalance_threshold_met,within_ceiling,True,60,0.085957472179685634,0.085497728198272116,0.085497728198272116,0.085497728198272116,0.14999999999999999,1,1,0.43949281779334104,True,False,False,4.8572257327350599e-17,2.7755575615628914e-17,0.0083449337346832748,0.0026709679152487321
2025-04-07,0.00072167172698531744,0.00047672451927591766,0.0015470257226065656,0.12247360385469991,0.24494720770939982,0.00024494720770939978,1,0,0,0.28574931426936567,0.23456578322025401,True,True,every-bars,1,dataset-start,dataset,rebalance_threshold_met,within_ceiling,True,60,0.085978223543155388,0.092855277675529993,0.092855277675529993,0.092855277675529993,0.14999999999999999,1,1,0.12247360385469991,True,False,False,0,0,0.0033343111924705364,0.00078102680922284475
2025-04-08,-0.0033702451083342886,-0.0038631457368759805,0.0005541754923513722,0.24645031427084596,0.49290062854169192,0.000492900628541692,0.99999999999999978,-5.5511151231257827e-17,2.2204460492503131e-16,0.29999999999999999,0.25891030591095876,True,True,every-bars,1,dataset-start,dataset,rebalance_threshold_met,within_ceiling,True,60,0.093470413589933646,0.085154505193027266,0.085154505193027266,0.085154505193027266,0.14999999999999999,1,1,0.24645031427084596,True,False,False,4.163336342344337e-17,2.7755575615628914e-17,0.0039324050357954863,0.0011011238980759206
2025-04-09,0.0036866698887867426,0.0030733123152092588,-0.00095850744502740137,0.306678786788742,0.61335757357748399,0.00061335757357748393,1,0,0,0.29999999999999999,0.22021260050093572,True,True,every-bars,1,dataset-start,dataset,rebalance_threshold_met,within_ceiling,True,60,0.084633905082618921,0.077415470146275145,0.077415470146275145,0.077415470146275145,0.14999999999999999,1,1,0.306678786788742,True,False,False,0,0,0.0037237536521095562,0.0015230912880764716
2025-04-10,0.0019219935279437854,0.0015586414062063703,0.00028770679034776704,0.1816760608687075,0.36335212173741499,0.00036335212173741496,1,0,0,0.29999999999999999,0.25528794906942087,True,True,every-bars,1,dataset-start,dataset,rebalance_threshold_met,within_ceiling,True,60,0.077262308375919367,0.091249866928236639,0.091249866928236639,0.091249866928236639,0.14999999999999999,1,1,0.1816760608687075,True,False,False,0,0,0.0029175754623642978,0.00099148229336039903
2025-04-11,-0.0096528152663210541,-0.010247592332935311,0.0013176713600263064,0.29738853330712878,0.59477706661425755,0.00059477706661425762,1,0,0,0.29999999999999999,0.22916487069229172,True,True,every-bars,1,dataset-start,dataset,rebalance_threshold_met,within_ceiling,True,60,0.090909796650554098,0.097071808168441784,0.097071808168441784,0.097071808168441784,0.14999999999999999,1,1,0.29738853330712878,True,False,False,0,0,0.0047798981196008113,0.001514375563790316
2025-04-14,-0.0035440184479455508,-0.0037586716371244382,0.00038915098342220028,0.10732659458944374,0.21465318917888748,0.00021465318917888746,1,0,0,0.29999999999999999,0.24249887711752341,True,True,every-bars,1,dataset-start,dataset,rebalance_threshold_met,within_ceiling,True,60,0.099993944992145728,0.10126718160110545,0.10126718160110545,0.10126718160110545,0.14999999999999999,1,1,0.10732659458944374,True,False,False,0,0,0.0027040124462528003,0.00077126343835600406
2025-04-15,0.0038978887414243667,0.0032236568293900793,0.00035690355350738895,0.33711595601714378,0.67423191203428756,0.00067423191203428757,1,8.3266726846886741e-17,0,0.2934132215979216,0.25420515109425984,True,True,every-bars,1,dataset-start,dataset,rebalance_threshold_met,within_ceiling,True,60,0.10217535558174087,0.098450246169804786,0.098450246169804786,0.098450246169804786,0.14999999999999999,1,1,0.33711595601714378,True,False,False,4.163336342344337e-17,0,0.0045278383490620485,0.0019236406567464568
2025-04-16,-0.018363409847414091,-0.018665481115840959,-4.9832200259466121e-05,0.15103563421343363,0.30207126842686727,0.00030207126842686727,1,0,0,0.29999999999999999,0.26000000000000001,True,True,every-bars,1,dataset-start,dataset,rebalance_threshold_met,within_ceiling,True,60,0.09786364146818062,0.090295073302317133,0.090295073302317133,0.090295073302317133,0.14999999999999999,1,1,0.15103563421343363,True,False,False,0,0,0.0011545798955616229,0.00039255327786423674
2025-04-17,-0.0021827856199978894,-0.0032541813628242308,0.0020220612521594425,0.53569787141317071,1.0713957428263414,0.0010713957428263414,1,0,0,0.28416468065412875,0.21415574016271016,True,True,every-bars,1,dataset-start,dataset,rebalance_threshold_met,within_ceiling,True,60,0.099415174719539895,0.099641015067980038,0.099641015067980038,0.099641015067980038,0.14999999999999999,1,1,0.53569787141317071,True,False,False,0,0,0.0017468675063829783,0.00078016029844098515
2025-04-18,0.005651983723772811,0.004980113509162061,0.0012445867414993539,0.33593510730537518,0.67187021461075036,0.00067187021461075037,0.99999999999999989,-2.7755575615628914e-17,1.1102230246251565e-16,0.29999999999999999,0.25673036412120415,True,True,every-bars,1,dataset-start,dataset,rebalance_threshold_met,within_ceiling,True,60,0.096558567491718303,0.10826472301977814,0.10826472301977814,0.10826472301977814,0.14999999999999999,1,1,0.33593510730537518,True,False,False,0,2.7755575615628914e-17,0.0011653269898585993,0.00046699261228817833
2025-04-21,-0.0063125139083233129,-0.0069783205541670843,0.00072671409762042861,0.33290332292188568,0.66580664584377136,0.00066580664584377138,1,-5.5511151231257827e-17,0,0.29116949855105811,0.21023416735354084,True,True,every-bars,1,dataset-start,dataset,rebalance_threshold_met,within_ceiling,True,60,0.10820830755171977,0.10822726739242206,0.10822726739242206,0.10822726739242206,0.14999999999999999,1,1,0.33290332292188568,True,False,False,0,5.5511151231257827e-17,0.0013114192278473886,0.00043750773493405568
2025-04-22,0.0057298496967609471,0.0052268606317325958,0.0013293469007486143,0.25149453251417547,0.50298906502835095,0.000502989065028351,0.99999999999999978,-8.3266726846886741e-17,2.2204460492503131e-16,0.25727242874565909,0.20355425848897254,True,True,every-bars,1,dataset-start,dataset,rebalance_threshold_met,within_ceiling,True,60,0.11019587209023779,0.1071664812632462,0.1071664812632462,0.1071664812632462,0.14999999999999999,1,1,0.25149453251417547,True,False,False,3.1225022567582528e-17,6.9388939039072284e-18,0.0004979963551925311,0.00027949881733585952
2025-04-23,0.015350605000455538,0.015344907794890358,0.0011181541705913563,0.0028486027825904391,0.0056972055651808781,5.697205565180878e-06,0.98770074460892932,2.7755575615628914e-17,0.012299255391070685,0.25398536433071645,0.19823004826895552,True,True,every-bars,1,dataset-start,dataset,mandate_constraint_override,constraint_repaired,True,60,0.10670020297949007,0.10757243260269272,0.10757243260269272,0.1060638552289191,0.14999999999999999,1,1,0.0059825652635366912,False,False,True,0.0028486027825904391,2.7755575615628914e-17,7.7718901468431549e-06,2.642870217320876e-06
2025-04-24,0.0013268769262635837,0.0013117583997911946,0.00058823479113880462,0.0075592632361945189,0.015118526472389038,1.5118526472389038e-05,0.96259234590682741,-2.0816681711721685e-17,0.037407654093172593,0.24965503146572937,0.18896818242535046,True,True,every-bars,1,dataset-start,dataset,mandate_constraint_override,constraint_repaired,True,60,0.10898371258947967,0.1111397675748247,0.1111397675748247,0.1072071284855583,0.14999999999999999,1,1,0.016616226874547974,False,False,True,0.0075592632361945189,2.0816681711721685e-17,4.9376920252505129e-05,1.2134668997754076e-05
2025-04-25,0.015896024059926472,0.015614401453721182,0.0014396400384606993,0.1408113031026452,0.28162260620529039,0.00028162260620529043,1,-2.7755575615628914e-17,0,0.28603312694920685,0.25434447821495421,True,True,every-bars,1,dataset-start,dataset,rebalance_threshold_met,within_ceiling,True,60,0.10618573734673009,0.11973796619343813,0.11973796619343813,0.11973796619343813,0.14999999999999999,1,1,0.1408113031026452,True,False,False,0,2.7755575615628914e-17,0.0012113672225663387,0.00031208155166718949
2025-04-28,0.0012039046049962334,0.0011882573107028672,0.00028135302849346955,0.0078236471466831825,0.015647294293366365,1.5647294293366363e-05,0.96896888291164152,5.5511151231257827e-17,0.031031117088358484,0.27610034478165141,0.23832683923023001,True,True,every-bars,1,dataset-start,dataset,mandate_constraint_override,constraint_repaired,True,60,0.12129099518831853,0.12348130601937972,0.12348130601937972,0.11933586066522398,0.14999999999999999,1,1,0.022319215028195782,False,False,True,0.0078236471466831825,5.5511151231257827e-17,3.3701161980548699e-05,9.1109159639653057e-06
2025-04-29,0.0098059667371754554,0.0098047642802139325,-0.0023671229481999991,0.0006012284807614815,0.001202456961522963,1.202456961522963e-06,0.96850298866784357,0,0.031497011332156433,0.27536822279340384,0.23811258525487128,True,True,every-bars,1,dataset-start,dataset,mandate_constraint_override,constraint_repaired,True,60,0.11686978362171205,0.12055641513209657,0.12055641513209657,0.11672422246814811,0.14999999999999999,1,1,0.027452811385899209,False,False,True,0.0006012284807614815,0,2.1323380676842265e-06,5.7356585815857466e-07
2025-04-30,0.0097446369600489042,0.0092544267452976964,-0.00056097359496783594,0.24510510737560409,0.49021021475120818,0.00049021021475120817,1,5.5511151231257827e-17,0,0.29999999999999999,0.25535404489636115,True,True,every-bars,1,dataset-start,dataset,rebalance_threshold_met,within_ceiling,True,60,0.11575849811497552,0.10295664556573728,0.10295664556573728,0.10295664556573728,0.14999999999999999,1,1,0.24510510737560409,True,False,False,0,5.5511151231257827e-17,0.0011956416574680196,0.000271542387115783
2025-05-01,0.002418347362513661,0.0018878404343458423,0.00016496837148174021,0.26525346408390932,0.53050692816781864,0.00053050692816781857,1,-2.7755575615628914e-17,0,0.29999999999999999,0.23079451412150279,True,True,every-bars,1,dataset-start,dataset,rebalance_threshold_met,within_ceiling,True,60,0.10136780195307149,0.11768144276064393,0.11768144276064393,0.11768144276064393,0.14999999999999999,1,1,0.26525346408390932,True,False,False,0,2.7755575615628914e-17,0.0011078839193393822,0.00034525632183365386
2025-05-02,-0.00032091208084020483,-0.00066089310353066144,0.00041944752047357021,0.1699905113452283,0.3399810226904566,0.00033998102269045661,1,2.7755575615628914e-17,0,0.29999999999999999,0.2556077583855817,True,True,every-bars,1,dataset-start,dataset,rebalance_threshold_met,within_ceiling,True,60,0.11546035495624141,0.10539981084797616,0.10539981084797616,0.10539981084797616,0.14999999999999999,1,1,0.1699905113452283,True,False,False,0,2.7755575615628914e-17,0.0005849324327503653,0.00022149899645522287
2025-05-05,0.0020790833533122603,0.0020773279553026728,0.0022812841083552082,0.00087769900479382768,0.0017553980095876554,1.7553980095876554e-06,0.99472040482801183,-5.5511151231257827e-17,0.0052795951719881717,0.29999999999999999,0.25298059174172005,True,True,every-bars,1,dataset-start,dataset,mandate_constraint_override,constraint_repaired,True,60,0.10377216791433566,0.10547336981203483,0.10547336981203483,0.1035767745893252,0.14999999999999999,1,1,0.01259045174658395,False,False,True,0.00087769900479382768,5.5511151231257827e-17,5.3652277829541878e-06,2.1163115086047796e-06
2025-05-06,-0.003486612858810335,-0.0038338997496073506,0.00090622879182459626,0.1736434453985079,0.3472868907970158,0.00034728689079701578,0.99999999999999989,0,1.1102230246251565e-16,0.29999999999999999,0.2302293024667757,True,True,every-bars,1,dataset-start,dataset,rebalance_threshold_met,within_ceiling,True,60,0.10340274090737658,0.11221591884620472,0.11221591884620472,0.11221591884620472,0.14999999999999999,1,1,0.1736434453985079,True,False,False,0,0,0.00045071918514778163,0.00015564750668888816
2025-05-07,-0.0026521406872253117,-0.0033900727112200534,-8.175169967979591e-05,0.36896601199737072,0.73793202399474145,0.00073793202399474148,0.99999999999999989,5.5511151231257827e-17,1.1102230246251565e-16,0.27536299542606768,0.21356591034527522,True,True,every-bars,1,dataset-start,dataset,rebalance_threshold_met,within_ceiling,True,60,0.11272253882139255,0.11490371420628345,0.11490371420628345,0.11490371420628345,0.14999999999999999,1,1,0.36896601199737072,True,False,False,0,5.5511151231257827e-17,0.0030142543525675186,0.00072299791404026184
2025-05-08,-0.0039407434579947264,-0.0044167871572437034,0.0019858901518987802,0.23802184962448836,0.47604369924897671,0.0004760436992489767,1,0,0,0.29999999999999999,0.23631586669938853,True,True,every-bars,1,dataset-start,dataset,rebalance_threshold_met,within_ceiling,True,60,0.1139879911023061,0.11282111222818526,0.11282111222818526,0.11282111222818526,0.14999999999999999,1,1,0.23802184962448836,True,False,False,0,0,0.00078000457943521351,0.00026987501864874817
2025-05-09,-0.0023587489348237201,-0.0028005641699987518,0.00062897837278695179,0.22090761758751581,0.44181523517503163,0.0004418152351750316,1,-2.7755575615628914e-17,0,0.29999999999999999,0.23815135167887289,True,True,every-bars,1,dataset-start,dataset,rebalance_threshold_met,within_ceiling,True,60,0.11372008895310794,0.10691800321597465,0.10691800321597465,0.10691800321597465,0.14999999999999999,1,1,0.22090761758751581,True,False,False,0,2.7755575615628914e-17,0.0015407754580947417,0.00045989081405760384
2025-05-12,0.003592929006108192,0.0033289272413515925,0.00086916039047267113,0.13200088237829977,0.26400176475659953,0.00026400176475659955,1,0,0,0.29999999999999999,0.26000000000000001,True,True,every-bars,1,dataset-start,dataset,rebalance_threshold_met,within_ceiling,True,60,0.10773730709835773,0.10806182212506321,0.10806182212506321,0.10806182212506321,0.14999999999999999,1,1,0.13200088237829977,True,False,False,0,0,0.0003369014714786812,0.00014899045719751549
2025-05-13,-0.0068225579263859861,-0.006826137992468821,-0.0017475453862868158,0.0017900330414176574,0.0035800660828353148,3.5800660828353149e-06,0.99642979592930858,2.7755575615628914e-17,0.0035702040706914184,0.29868669538650444,0.25800930752465145,True,True,every-bars,1,dataset-start,dataset,mandate_constraint_override,constraint_repaired,True,60,0.10797683668938189,0.10802962068884761,0.10802962068884761,0.10763859918972345,0.14999999999999999,1,1,0.0017900330414176713,False,False,True,0.0017900330414176574,2.7755575615628914e-17,7.1918798836926397e-06,2.1776556670318355e-06
2025-05-14,0.0054715077224195031,0.0049299524589545415,-0.00043107694783883749,0.27077763173248093,0.54155526346496186,0.00054155526346496186,1.0000000000000002,-7.6327832942979512e-17,-2.2204460492503131e-16,0.29999999999999999,0.23554791083212898,True,True,every-bars,1,dataset-start,dataset,rebalance_threshold_met,within_ceiling,True,60,0.11022934736993376,0.088261425161119997,0.088261425161119997,0.088261425161119997,0.14999999999999999,1,1,0.27077763173248093,True,False,False,0,2.2204460492503131e-16,0.0011164731382066681,0.00045610333816946901
2025-05-15,-0.0046625861174721308,-0.0049110535846547208,0.00010244331438615435,0.1242337335912948,0.24846746718258961,0.00024846746718258964,1,-5.5511151231257827e-17,0,0.29999999999999999,0.24099681138840873,True,True,every-bars,1,dataset-start,dataset,rebalance_threshold_met,within_ceiling,True,60,0.087353844885439,0.091118927328588631,0.091118927328588631,0.091118927328588631,0.14999999999999999,1,1,0.1242337335912948,True,False,False,4.8572257327350599e-17,2.7755575615628914e-17,0.0021464866307483598,0.00039929931600268424
2025-05-16,-0.0058621414145825614,-0.0058668258422474324,-0.00037947431346456006,0.0023422138324353352,0.0046844276648706704,4.6844276648706702e-06,0.99783556140464957,0,0.0021644385953504264,0.29942446847840415,0.24024734065479852,True,True,every-bars,1,dataset-start,dataset,mandate_constraint_override,constraint_repaired,True,60,0.091383466968373045,0.091260567657303032,0.091260567657303032,0.091013194630336663,0.14999999999999999,1,1,0.0051101067092840825,False,False,True,0.0023422138324353352,0,1.224679471912933e-05,3.0627868281552529e-06
2025-05-19,0.0067947154761600955,0.0055977146664388973,0.0012020434334225059,0.59850040486059886,1.1970008097211977,0.0011970008097211978,1,-6.9388939039072284e-18,0,0.29224887954976192,0.22165064202910101,True,True,every-bars,1,dataset-start,dataset,rebalance_threshold_met,within_ceiling,True,60,0.091396289387042556,0.079803117068874801,0.079803117068874801,0.079803117068874801,0.14999999999999999,1,1,0.59850040486059886,True,False,False,0,6.9388939039072284e-18,0.0015502342325080592,0.00073990283137875205
2025-05-20,0.006037794627966513,0.0056439018842505779,-0.00026952577409605755,0.19694637185796759,0.39389274371593519,0.00039389274371593521,1,-5.5511151231257827e-17,0,0.28737542804106564,0.20967316153078652,True,True,every-bars,1,dataset-start,dataset,rebalance_threshold_met,within_ceiling,True,60,0.080557133604030051,0.078639522266034712,0.078639522266034712,0.078639522266034712,0.14999999999999999,1,1,0.19694637185796759,True,False,False,4.5102810375396984e-17,2.7755575615628914e-17,0.00049749904146009728,0.00021899172477307151
2025-05-21,0.0007157567698742477,0.00047429385812389831,0.00045117941797121847,0.12073145587517468,0.24146291175034937,0.00024146291175034939,1,0,0,0.29999999999999999,0.25513963280155005,True,True,every-bars,1,dataset-start,dataset,rebalance_threshold_met,within_ceiling,True,60,0.079609955706787819,0.089104075808463162,0.089104075808463162,0.089104075808463162,0.14999999999999999,1,1,0.12073145587517468,True,False,False,0,0,0.0003351061698337586,0.0001694940423836446
2025-05-22,0.00052827161661455908,0.0005275563717860131,-0.00057351771071626899,0.00035762241427300667,0.00071524482854601334,7.1524482854601335e-07,0.99885975707171393,8.3266726846886741e-17,0.0011402429282860727,0.29910929629987221,0.25437701072922797,True,True,every-bars,1,dataset-start,dataset,mandate_constraint_override,constraint_repaired,True,60,0.08809709883551399,0.088060247449452705,0.088060247449452705,0.088036795717880853,0.14999999999999999,1,1,0.0018834390982570837,False,False,True,0.00035762241427300667,8.3266726846886741e-17,2.6947757437795035e-06,7.5282090063816322e-07
2025-05-23,0.0094406020231664629,0.0091282807056400437,-0.0025066485006651948,0.15616065876320923,0.31232131752641845,0.00031232131752641841,0.99999999999999989,1.1796119636642288e-16,1.1102230246251565e-16,0.29796235353227496,0.23910220122791301,True,True,every-bars,1,dataset-start,dataset,rebalance_threshold_met,within_ceiling,True,60,0.087118433396017658,0.09220550732265051,0.09220550732265051,0.09220550732265051,0.14999999999999999,1,1,0.15616065876320923,True,False,False,5.5511151231257827e-17,6.9388939039072284e-18,0.0018488579329998622,0.00034045008531830148
2025-05-26,0.0011592013334871898,0.000982582233874931,0.00072868654003364441,0.088309549806129373,0.17661909961225875,0.00017661909961225875,1,0,0,0.29999999999999999,0.25570163421959724,True,True,every-bars,1,dataset-start,dataset,rebalance_threshold_met,within_ceiling,True,60,0.092642266824217057,0.097452836914445423,0.097452836914445423,0.097452836914445423,0.14999999999999999,1,1,0.088309549806129373,True,False,False,0,0,0.0002119591175889795,0.00012051823729920966
2025-05-27,0.0082598355665315995,0.0082524754236664548,0.0015758176367904326,0.0036800714325727346,0.0073601428651454692,7.3601428651454695e-06,0.99999999999999978,-5.5511151231257827e-17,2.2204460492503131e-16,0.29877252534811377,0.25549772675465687,True,True,every-bars,1,dataset-start,dataset,mandate_constraint_override,constraint_repaired,True,60,0.096477842697968413,0.093258040990760335,0.093258040990760335,0.095780562325810031,0.14999999999999999,1,1,0.032148609749998225,False,False,True,0.0036800714325727346,5.5511151231257827e-17,1.4764219996562083e-05,6.8527962121653189e-06
2025-05-28,-0.011898944663551894,-0.012091755612978318,-0.0002273183424368331,0.096405474713212105,0.19281094942642421,0.00019281094942642422,1,0,0,0.29999999999999999,0.25575899597553337,True,True,every-bars,1,dataset-start,dataset,rebalance_threshold_met,within_ceiling,True,60,0.092048223464880868,0.089015555851701941,0.089015555851701941,0.089015555851701941,0.14999999999999999,1,1,0.096405474713212105,True,False,False,0,0,0.00040746013927020621,0.00018055677037176357
2025-05-29,0.012974943252054737,0.012827668911197682,0.00049736599228250567,0.073637170428527812,0.14727434085705562,0.00014727434085705561,1,0,0,0.29999999999999999,0.26000000000000001,True,True,every-bars,1,dataset-start,dataset,rebalance_threshold_met,within_ceiling,True,60,0.094036181501156682,0.093845768989293421,0.093845768989293421,0.093845768989293421,0.14999999999999999,1,1,0.073637170428527812,True,False,False,0,0,0.00055745934376578911,0.00018306385371962098
2025-05-30,-0.0076233754759168415,-0.007822348802997996,-0.00036536044183775129,0.09948666354057735,0.1989733270811547,0.00019897332708115469,1,0,0,0.29999999999999999,0.25872899642305569,True,True,every-bars,1,dataset-start,dataset,rebalance_threshold_met,within_ceiling,True,60,0.095209222884420686,0.10581965656627683,0.10581965656627683,0.10581965656627683,0.14999999999999999,1,1,0.09948666354057735,True,False,False,0,0,0.00087688313456581526,0.00022219064107687034
2025-06-02,-0.00072859541836344877,-0.00074112848163722985,-0.00068587099657896322,0.0062665316368905599,0.01253306327378112,1.2533063273781121e-05,1,0,0,0.29786092981591095,0.2581766070243216,True,True,every-bars,1,dataset-start,dataset,mandate_constraint_override,constraint_repaired,True,60,0.10607753466652031,0.10574520395473933,0.10574520395473933,0.10455318012687941,0.14999999999999999,1,1,0.012449544847933799,False,False,True,0.0062665316368905599,0,2.6205644417775175e-05,9.4374754651442083e-06
2025-06-03,0.0032819418511845786,0.0030995965924508601,0.00078870447248237862,0.091172629366859145,0.18234525873371829,0.0001823452587337183,1,0,0,0.29999999999999999,0.26000000000000001,True,True,every-bars,1,dataset-start,dataset,rebalance_threshold_met,within_ceiling,True,60,0.10410305243509466,0.095411702616149938,0.095411702616149938,0.095411702616149938,0.14999999999999999,1,1,0.091172629366859145,True,False,False,0,0,0.0005914834216539333,0.00016771434574421366
2025-06-04,-0.0027087686115868041,-0.0032816245675844659,-0.0013069317531441877,0.28642797799883091,0.57285595599766181,0.00057285595599766183,1,0,0,0.29999999999999999,0.2569013705516856,True,True,every-bars,1,dataset-start,dataset,rebalance_threshold_met,within_ceiling,True,60,0.094982293933388973,0.089400871306117818,0.089400871306117818,0.089400871306117818,0.14999999999999999,1,1,0.28642797799883091,True,False,False,0,0,0.0033585565676034178,0.00075101312540357297
2025-06-05,0.0019677358083972931,0.0013241162982925597,-0.0015802895372175241,0.32180975505236675,0.64361951010473351,0.00064361951010473352,1,5.5511151231257827e-17,0,0.29999999999999999,0.2357647345001414,True,True,every-bars,1,dataset-start,dataset,rebalance_threshold_met,within_ceiling,True,60,0.088876616122611385,0.097676631062649427,0.097676631062649427,0.097676631062649427,0.14999999999999999,1,1,0.32180975505236675,True,False,False,0,5.5511151231257827e-17,0.0022257894949186323,0.00069098290820459229
2025-06-06,0.0041968485208361246,0.0031714482367375596,0.00018978158352704131,0.5127001420492826,1.0254002840985652,0.0010254002840985653,0.99999999999999978,-5.5511151231257827e-17,2.2204460492503131e-16,0.28193909360545627,0.21141470038988747,True,True,every-bars,1,dataset-start,dataset,rebalance_threshold_met,within_ceiling,True,60,0.097473012671388498,0.11414306633440739,0.11414306633440739,0.11414306633440739,0.14999999999999999,1,1,0.5127001420492826,True,False,False,0,5.5511151231257827e-17,0.0016645883573094644,0.0008501607353077501
2025-06-09,0.0015828613839543532,0.00074103418737159199,-0.0022926729262009262,0.42091359829138064,0.84182719658276128,0.00084182719658276121,1,0,0,0.29999999999999999,0.23558648691494172,True,True,every-bars,1,dataset-start,dataset,rebalance_threshold_met,within_ceiling,True,60,0.11438993954079266,0.088018754611764463,0.088018754611764463,0.088018754611764463,0.14999999999999999,1,1,0.42091359829138064,True,False,False,0,0,0.0019092893571625812,0.00057145408798170915
2025-06-10,-0.0032592461985570193,-0.0033903136009693414,0.00039134472249583796,0.065533701206161005,0.13106740241232201,0.00013106740241232201,1,0,0,0.29999999999999999,0.26000000000000001,True,True,every-bars,1,dataset-start,dataset,rebalance_threshold_met,within_ceiling,True,60,0.087212719777930228,0.091135340732062795,0.091135340732062795,0.091135340732062795,0.14999999999999999,1,1,0.065533701206161005,True,False,False,0,0,0.00086254914883237643,0.00021039096865687866
2025-06-11,0.00050049860463362143,-0.00052190615877559026,-0.00071238273189150303,0.51120238170460586,1.0224047634092117,0.0010224047634092117,1,0,0,0.26820487045987068,0.20796827216235381,True,True,every-bars,1,dataset-start,dataset,rebalance_threshold_met,within_ceiling,True,60,0.092158151391605464,0.089268973290511644,0.089268973290511644,0.089268973290511644,0.14999999999999999,1,1,0.51120238170460586,True,False,False,0,0,0.0018652212817820649,0.00080589301052138098
2025-06-12,0.00099236287405075592,0.00072383715692444172,-0.001836623750914238,0.13426285856315712,0.26852571712631423,0.00026852571712631426,1,0,0,0.27076324892073766,0.20862745201988614,True,True,every-bars,1,dataset-start,dataset,rebalance_threshold_met,within_ceiling,True,60,0.088471955647701328,0.090770370130122638,0.090770370130122638,0.090770370130122638,0.14999999999999999,1,1,0.13426285856315712,True,False,False,0,0,0.00045960115715887643,0.00014305258830727181
2025-06-13,-0.0044639890467057207,-0.0047210733601887244,-0.00010706901089346785,0.12854215674150193,0.25708431348300387,0.00025708431348300386,1,0,0,0.27431692292878179,0.21027482153603583,True,True,every-bars,1,dataset-start,dataset,rebalance_threshold_met,within_ceiling,True,60,0.09010261225617909,0.089734332980542536,0.089734332980542536,0.089734332980542536,0.14999999999999999,1,1,0.12854215674150193,True,False,False,0,0,0.0013133822590152273,0.00036560782213096264
2025-06-16,0.00067992871806665507,0.00018100721414086515,-0.0013517231092122033,0.24946075196289494,0.49892150392578988,0.00049892150392578992,1,0,0,0.29999999999999999,0.25697712958225211,True,True,every-bars,1,dataset-start,dataset,rebalance_threshold_met,within_ceiling,True,60,0.08960760846414631,0.10542339718482015,0.10542339718482015,0.10542339718482015,0.14999999999999999,1,1,0.24946075196289494,True,False,False,0,0,0.002321673154914041,0.0010289849599907418
2025-06-17,-0.004875658175477306,-0.0052218345031256955,-0.0020001836918240312,0.17308816382419484,0.34617632764838968,0.00034617632764838966,1,5.5511151231257827e-17,0,0.29999999999999999,0.23224188405729471,True,True,every-bars,1,dataset-start,dataset,rebalance_threshold_met,within_ceiling,True,60,0.10510827976635725,0.11786634490326575,0.11786634490326575,0.11786634490326575,0.14999999999999999,1,1,0.17308816382419484,True,False,False,0,5.5511151231257827e-17,0.0091023960397680383,0.0016825636870525823
2025-06-18,0.0040031734710092659,0.0032080706029319291,-0.002415025006209973,0.39755143403866833,0.79510286807733666,0.00079510286807733669,1,5.5511151231257827e-17,0,0.27837360972792008,0.25302506810601366,True,True,every-bars,1,dataset-start,dataset,rebalance_threshold_met,within_ceiling,True,60,0.11811357776731067,0.10067548118280119,0.10067548118280119,0.10067548118280119,0.14999999999999999,1,1,0.39755143403866833,True,False,False,0,5.5511151231257827e-17,0.012489161033129271,0.0036262866221326798
2025-06-19,0.00024649426705573412,-0.00020658394591977305,-0.00076950765091312223,0.22653910648775361,0.45307821297550721,0.00045307821297550717,1,0,0,0.29999999999999999,0.2341839036298449,True,True,every-bars,1,dataset-start,dataset,rebalance_threshold_met,within_ceiling,True,60,0.10024519785227552,0.0977719169531754,0.0977719169531754,0.0977719169531754,0.14999999999999999,1,1,0.22653910648775361,True,False,False,0,0,0.0027656575821285202,0.0008095528810031855
2025-06-20,-0.0084739594785017639,-0.0090811126952438197,-0.0023710194480272015,0.30357660837102751,0.60715321674205502,0.000607153216742055,1,-4.163336342344337e-17,0,0.29999999999999999,0.24075205889647563,True,True,every-bars,1,dataset-start,dataset,rebalance_threshold_met,within_ceiling,True,60,0.097902966075918557,0.086779127997579905,0.086779127997579905,0.086779127997579905,0.14999999999999999,1,1,0.30357660837102751,True,False,False,4.163336342344337e-17,1.3877787807814457e-17,0.011536508814056042,0.0025714826347627583
2025-06-23,0.0052658924906617607,0.0052573461094955684,-0.0014749870079115992,0.0042731905830959149,0.0085463811661918299,8.5463811661918298e-06,0.99840101137641235,-3.4694469519536142e-17,0.0015989886235876494,0.29838439839208175,0.23952267017561499,True,True,every-bars,1,dataset-start,dataset,mandate_constraint_override,constraint_repaired,True,60,0.088851114500831607,0.087598540573962005,0.087598540573962005,0.087945964791163678,0.14999999999999999,1,1,0.017310557592789062,False,False,True,0.0042731905830959149,3.4694469519536142e-17,5.5068766960236899e-05,1.6478669625854756e-05
2025-06-24,-0.009236552749852989,-0.0092417910579762411,-0.0012794487678698583,0.002619154061625887,0.0052383081232517739,5.238308123251774e-06,0.98198821840355888,3.4694469519536142e-17,0.018011781596441123,0.29369165326945795,0.2316630507881467,True,True,every-bars,1,dataset-start,dataset,mandate_constraint_override,constraint_repaired,True,60,0.086964129066119986,0.088016320011824425,0.088016320011824425,0.086597914255537256,0.14999999999999999,1,1,0.011712814259694348,False,False,True,0.002619154061625887,3.4694469519536142e-17,2.7472426379684178e-05,7.2095529437461332e-06
2025-06-25,-0.0018402000622355322,-0.0025792222712713031,-0.00078692510645208191,0.36951110451788532,0.73902220903577065,0.00073902220903577067,1,-5.5511151231257827e-17,0,0.29999999999999999,0.24304617274578227,True,True,every-bars,1,dataset-start,dataset,rebalance_threshold_met,within_ceiling,True,60,0.089102171211044787,0.089904924764305602,0.089904924764305602,0.089904924764305602,0.14999999999999999,1,1,0.36951110451788532,True,False,False,0,5.5511151231257827e-17,0.0020968563657057524,0.0010986391255282189
2025-06-26,-0.00094476297627088231,-0.0017305384419601332,-0.0010365378139474692,0.39288773284462536,0.78577546568925072,0.00078577546568925078,1,5.5511151231257827e-17,0,0.29999999999999999,0.23761455498160045,True,True,every-bars,1,dataset-start,dataset,rebalance_threshold_met,within_ceiling,True,60,0.090756761773214567,0.10446308798914698,0.10446308798914698,0.10446308798914698,0.14999999999999999,1,1,0.39288773284462536,True,False,False,4.163336342344337e-17,5.5511151231257827e-17,0.0052576739333940227,0.0018096414035528212
2025-06-27,0.0060864863595295081,0.0055714964869292456,-0.001388707077755291,0.25749493630013143,0.51498987260026285,0.00051498987260026287,1,0,0,0.29999999999999999,0.26000000000000001,True,True,every-bars,1,dataset-start,dataset,rebalance_threshold_met,within_ceiling,True,60,0.10413856902939574,0.11330703155696811,0.11330703155696811,0.11330703155696811,0.14999999999999999,1,1,0.25749493630013143,True,False,False,0,0,0.0089639272567037607,0.0021360775722205866
2025-06-30,0.0027722464232803477,0.0024128947590692789,-0.0011557190895274037,0.17967583210553453,0.35935166421106907,0.00035935166421106906,1,0,0,0.29999999999999999,0.24031295490208845,True,True,every-bars,1,dataset-start,dataset,rebalance_threshold_met,within_ceiling,True,60,0.11252748204192382,0.11377829521072293,0.11377829521072293,0.11377829521072293,0.14999999999999999,1,1,0.17967583210553453,True,False,False,0,0,0.0016213649048962297,0.00047017572153603538
2025-07-01,9.228517519179155e-05,8.9520592871959287e-05,-0.0012290343696822283,0.0013822911599161332,0.0027645823198322664,2.7645823198322663e-06,0.99561181509249508,0,0.0043881849075049217,0.29833335621721219,0.23814942138910558,True,True,every-bars,1,dataset-start,dataset,mandate_constraint_override,constraint_repaired,True,60,0.11358204383529064,0.11387066958298615,0.11387066958298615,0.11332097025657305,0.14999999999999999,1,1,0.0065071255262654192,False,False,True,0.0013822911599161332,0,1.1004502245695628e-05,3.6031288064524151e-06
2025-07-02,-0.0036650403923453945,-0.0038785775245142977,3.6429466635068429e-05,0.10676856608445158,0.21353713216890316,0.00021353713216890315,1,0,0,0.29999999999999999,0.24121825545887007,True,True,every-bars,1,dataset-start,dataset,rebalance_threshold_met,within_ceiling,True,60,0.1126476122689402,0.11597050320626151,0.11597050320626151,0.11597050320626151,0.14999999999999999,1,1,0.10676856608445158,True,False,False,0,0,0.00060312554861839348,0.00021230930545077076
2025-07-03,-0.0027283034916164989,-0.0033195646386988361,-0.00041684059325469713,0.29563057354116862,0.59126114708233724,0.00059126114708233724,1,-5.5511151231257827e-17,0,0.29253566237781575,0.21443531804674162,True,True,every-bars,1,dataset-start,dataset,rebalance_threshold_met,within_ceiling,True,60,0.11667890321868646,0.097819468758995651,0.097819468758995651,0.097819468758995651,0.14999999999999999,1,1,0.29563057354116862,True,False,False,0,5.5511151231257827e-17,0.0051238480562330298,0.0014860213705465584
2025-07-04,-0.0020274983545017508,-0.002267785829080618,-0.001457891455703926,0.12014373728943351,0.24028747457886701,0.00024028747457886701,1,-5.5511151231257827e-17,0,0.28935068510893408,0.21243674916542216,True,True,every-bars,1,dataset-start,dataset,rebalance_threshold_met,within_ceiling,True,60,0.097763501420434482,0.10681392935409574,0.10681392935409574,0.10681392935409574,0.14999999999999999,1,1,0.12014373728943351,True,False,False,0,5.5511151231257827e-17,0.0031067949441773691,0.0009113828922463473
2025-07-07,0.0034547291672025787,0.0027904749151335048,-0.00099406589024999235,0.33212712603453687,0.66425425206907374,0.0006642542520690737,1,0,0,0.29999999999999999,0.23788074115704705,True,True,every-bars,1,dataset-start,dataset,rebalance_threshold_met,within_ceiling,True,60,0.10326625091292638,0.10422250361893141,0.10422250361893141,0.10422250361893141,0.14999999999999999,1,1,0.33212712603453687,True,False,False,0,0,0.0028044780994140694,0.0013947863425452791
2025-07-08,0.0045462060496954141,0.0045427632145910645,-0.0040348249207360909,0.0017214175521748781,0.0034428351043497563,3.4428351043497562e-06,0.99448598211756822,-5.5511151231257827e-17,0.0055140178824317765,0.29643660761808022,0.23557964814042115,True,True,every-bars,1,dataset-start,dataset,mandate_constraint_override,constraint_repaired,True,60,0.10404164972303639,0.10355797273509508,0.10355797273509508,0.10365351902328744,0.14999999999999999,1,1,0.011096619018735644,False,False,True,0.0017214175521748781,5.5511151231257827e-17,2.2823719701812525e-05,7.4622964696618465e-06
2025-07-09,-0.0041922383888562719,-0.0048399763423094058,0.00091503060241130796,0.323868976726567,0.64773795345313401,0.00064773795345313405,1,6.2450045135165055e-17,0,0.29841971827220204,0.23814798957235508,True,True,every-bars,1,dataset-start,dataset,rebalance_threshold_met,within_ceiling,True,60,0.10243736117497509,0.10217300240402737,0.10217300240402737,0.10217300240402737,0.14999999999999999,1,1,0.323868976726567,True,False,False,4.163336342344337e-17,2.0816681711721685e-17,0.0063760758483872399,0.001674283374887095
2025-07-10,0.0072361440470349392,0.0068703861843542194,-0.0011123253132048387,0.18287893134035993,0.36575786268071986,0.00036575786268071986,1,2.7755575615628914e-17,0,0.27048854392133187,0.21214055080242677,True,True,every-bars,1,dataset-start,dataset,rebalance_threshold_met,within_ceiling,True,60,0.10053726188065977,0.095890952300685894,0.095890952300685894,0.095890952300685894,0.14999999999999999,1,1,0.18287893134035993,True,False,False,0,2.7755575615628914e-17,0.0050098228446551606,0.0011506147661533837
2025-07-11,-0.006168044063877387,-0.0065092498647857898,-3.3801538178594548e-05,0.17060290045420154,0.34120580090840308,0.0003412058009084031,1,0,0,0.29999999999999999,0.26000000000000001,True,True,every-bars,1,dataset-start,dataset,rebalance_threshold_met,within_ceiling,True,60,0.094188867780021057,0.1038821014374692,0.1038821014374692,0.1038821014374692,0.14999999999999999,1,1,0.17060290045420154,True,False,False,0,0,0.0023086157044707916,0.0009305107439881473
2025-07-14,0.00089012019445194857,8.1099523288492999e-05,-0.0014686267573538561,0.40451033558172783,0.80902067116345566,0.00080902067116345557,1,0,0,0.29999999999999999,0.26000000000000001,True,True,every-bars,1,dataset-start,dataset,rebalance_threshold_met,within_ceiling,True,60,0.10571211930613596,0.10312715562236893,0.10312715562236893,0.10312715562236893,0.14999999999999999,1,1,0.40451033558172783,True,False,False,0,0,0.005247627592562653,0.0015836291160891984
2025-07-15,0.0060092380509339238,0.0060069920176226239,-0.0033944614572297871,0.0011230166556500387,0.0022460333113000774,2.2460333113000775e-06,0.99736716306893491,-2.7755575615628914e-17,0.0026328369310650857,0.29999999999999999,0.25801679726755244,True,True,every-bars,1,dataset-start,dataset,mandate_constraint_override,constraint_repaired,True,60,0.10094113022407493,0.10126659961787092,0.10126659961787092,0.1006871449524564,0.14999999999999999,1,1,0.0055595594010178079,False,False,True,0.0011230166556500387,2.7755575615628914e-17,6.8896737956392729e-05,1.5416728489828915e-05
2025-07-16,0.011481646885316728,0.011169293134801136,-0.0016646261339148443,0.15617687525779556,0.31235375051559111,0.0003123537505155911,1,-5.5511151231257827e-17,0,0.29999999999999999,0.24210800825656881,True,True,every-bars,1,dataset-start,dataset,rebalance_threshold_met,within_ceiling,True,60,0.10035175441166207,0.097779487558958503,0.097779487558958503,0.097779487558958503,0.14999999999999999,1,1,0.15617687525779556,True,False,False,4.163336342344337e-17,2.7755575615628914e-17,0.0023504567262277016,0.00061095733835497227
2025-07-17,0.0014529990625588851,0.0011329044684879582,0.0008007211271447625,0.16004729703546353,0.32009459407092705,0.00032009459407092704,1,-8.3266726846886741e-17,0,0.28670629968365341,0.21953878853495293,True,True,every-bars,1,dataset-start,dataset,rebalance_threshold_met,within_ceiling,True,60,0.096879269453285011,0.10659453600175717,0.10659453600175717,0.10659453600175717,0.14999999999999999,1,1,0.16004729703546353,True,False,False,4.8572257327350599e-17,2.7755575615628914e-17,0.0014865165752269481,0.00051411541560931117
2025-07-18,0.0023070014751550741,0.0023055505842356611,-0.0023481536465778476,0.0007254454597065349,0.0014508909194130698,1.4508909194130697e-06,0.99975983046738359,-5.5511151231257827e-17,0.00024016953261640772,0.2880342470238289,0.22050349909045586,True,True,every-bars,1,dataset-start,dataset,mandate_constraint_override,constraint_repaired,True,60,0.1069332867891522,0.10594261072679267,0.10594261072679267,0.10679166849357788,0.14999999999999999,1,1,0.0080350897868991522,False,False,True,0.0007254454597065349,5.5511151231257827e-17,1.1560408702369631e-05,3.1415618800561523e-06
2025-07-21,0.0080858124610659853,0.0080835107695964459,-0.0016622321427171014,0.001150845734769753,0.002301691469539506,2.301691469539506e-06,0.99169837664267602,-5.5511151231257827e-17,0.0083016233573239839,0.28535954217701109,0.21659984253015357,True,True,every-bars,1,dataset-start,dataset,mandate_constraint_override,constraint_repaired,True,60,0.10514940215901979,0.10546158646663437,0.10546158646663437,0.10492431984320724,0.14999999999999999,1,1,0.010693145689178941,False,False,True,0.001150845734769753,5.5511151231257827e-17,1.8703521596388789e-05,4.6206842946070842e-06
2025-07-22,0.0020768212802683259,0.0020688003237573659,0.0002254818554706108,0.0040104782554799753,0.0080209565109599507,8.02095651095995e-06,0.97215417909897672,0,0.027845820901023277,0.27737801420114178,0.20726321981635218,True,True,every-bars,1,dataset-start,dataset,mandate_constraint_override,constraint_repaired,True,60,0.10426500730694037,0.1065611297296781,0.1065611297296781,0.10348009763710901,0.14999999999999999,1,1,0.028232247517232207,False,False,True,0.0040104782554799753,0,0.00011972258290346756,2.4699581635411626e-05
2025-07-23,-0.0060050579140460752,-0.0062566737697161683,-0.0029891629316616819,0.12580792783504657,0.25161585567009315,0.00025161585567009317,1,0,0,0.29999999999999999,0.26000000000000001,True,True,every-bars,1,dataset-start,dataset,rebalance_threshold_met,within_ceiling,True,60,0.10045618024409435,0.11746706732204391,0.11746706732204391,0.11746706732204391,0.14999999999999999,1,1,0.12580792783504657,True,False,False,0,0,0.00074345530652273738,0.00053292191410484531
2025-07-24,0.0050904470340185385,0.0050844056975289948,-0.0022964411257885655,0.0030206682447720401,0.0060413364895440802,6.0413364895440804e-06,0.99967176087858167,-2.7755575615628914e-17,0.00032823912141832778,0.29872721385099343,0.25927186813326164,True,True,every-bars,1,dataset-start,dataset,mandate_constraint_override,constraint_repaired,True,60,0.11675437298630281,0.1160968723690894,0.1160968723690894,0.11596944150401513,0.14999999999999999,1,1,0.0041293348330694452,False,False,True,0.0030206682447720401,2.7755575615628914e-17,8.1341944661923602e-05,1.5137347453095439e-05
2025-07-25,-0.0067194859303174948,-0.0067245505959394195,-0.00036305492918111337,0.0025323328109625176,0.0050646656219250352,5.064665621925035e-06,0.99076883788649439,2.7755575615628914e-17,0.0092311621135056088,0.29786216491033718,0.25514995224250825,True,True,every-bars,1,dataset-start,dataset,mandate_constraint_override,constraint_repaired,True,60,0.11579786199428237,0.11630150376825009,0.11630150376825009,0.11522295874662244,0.14999999999999999,1,1,0.0035924096162509994,False,False,True,0.0025323328109625176,2.7755575615628914e-17,2.9762537609414994e-05,9.8007274475632813e-06
2025-07-28,-0.0025376790692450998,-0.0034269665198602768,-0.00074284569626805364,0.44464372530758856,0.88928745061517711,0.00088928745061517701,0.99999999999999989,-3.4694469519536142e-17,1.1102230246251565e-16,0.29193739347834613,0.22621746338414381,True,True,every-bars,1,dataset-start,dataset,rebalance_threshold_met,within_ceiling,True,60,0.11157287155505992,0.10452408981999542,0.10452408981999542,0.10452408981999542,0.14999999999999999,1,1,0.44464372530758856,True,False,False,0,3.4694469519536142e-17,0.0046310535567263078,0.0019834478060475613
2025-07-29,0.0016042085895845754,0.0013390900664684855,-0.0032354186853391646,0.13255926155804496,0.26511852311608991,0.00026511852311608995,1,1.3877787807814457e-17,0,0.29999999999999999,0.23035934409463552,True,True,every-bars,1,dataset-start,dataset,rebalance_threshold_met,within_ceiling,True,60,0.10489847104173802,0.10687742425360312,0.10687742425360312,0.10687742425360312,0.14999999999999999,1,1,0.13255926155804496,True,False,False,0,1.3877787807814457e-17,0.0020565078189778694,0.00070514043612570287
2025-07-30,-0.0020509090128263407,-0.0024177455665176507,0.0015165633705727466,0.18341827684565495,0.36683655369130991,0.00036683655369130992,1,0,0,0.29999999999999999,0.26000000000000001,True,True,every-bars,1,dataset-start,dataset,rebalance_threshold_met,within_ceiling,True,60,0.10483481894495694,0.10968056054218428,0.10968056054218428,0.10968056054218428,0.14999999999999999,1,1,0.18341827684565495,True,False,False,0,0,0.0013005475947051883,0.00067195972195349099
2025-07-31,-0.0065809685545627624,-0.0070633263795306959,-0.001599764122592606,0.24117891248396661,0.48235782496793322,0.00048235782496793326,1,0,0,0.29999999999999999,0.24355781285822686,True,True,every-bars,1,dataset-start,dataset,rebalance_threshold_met,within_ceiling,True,60,0.10985906330692105,0.10278243074899177,0.10278243074899177,0.10278243074899177,0.14999999999999999,1,1,0.24117891248396661,True,False,False,0,0,0.0036041593657185869,0.0013661985849353689
2025-08-01,-0.0018274891559112894,-0.002410417363114445,0.00014489201743815125,0.29146410360157782,0.58292820720315563,0.0005829282072031557,0.99999999999999989,-5.5511151231257827e-17,1.1102230246251565e-16,0.29999999999999999,0.22873376374266086,True,True,every-bars,1,dataset-start,dataset,rebalance_threshold_met,within_ceiling,True,60,0.1034753632955404,0.10161773144595036,0.10161773144595036,0.10161773144595036,0.14999999999999999,1,1,0.29146410360157782,True,False,False,4.5102810375396984e-17,2.7755575615628914e-17,0.0058714374460531434,0.0015563135345533559
2025-08-04,0.00074877081230531584,0.00032562590086787939,-0.0026805968998884202,0.21157245571871824,0.42314491143743649,0.00042314491143743646,0.99999999999999989,0,1.1102230246251565e-16,0.29999999999999999,0.22897191796361371,True,True,every-bars,1,dataset-start,dataset,rebalance_threshold_met,within_ceiling,True,60,0.10144854121792751,0.10197145606230693,0.10197145606230693,0.10197145606230693,0.14999999999999999,1,1,0.21157245571871824,True,False,False,4.5102810375396984e-17,2.7755575615628914e-17,0.0030432395034129061,0.00088283522025144349
2025-08-05,-0.0098461403854233822,-0.010658745851885027,-0.0010200985064717969,0.40630273323082222,0.81260546646164444,0.00081260546646164437,1,-2.7755575615628914e-17,0,0.23321802881526663,0.20126982293570314,True,True,every-bars,1,dataset-start,dataset,rebalance_threshold_met,within_ceiling,True,60,0.10110083096891341,0.093093359767474848,0.093093359767474848,0.093093359767474848,0.14999999999999999,1,1,0.40630273323082222,True,False,False,3.1225022567582528e-17,6.9388939039072284e-18,0.0044714771206404149,0.0020420980856491774
2025-08-06,0.00103898736549868,0.00013669329196697676,-0.00081681261023106933,0.45114703676585166,0.90229407353170332,0.00090229407353170329,1,5.5511151231257827e-17,0,0.29344701183357708,0.24095091603062896,True,True,every-bars,1,dataset-start,dataset,rebalance_threshold_met,within_ceiling,True,60,0.095547527677774302,0.090441748695610918,0.090441748695610918,0.090441748695610918,0.14999999999999999,1,1,0.45114703676585166,True,False,False,0,5.5511151231257827e-17,0.0035170996425053251,0.0015746826204008355
2025-08-07,-0.0071078660987467877,-0.0076931405058569945,-0.00052925598735475954,0.29263720355510353,0.58527440711020706,0.00058527440711020708,0.99999999999999989,0,1.1102230246251565e-16,0.27172446208200118,0.2517748870127664,True,True,every-bars,1,dataset-start,dataset,rebalance_threshold_met,within_ceiling,True,60,0.088293494130768757,0.094635812741953942,0.094635812741953942,0.094635812741953942,0.14999999999999999,1,1,0.29263720355510353,True,False,False,0,0,0.0043875167577479791,0.0012175935086064591
2025-08-08,0.0060275836513813269,0.0056214277745330532,-0.0010374214412433394,0.20307793842413696,0.40615587684827392,0.00040615587684827395,1,1.1102230246251565e-16,0,0.27028520690487912,0.2265912933127279,True,True,every-bars,1,dataset-start,dataset,rebalance_threshold_met,within_ceiling,True,60,0.094282751085999816,0.099293846200279909,0.099293846200279909,0.099293846200279909,0.14999999999999999,1,1,0.20307793842413696,True,False,False,3.1225022567582528e-17,5.5511151231257827e-17,0.0069723691336907086,0.001543261359419018
