timestamp,split,horizon,low,middle,high,high_minus_low
2024-01-16,train,1,0.0042628920549478977,0.0032966148385773497,-0.012010584767576826,-0.016273476822524724
2024-01-17,train,1,0.0036350725314648336,-0.014916163357432011,0.011996584566075108,0.0083615120346102745
2024-01-18,train,1,0.011521130088596343,-0.0046708240185467931,-0.0009811552596682982,-0.012502285348264641
2024-01-19,train,1,0.0065939547971675672,-0.0036349050917291459,0.004196346615986335,-0.0023976081811812322
2024-01-22,train,1,0.0075671187608604695,0.00064976997934473868,-0.0071354512747749954,-0.014702570035635465
2024-01-23,train,1,0.0089402056521763473,-0.0052792906430492725,-0.0028061602996643509,-0.011746365951840698
2024-01-24,train,1,0.00070201520592805267,-0.003213256183710822,0.00664416487592423,0.0059421496699961773
2024-01-25,train,1,-0.00035756609422571417,0.0022631507649891747,0.0054451314437247711,0.0058026975379504853
2024-01-26,train,1,0.012099552268930891,0.00070265752297676842,-0.0045859112990823681,-0.016685463568013259
2024-01-29,train,1,0.0070566209502579968,-0.0010142470569285411,-0.00083832275724871064,-0.0078949437075067075
2024-01-30,train,1,-0.012794532078944265,0.0067232947236165463,0.010697707731832318,0.023492239810776583
2024-01-31,train,1,-0.0012189340583907415,0.0011764699292845515,0.0079795305695568031,0.0091984646279475446
2024-02-01,train,1,-0.0044653002459189572,0.01890295971080258,-0.0092907620879302821,-0.0048254618420113249
2024-02-02,train,1,-0.0062962350740921602,0.0011115401446308293,0.0053996902785222733,0.011695925352614434
2024-02-05,train,1,0.0029354775986935588,-0.004080612985216725,0.0061738624314813251,0.0032383848327877662
2024-02-06,train,1,-0.0046307413702810218,0.0060605849944418977,0.0025414196195744365,0.0071721609898554584
2024-02-07,train,1,0.003389730243556488,-0.0024248077351607944,-0.00057737306547711587,-0.0039671033090336039
2024-02-08,train,1,-0.00063027288020400807,0.010349656843047117,0.0005823862272101854,0.0012126591074141935
2024-02-09,train,1,-0.0012260344316816774,0.0024975517702293115,0.0019743205453426893,0.0032003549770243667
2024-02-12,train,1,0.0071876570637219861,0.0058447611426696855,-0.011363929154096564,-0.01855158621781855
2024-02-13,train,1,-0.01034849087487405,0.0020797971526917425,0.011562060489494486,0.021910551364368536
2024-02-14,train,1,-0.0061857494655730427,0.007090819535942039,0.0068515842629964796,0.013037333728569522
2024-02-15,train,1,0.0017077085619496835,0.0048043091654886849,0.00027464455042564007,-0.0014330640115240434
2024-02-16,train,1,0.011894517215827127,-0.0060887303574232443,0.00090076833274871371,-0.010993748883078414
2024-02-19,train,1,0.00050347058075589368,-0.00013551458492433444,0.0027538941361520686,0.0022504235553961749
2024-02-20,train,1,-0.00049795887491038693,0.0055698998926718701,-0.0032500987067708431,-0.0027521398318604562
2024-02-21,train,1,0.0019671948685230367,0.00075475744228331587,0.0040733475881952197,0.002106152719672183
2024-02-22,train,1,0.0099775406299847935,-0.0091640802997258741,0.00030229681192056601,-0.0096752438180642275
2024-02-23,train,1,0.0031478380960680008,-0.00012875311741278317,-0.00754047830008725,-0.010688316396155251
2024-02-26,train,1,-0.00032136787676556589,0.0030159666525921836,0.0026035981309862066,0.0029249660077517725
2024-02-27,train,1,-0.0068583874245630727,0.010584611229432217,-0.0060377066275912883,0.00082068079697178442
2024-02-28,train,1,0.002265067357113848,-0.0026778659460341414,0.0057543760822839074,0.0034893087251700594
2024-02-29,train,1,0.0076455548458065348,0.0041729920312937319,-0.0085864635730679151,-0.01623201841887445
2024-03-01,train,1,-0.014521753986660557,0.008691808046255467,0.012952771446941513,0.027474525433602071
2024-03-04,train,1,-0.011566430842536668,-0.00051654112798255047,0.01021367020558106,0.021780101048117728
2024-03-05,train,1,0.003863611400472533,0.0026262006201688837,-0.010301076319803482,-0.014164687720276015
2024-03-06,train,1,0.0062542741569605598,-0.0090850984014015923,0.00096434202530693014,-0.0052899321316536296
2024-03-07,train,1,0.0063755255088008278,0.005840473161573656,-0.0072901266246925833,-0.013665652133493411
2024-03-08,train,1,0.013281588227765928,-0.013621838474924042,0.0029492436630004781,-0.01033234456476545
2024-03-11,train,1,0.0055968654505772486,-0.006579972377346921,0.0014948268205917659,-0.0041020386299854827
2024-03-12,train,1,-0.0020286530927351443,0.004363979438747001,-0.0045853271854623956,-0.0025566740927272513
2024-03-13,train,1,0.0053182905751273934,0.0057408895899169199,-0.0036027077837081922,-0.0089209983588355857
2024-03-14,train,1,0.0037568758329341034,-0.0074941112041297941,0.012548660021374558,0.0087917841884404546
2024-03-15,train,1,0.01213737116226643,0.0093376532363578235,-0.017548453910719297,-0.029685825072985728
2024-03-18,train,1,0.0018424707400210849,-0.00081079111393234093,0.00041844478480684844,-0.0014240259552142365
2024-03-19,train,1,0.010825454755324815,-0.0046004783934147642,-0.00097836870095724393,-0.011803823456282059
2024-03-20,train,1,-0.00098878651364825432,-0.00023182411579353301,0.0018296480882920019,0.0028184346019402562
2024-03-21,train,1,-0.007123243784660227,0.0079869899317847048,0.0058454979861912171,0.012968741770851444
2024-03-22,train,1,-0.0078620028890020177,0.0028958043882756357,0.0055385146228433824,0.0134005175118454
2024-03-25,train,1,0.0043354925041883541,-0.010962179102438241,0.0091668159260996918,0.0048313234219113377
2024-03-26,train,1,-0.010044814346195863,0.0069384831288660798,0.0053819037597480635,0.015426718105943926
2024-03-27,train,1,-0.0017001925374345306,0.0046901768261138899,0.0026268885653114582,0.0043270811027459888
2024-03-28,train,1,0.0011331455793135992,0.012588448518429329,-0.0083436482168874337,-0.0094767937962010329
2024-03-29,train,1,0.019876241835036668,-0.0068777589619427038,-0.010419458773535395,-0.030295700608572063
2024-04-01,train,1,0.0021667490448436522,0.012223975328231051,-0.006454502333343437,-0.0086212513781870892
2024-04-02,train,1,-0.013026543642428279,0.00093778402135757943,0.012766184673768555,0.025792728316196833
2024-04-03,train,1,-0.0033600721378472809,-0.0036472126297050211,0.0059977513323380416,0.0093578234701853225
2024-04-04,train,1,-0.00035937216481241041,0.0039578699967502406,0.00048083212020766375,0.00084020428502007416
2024-04-05,train,1,0.0031389839244722051,-0.002142727063166483,0.0031302393446263066,-8.7445798458984925e-06
2024-04-08,train,1,-0.016362173593664708,0.0071926952346536011,0.010703573113309717,0.027065746706974425
2024-04-09,train,1,-0.0014139171587576604,-0.0043427966522990857,0.0077147092387339633,0.0091286263974916237
2024-04-10,train,1,-0.011824943899439611,0.0095989346685877441,0.011558602393603956,0.023383546293043567
2024-04-11,train,1,0.015378987304505265,-0.01728676873984214,0.003764245062915561,-0.011614742241589704
2024-04-12,train,1,-0.0022941386613421488,0.0069962947706765921,0.0031063914217164257,0.0054005300830585745
2024-04-15,train,1,0.005630707694658621,-0.013325940494327337,0.0063792386095996578,0.00074853091494103685
2024-04-16,train,1,-0.011220282385299207,-0.0063157388300196793,0.018052031040792005,0.029272313426091212
2024-04-17,train,1,0.016670274567845089,0.0011443405047056876,-0.010297064253158905,-0.026967338821003994
2024-04-18,train,1,-0.0056095535704840938,0.022021391725594697,-0.0031278094529780809,0.0024817441175060129
2024-04-19,train,1,-0.0018757536820950271,0.0042003969008768127,2.2156526011452016e-05,0.0018979102081064791
2024-04-22,train,1,-0.0045046957776234686,-0.0039816233099095877,0.0095981291840022687,0.014102824961625737
2024-04-23,train,1,0.0036782763921130446,0.0034206404693515324,-0.00314646798549717,-0.0068247443776102146
2024-04-24,train,1,0.012331320054178141,0.0054127856296763976,-0.010781119543242956,-0.023112439597421097
2024-04-25,train,1,0.0067400822559239293,0.0028595236735903806,-0.0051639636819169055,-0.011904045937840835
2024-04-26,train,1,0.0078080305539088846,-0.0097617973066447261,0.0011732557292238877,-0.0066347748246849969
2024-04-29,train,1,0.00024342822863315794,0.007258678186619183,0.00024908220191571795,5.6539732825600097e-06
2024-04-30,train,1,0.0017418659163530581,-0.0098099278721089367,0.01272528081085833,0.010983414894505272
2024-05-01,train,1,-0.0065990984024559829,0.015294144860592218,-0.0064952808989792166,0.00010381750347676633
2024-05-02,train,1,-0.0041360255823146286,0.0037405221058187665,0.0065374736834089564,0.010673499265723585
2024-05-03,train,1,-0.00049441054522014749,0.0025483258033820455,0.00018085610808532548,0.00067526665330547297
2024-05-06,train,1,0.0091067707137848508,-0.0065332342866388227,0.0034051624901746402,-0.0057016082236102106
2024-05-07,train,1,-0.0020917952728722322,0.0027191879316199596,0.0017248395321650678,0.0038166348050373
2024-05-08,train,1,0.0046703577104767469,-0.0086348879217676977,0.0044680333516203263,-0.00020232435885642053
2024-05-09,train,1,-0.0044550776401368064,0.0045469289705154514,0.0010975152622140216,0.005552592902350828
2024-05-10,train,1,-0.0085286649986864305,0.0079430144173998074,-0.00022791737839272797,0.0083007476202937025
2024-05-13,train,1,-0.00075204741641871076,0.001286718101397577,0.0020731219701938808,0.0028251693866125915
2024-05-14,train,1,0.0073796010344141516,-0.0041488102311796338,0.0011531796181014076,-0.006226421416312744
2024-05-15,train,1,-0.002584196656606752,-0.0081731773224163473,0.013628412602212148,0.0162126092588189
2024-05-16,train,1,-0.0039985833962515871,0.011318679239379126,0.0018318736393293511,0.0058304570355809382
2024-05-17,train,1,-0.0022495257241164635,0.0041191956532048435,-0.00026464302140793983,0.0019848827027085236
2024-05-20,train,1,-0.0077432389092066956,0.0071112904710147751,0.0019826395629743421,0.0097258784721810376
2024-05-21,train,1,-0.0015032954071199645,0.0048406208512572491,-0.0030782780204999804,-0.001574982613380016
2024-05-22,train,1,0.0021174787733194145,0.0044883890173590402,-0.0038940579121360952,-0.0060115366854555097
2024-05-23,train,1,0.0061595593776877511,-0.00028119679362098582,-0.008689107820193942,-0.014848667197881693
2024-05-24,train,1,0.0087316703086656178,-0.0046894322251473386,-0.0010488942775629395,-0.0097805645862285573
2024-05-27,train,1,-0.013729220284347421,-0.0050337020731032744,0.019792635442769102,0.033521855727116523
2024-05-28,train,1,-0.008755757943034681,-0.0055916852240340265,0.011641332158287776,0.020397090101322457
2024-05-29,train,1,0.0039357909506204103,9.4403513789587112e-05,-0.0029376839851137371,-0.0068734749357341474
2024-05-30,train,1,-0.0045560440775597177,0.0027820869215868238,0.0050964786499849701,0.0096525227275446879
2024-05-31,train,1,0.00042807428303442974,-0.0046377162716823017,0.0044741775419888663,0.0040461032589544366
2024-06-03,train,1,-0.0025668173487179979,0.0062029371132347189,0.0007987288943302473,0.0033655462430482452
2024-06-04,train,1,0.0044034274393208728,0.0032887443179662745,-0.0085621942835575338,-0.012965621722878407
2024-06-05,train,1,-0.0043455499377019202,-0.0048842873843046308,0.0065555362896005942,0.010901086227302514
2024-06-06,train,1,0.0062272244623955975,-0.0053115907617999891,0.0029415097102352128,-0.0032857147521603847
2024-06-07,train,1,0.0076988833945637047,0.0028871602052593648,-0.0078235516871827393,-0.015522435081746444
2024-06-10,train,1,-0.0035565459289113588,-0.0038017995532640958,0.013918093901064965,0.017474639829976324
2024-06-11,train,1,0.0054489062424649681,0.0027196949410165372,-0.0064774851162787694,-0.011926391358743738
2024-06-12,train,1,0.016533733515065152,-0.013596524257537823,-0.00026328107194106831,-0.01679701458700622
2024-06-13,train,1,-0.004114212711681775,0.0038046443689026543,0.0040309118886121542,0.0081451246002939293
2024-06-14,train,1,-0.0013729179163743388,0.012456092658367446,-0.0081640617912988045,-0.0067911438749244657
2024-06-17,train,1,0.012530012093850296,-0.0093213257688971596,0.002112997610312084,-0.010417014483538212
2024-06-18,train,1,0.0096072514739552473,0.024405197640814391,-0.026527208943307345,-0.036134460417262593
2024-06-19,train,1,0.00054083956757627893,-0.0096436461386152916,0.0078438867351228181,0.0073030471675465392
2024-06-20,train,1,-0.019627356353721537,0.010443813270125668,0.009317584758485431,0.028944941112206968
2024-06-21,train,1,0.0017102183369112067,-0.0072344074123807389,0.009692624556794871,0.0079824062198836643
2024-06-24,train,1,-0.0086206387309528121,0.00060395036929378199,0.0076805990272018065,0.016301237758154619
2024-06-25,train,1,0.011243348098881389,-0.0082522448447217012,-0.0026486270473668472,-0.013891975146248237
2024-06-26,train,1,-0.011468775593557856,-0.0051268086642243804,0.012340389362097914,0.023809164955655771
2024-06-27,train,1,0.006798044657896074,0.0062464470038198772,-0.012529328682138796,-0.01932737334003487
2024-06-28,train,1,-0.012954848572519773,0.0080134032319326698,0.0031240814615081658,0.016078930034027938
2024-07-01,train,1,-0.0046860829981221208,0.011732157707843749,-0.01139543553379313,-0.0067093525356710093
2024-07-02,train,1,0.0049679823277048452,-0.0086009894697919864,0.0045778544517185438,-0.00039012787598630139
2024-07-03,train,1,0.0050769866021007637,-0.00022748946289280481,-0.0074446318537693124,-0.012521618455870076
2024-07-04,train,1,-0.00771934771807542,-0.0047573385327455697,0.0094432719698239187,0.017162619687899339
2024-07-05,train,1,-0.0018933008361077253,0.0071456506135610387,-0.011716989687420076,-0.009823688851312351
2024-07-08,train,1,0.0011730499016550655,0.0040559838482872035,-0.0028672491394248212,-0.0040402990410798867
2024-07-09,train,1,0.0043815180039545876,-0.0013745299553013512,-0.0034583202505057975,-0.0078398382544603851
2024-07-10,train,1,-0.010376541953868279,0.010434079857728595,-0.0019339281593565016,0.0084426137945117774
2024-07-11,train,1,-0.010990001952873363,0.00028302806514218792,0.003586477173293412,0.014576479126166775
2024-07-12,train,1,-0.013885728667331843,0.0089329391745870956,-0.0028037481011308207,0.011081980566201022
2024-07-15,train,1,-0.005944555521080308,0.0073036085504796788,-0.0042517190066846955,0.0016928365143956126
2024-07-16,train,1,0.0038766633378710669,-0.00033823680406241952,-0.0044446413325739398,-0.0083213046704450067
2024-07-17,train,1,-0.003145666777723044,0.0011894240486189922,0.0009323755965893743,0.0040780423743124183
2024-07-18,train,1,-0.011323501622270971,0.0052829629120989541,0.00062069433924472062,0.011944195961515691
2024-07-19,train,1,-0.0031021809538308576,0.0010334003366024302,0.0010409645112671728,0.0041431454650980304
2024-07-22,train,1,-0.002065998140717118,-5.3749591202356672e-05,0.0014751527189078018,0.0035411508596249197
2024-07-23,train,1,0.0059118621370963242,-0.013199473871240097,0.003658811042427601,-0.0022530510946687232
2024-07-24,train,1,-0.011934652817725433,0.0017889280792009465,0.0059115110296421025,0.017846163847367535
2024-07-25,train,1,0.0039149917509005983,-0.016500639449203103,0.0089596618817613938,0.0050446701308607955
2024-07-26,train,1,-0.0056506730997801791,0.0061551077442881796,-0.0030860903784069582,0.0025645827213732209
2024-07-29,train,1,0.0064442835246348862,-0.0056166849360334004,0.00011321583381901368,-0.0063310676908158725
2024-07-30,train,1,-0.001799281497292804,0.0013322118385752368,0.0017575181517980321,0.003556799649090836
2024-07-31,train,1,0.00014107183340239526,0.0032376021806254096,-0.0047454006153854755,-0.0048864724487878708
2024-08-01,train,1,0.0010125152294449546,-0.014042129692466099,0.010746898370278646,0.0097343831408336912
2024-08-02,train,1,0.0074904476249120777,-0.010946344058738844,-0.0012703978599034604,-0.0087608454848155382
2024-08-05,train,1,-0.001451654456114615,-0.00028887790839143834,-0.00084871137351705261,0.00060294308259756235
2024-08-06,train,1,0.0060001565488336794,-0.0059265366679518983,0.00014921269562179207,-0.0058509438532118874
2024-08-07,train,1,-0.011769972333954826,0.0021923655397594333,0.0031368514253138358,0.014906823759268661
2024-08-08,train,1,0.001001770124139878,-0.0089742960134352456,-0.0009812655376170154,-0.0019830356617568934
2024-08-09,train,1,-0.015836885717050331,0.0047129200442994623,0.0047049985676766992,0.02054188428472703
2024-08-12,train,1,-0.002823993214405518,0.0036083856448116958,-0.0024055280875908691,0.00041846512681464887
2024-08-13,train,1,-0.01178870579218988,0.0060273286897227218,0.0037349794833803629,0.015523685275570243
2024-08-14,train,1,-0.00026031149950322963,-0.0077258093186681753,0.0048853112048951042,0.0051456227043983338
2024-08-15,train,1,-0.0084141005781226963,-0.0049019439729141023,0.0085630701793382169,0.016977170757460913
2024-08-16,train,1,-0.0043901555828650962,-0.0072464319409808464,0.0062989150300284402,0.010689070612893536
2024-08-19,train,1,0.0057787932472375125,-0.011589396495566118,0.0032816081057693292,-0.0024971851414681834
2024-08-20,train,1,-0.0076543816617080096,-0.0037664994420564812,0.0066190651928543787,0.014273446854562388
2024-08-21,train,1,-0.017200312994033906,0.0067232270846523945,0.010880128266751443,0.028080441260785349
2024-08-22,train,1,-0.015452068395698848,0.0043432035470887254,0.0054784906764027141,0.020930559072101562
2024-08-23,train,1,0.0033651573200066398,-0.0056381344609211514,-0.0049025425380874177,-0.0082676998580940575
2024-08-26,train,1,-0.015628092943733407,0.0081484105401610218,0.0015083110123573773,0.017136403956090784
2024-08-27,train,1,-0.0099490564888503052,0.0052054067794413128,0.0020409459296802934,0.011990002418530599
2024-08-28,train,1,-0.0044042601674077475,0.0062415018331202221,-0.0061565500390438066,-0.0017522898716360591
2024-08-29,train,1,-0.0085537774812445844,-0.0057812577910987262,0.011135573273583388,0.019689350754827972
2024-08-30,train,1,-0.011279096988214332,-0.0054825357593089041,0.0083825729859400844,0.019661669974154417
2024-09-02,train,1,-0.012154811068510518,0.0080276118927338214,-0.00435817314064324,0.0077966379278672782
2024-09-03,train,1,0.0036463395838555179,-0.0083707895724292047,0.0021952931062722003,-0.0014510464775833176
2024-09-04,train,1,-0.010127760979018963,-0.00064835708517141377,0.013084364682317273,0.023212125661336236
2024-09-05,train,1,-0.0018945490841112966,0.0046813890994266694,-0.0057854753332988729,-0.0038909262491875762
2024-09-06,train,1,-0.0024072906660415061,0.0091863556966945703,-0.0088886370103262169,-0.0064813463442847108
2024-09-09,train,1,0.00024579378346362146,0.0033670125381241034,-0.0016233889490102626,-0.0018691827324738841
2024-09-10,train,1,-0.0035917311887089243,0.00034840617228565351,-0.0039193361859082843,-0.00032760499719935998
2024-09-11,train,1,0.0010982165008032174,0.0012479428998369846,-0.0055100424321439245,-0.006608258932947142
2024-09-12,train,1,-0.015116205433151786,-0.010082433021829373,0.019575021409031224,0.034691226842183009
2024-09-13,train,1,-0.002123189993043062,-0.0027699241197495783,-0.00023719675060140943,0.0018859932424416526
2024-09-16,train,1,0.0056850209997224566,0.00017490183785368041,-0.0078737101629213213,-0.013558731162643778
2024-09-17,train,1,0.0093500135418183028,-0.0041099063006311276,-0.0065683163987081961,-0.015918329940526499
2024-09-18,train,1,-0.0094749504724747635,0.00076622170095108633,-0.00037830797591764664,0.0090966424965571169
2024-09-19,train,1,-0.003181105664761652,-0.0059256174860336519,0.0033208055395905767,0.0065019112043522287
2024-09-20,train,1,-0.0040841057239280332,0.0042575466286116082,-0.0024252931473929817,0.0016588125765350514
2024-09-23,train,1,-0.0094551621842492994,-0.0028616694130969567,0.0098189569612704419,0.019274119145519741
2024-09-24,train,1,-0.0031859541144778625,0.0023783619911045828,-0.0020415088084599908,0.0011444453060178716
2024-09-25,train,1,-0.0071106850768151153,0.001865417085508414,2.5299371627929279e-05,0.0071359844484430446
2024-09-26,train,1,-0.019371981142101646,0.023297239122833657,-0.007423643619424436,0.01194833752267721
2024-09-27,train,1,-0.020710687556588558,0.010364644805862189,0.0081250394674939885,0.028835727024082547
2024-09-30,train,1,0.0034794358362694178,-0.0016783508895376609,-0.0010175290957120109,-0.0044969649319814287
2024-10-01,train,1,-0.0019872517418417779,0.0066794816401075652,-0.0062456481635763672,-0.0042583964217345893
2024-10-02,train,1,-0.0029150094186344844,0.0051125488073104908,-0.0047799422471838104,-0.0018649328285493261
2024-10-03,train,1,-0.0025225069297571956,-0.0097903988767744088,0.0059144836486753061,0.0084369905784325017
2024-10-04,train,1,-0.0043002890799976878,-0.0089163302185926718,0.013764315969533869,0.018064605049531557
2024-10-07,train,1,0.002796679672090574,-0.011873940999495125,0.0093781419827364543,0.0065814623106458803
2024-10-08,train,1,-0.0072640241367686875,-0.0032866777244142109,0.0027711019868321696,0.010035126123600857
2024-10-09,train,1,0.0078562742636311134,0.0022518634657270886,-0.012359652375993735,-0.020215926639624848
2024-10-10,train,1,0.0019501144843016016,-0.010675546830823335,0.010396273760353014,0.0084461592760514126
2024-10-11,train,1,0.012323991066142792,-0.0022853046667820065,-0.013226207286320735,-0.025550198352463527
2024-10-14,train,1,-0.0023909551789598749,0.0055617422400763283,-0.0062049195782576394,-0.0038139643992977645
2024-10-15,train,1,0.0041863419184063888,0.00088718518093061638,-0.0022366578119120684,-0.0064229997303184572
2024-10-16,train,1,-0.0019997036626219766,7.6351717798517349e-05,-0.0019691802223387178,3.0523440283258818e-05
2024-10-17,train,1,-0.007682502242796152,0.013887865217437234,-0.010644670800669054,-0.0029621685578729018
2024-10-18,train,1,-0.0044721680168597344,0.0042392091096440376,0.0036340110140557491,0.0081061790309154835
2024-10-21,train,1,0.0018581684238312968,0.0020720830632777187,-0.0095001007560421846,-0.011358269179873481
2024-10-22,train,1,-0.0090130068383921791,0.0012178222044778586,0.0039795912135404676,0.012992598051932647
2024-10-23,train,1,-0.0081342092491369922,0.0013493967277300456,0.0021491826470156905,0.010283391896152683
2024-10-24,train,1,-0.010507469090108745,0.0034585420309984904,0.0059403912589695018,0.016447860349078247
2024-10-25,train,1,-0.0025413489340122553,0.0038583024950878952,-0.0024127043538241799,0.00012864458018807534
2024-10-28,train,1,-0.0035025721705735924,-0.00020012304527777802,-0.0015087541612570088,0.0019938180093165836
2024-10-29,train,1,-0.0006272146903562037,-0.0015096198884957945,0.0063130395241612902,0.0069402542145174939
2024-10-30,train,1,0.0055789224781142011,0.010336333838549594,-0.014289588004714249,-0.01986851048282845
2024-10-31,train,1,-0.00791927900645234,0.0019858417665873374,0.0012012159343477435,0.0091204949408000835
2024-11-01,train,1,0.0016946744160144522,0.0093034991397410449,-0.0089809619244244354,-0.010675636340438888
2024-11-04,train,1,-0.0057044007584423073,0.0080482879886281111,0.0015800484980700302,0.0072844492565123375
2024-11-05,train,1,0.0011117220884638845,0.010734636478608173,-0.01290595139915951,-0.014017673487623394
2024-11-06,train,1,0.00024445717848936566,0.0010532557945259202,-0.0017666431940407956,-0.0020111003725301613
2024-11-07,train,1,0.0044623093212833309,-0.0018427968819741958,-0.0055547940565217058,-0.010017103377805037
2024-11-08,train,1,-0.0017428415583027324,0.016953763330431193,-0.017493896514249041,-0.015751054955946309
2024-11-11,train,1,0.0020598060907892624,-0.0081754412637196627,0.0063247626361153664,0.004264956545326104
2024-11-12,train,1,-0.0031979811384467705,-0.0024755840300128562,0.010308098070369698,0.013506079208816468
2024-11-13,train,1,-0.00090508230451441518,-0.0040322340930760703,0.0055541628615781713,0.0064592451660925865
2024-11-14,train,1,-0.0045877050931423247,0.0039114817155636583,0.0027441401336089077,0.0073318452267512324
2024-11-15,train,1,-0.017643125708155016,7.7295105422592325e-05,0.021390375916447102,0.039033501624602118
2024-11-18,train,1,0.010818522268355446,-0.0096210455520908122,-0.0025379556096105649,-0.013356477877966011
2024-11-19,train,1,-0.0043434686195650829,0.009535409874255274,-0.0054272433424027433,-0.0010837747228376604
2024-11-20,train,1,-0.0027745557586024705,-0.0068222498203477921,0.0060035525439036119,0.0087781083025060824
2024-11-21,train,1,-0.0055818648644563873,0.010507536945780327,0.00040888696210455988,0.0059907518265609472
2024-11-22,train,1,-0.00079453390370359811,0.0049201163536141124,0.0014195557685707794,0.0022140896722743775
2024-11-25,train,1,-0.00019418772766494063,-0.0069374527787468554,0.0051807698062682483,0.005374957533933189
2024-11-26,train,1,-0.00033457662300445667,0.004324913232452765,-0.0023992519206923468,-0.0020646752976878902
2024-11-27,train,1,0.0064436158954627176,0.0038572038904910455,-0.0097604535881126164,-0.016204069483575334
2024-11-28,train,1,0.0022037965952650951,0.0054451086203880505,-0.0020799944587931996,-0.0042837910540582946
2024-11-29,train,1,-0.0039205523477553461,0.0032541414112174372,0.00026802896553873579,0.0041885813132940819
2024-12-02,train,1,0.001729300008071033,-0.002385789470318922,0.0048887256944106783,0.0031594256863396453
2024-12-03,train,1,-0.0089900238948305011,-0.0036999779137643074,0.011725297111652933,0.020715321006483434
2024-12-04,train,1,-0.00088205367844013116,-0.0039583772983453058,0.0052622143459113424,0.0061442680243514736
2024-12-05,train,1,-0.0014272796039593305,-0.00055963643295381393,0.0017300883932403477,0.0031573679971996782
2024-12-06,train,1,-0.00014099987865062724,0.0012300720773095741,0.0070094501193475045,0.0071504499979981317
2024-12-09,train,1,-0.0045439748843036365,0.0006240123217289284,0.0065797066226714884,0.011123681506975125
2024-12-10,train,1,-0.0090399112333440779,0.0019813763378807581,0.010367929592268732,0.01940784082561281
2024-12-11,train,1,0.0065317565676272782,-0.001379682657297876,-0.0029971045173423083,-0.0095288610849695865
2024-12-12,train,1,0.0093953870141634255,0.0023380377706688771,-0.0071997096309973085,-0.016595096645160734
2024-12-13,train,1,-0.0099111937927652827,-0.0039513105989062436,0.012414327024322991,0.022325520817088274
2024-12-16,train,1,0.0033798838912857954,0.0031419835290967812,-0.0066764085481178514,-0.010056292439403647
2024-12-17,train,1,-0.00013725053180874136,0.012041635795717265,-0.0036528459291113591,-0.0035155953973026177
2024-12-19,validation,1,0.0094213387457745545,0.0082275550045228796,-0.018931526905518914,-0.028352865651293468
2024-12-20,validation,1,0.0066678076973156197,0.0027211811409885711,0.0023890902522779589,-0.0042787174450376608
2024-12-23,validation,1,0.011439066697802702,-0.0005821002968477984,-0.0094469538223787008,-0.020886020520181403
2024-12-24,validation,1,-0.0047659918992479788,0.0038237332043908889,0.0014912681402394767,0.0062572600394874556
2024-12-25,validation,1,0.0066192070234390998,0.0094389770752819069,-0.0065376382165039937,-0.013156845239943094
2024-12-26,validation,1,0.0024988051674783018,0.00099432186540371337,0.00018270340296100418,-0.0023161017645172977
2024-12-27,validation,1,-0.0014742462041631432,0.0020845735801284238,0.0077523299480156682,0.0092265761521788114
2024-12-30,validation,1,-0.01102565743323658,0.0093012344324122087,-0.00045645449650066894,0.010569202936735911
2024-12-31,validation,1,-0.010706524112304605,0.0053961161287610082,0.013617842975850225,0.02432436708815483
2025-01-01,validation,1,-0.0073380806662600717,0.0072514604503147728,0.0012333234412236771,0.0085714041074837488
2025-01-02,validation,1,-0.0029616210247609409,0.005933419858982325,-0.0031932680405820091,-0.00023164701582106817
2025-01-03,validation,1,0.0035661410606911415,-0.0050434063889138181,0.0032435188648587965,-0.00032262219583234497
2025-01-06,validation,1,0.018558277987259619,-0.0081551507520355448,-0.0052755325458980207,-0.02383381053315764
2025-01-07,validation,1,-0.0047141119452645541,0.00056403297716056677,0.0023880631054762347,0.0071021750507407888
2025-01-08,validation,1,0.0060246462022238711,-0.018109985558274699,0.022761611602206244,0.016736965399982373
2025-01-09,validation,1,-0.0012549295542293448,0.015984087526410895,-0.011640751453236564,-0.010385821899007219
2025-01-10,validation,1,-0.0015834749115921087,0.0054039372533409846,0.0033059676793976145,0.0048894425909897232
2025-01-13,validation,1,0.0010566468595103462,-0.0042412731227724487,0.0031508467119502614,0.0020941998524399152
2025-01-14,validation,1,-0.0027552317488983569,-0.0040550079036042463,0.0045926938695641795,0.0073479256184625363
2025-01-15,validation,1,0.0053777577879148275,-0.0057160846071185323,0.0077914539144373629,0.0024136961265225354
2025-01-16,validation,1,-0.0040052067623393972,-0.003588512705806346,0.00893676534945681,0.012941972111796207
2025-01-17,validation,1,0.0061641339025473307,0.00099280175134286441,-0.002248523792209578,-0.0084126576947569087
2025-01-20,validation,1,0.0011525267649226123,0.00018467266554056394,-0.00045448873459269512,-0.0016070154995153074
2025-01-21,validation,1,0.018793438232865278,-0.012778848134902099,0.0025558146254929803,-0.016237623607372298
2025-01-22,validation,1,-0.0058045254244925015,-0.0066414048393965142,0.014323017698478879,0.020127543122971381
2025-01-23,validation,1,-0.0018897801710553996,0.00091783395864508677,0.012634715279008391,0.01452449545006379
2025-01-24,validation,1,0.00027979120434662441,0.0086622416428371318,-0.0024418823013372393,-0.0027216735056838637
2025-01-27,validation,1,0.010994435239529032,-0.008883601471002367,-0.00021886518790825704,-0.011213300427437289
2025-01-28,validation,1,-0.0022310170914643934,0.012343912718761063,-0.0066410148551857007,-0.0044099977637213073
2025-01-29,validation,1,0.0045940916294596734,-0.00027632213624739776,0.0016330836682538208,-0.0029610079612058526
2025-01-30,validation,1,0.0026778674050206841,-0.0037342308291996584,0.0013560737452076865,-0.0013217936598129976
2025-01-31,validation,1,0.0041152131826737159,0.006431863022485107,-0.0049164798420635591,-0.0090316930247372751
2025-02-03,validation,1,0.014657491794157318,-0.01118471476490851,0.004251652513276194,-0.010405839280881124
2025-02-04,validation,1,0.0087772681126594421,-0.0082328523275266852,0.0066553923782242119,-0.0021218757344352301
2025-02-05,validation,1,0.015207647435282801,-0.0034347505833772773,-0.011939149834260421,-0.027146797269543221
2025-02-06,validation,1,-0.0026681337211726941,0.011720269826764884,-0.0029396685636183251,-0.00027153484244563098
2025-02-07,validation,1,0.015817116360490657,-0.0038481449045245641,-0.013229527854658085,-0.029046644215148743
2025-02-10,validation,1,-0.00054168989710756676,-0.0060804827390356642,0.0066042271652029805,0.0071459170623105472
2025-02-11,validation,1,-0.0039389990387694862,-0.00080429459091535538,0.0066052381666583115,0.010544237205427798
2025-02-12,validation,1,-0.0084802935450392081,-0.003367242810574711,0.019957756699537033,0.028438050244576241
2025-02-13,validation,1,0.0077247308314742913,0.00079792659002314581,-3.2012121361113532e-05,-0.0077567429528354048
2025-02-14,validation,1,0.0074133543466420315,-0.0092020145540039344,0.0078626303364689454,0.00044927598982691386
2025-02-17,validation,1,-0.0065761953992125588,-0.00025970258345064945,0.014172625576853393,0.020748820976065951
2025-02-18,validation,1,-8.4476067830352441e-06,-0.00017301838960870342,0.003962106179299929,0.0039705537860829643
2025-02-19,validation,1,0.0027621581090576108,0.00083635812183419089,-0.00075182069802642859,-0.0035139788070840394
2025-02-20,validation,1,0.0029263305271061135,-0.0045385061531685311,0.0048467361479811455,0.001920405620875032
2025-02-21,validation,1,0.0034929334662841538,-0.015869847377530333,0.0079290691543653091,0.0044361356880811553
2025-02-24,validation,1,-0.0054650955290108105,0.0025846713162993029,0.0088061477691943058,0.014271243298205116
2025-02-25,validation,1,0.011220588898857242,-0.0030389018061200423,-0.010461011795051767,-0.021681600693909009
2025-02-26,validation,1,-0.0087248883289333112,0.0093424978134413195,0.0012926268567362009,0.010017515185669512
2025-02-27,validation,1,0.00045439776921502029,0.012112413824202251,-0.011155855656961589,-0.011610253426176609
2025-02-28,validation,1,0.013998926125936784,0.01330597067005912,-0.017037147882537185,-0.031036074008473968
2025-03-03,validation,1,0.0016490861826373715,-0.0069474862898281642,0.005224350132123079,0.0035752639494857075
2025-03-04,validation,1,-0.0054375570231237069,0.011959132525065419,-6.1367259672318042e-05,0.0053761897634513889
2025-03-05,validation,1,0.0067746246531660281,0.0017037652874942188,-0.0014305296037050996,-0.0082051542568711278
2025-03-06,validation,1,0.0010394189326191072,0.0066555350393831536,-0.00067329119268466631,-0.0017127101253037735
2025-03-07,validation,1,-0.00083564351363990541,0.0011334207290800147,-0.002229544423858254,-0.0013939009102183486
2025-03-10,validation,1,0.0018249106992644926,0.0050931831094718216,-0.0058783329827347686,-0.0077032436819992611
2025-03-11,validation,1,0.010559724795247472,-0.004513064560931257,0.0010567644826954825,-0.009502960312551989
2025-03-12,validation,1,0.00047328465911311568,0.00288772122077674,0.004173055651571389,0.0036997709924582733
2025-03-13,validation,1,0.00025016942453326418,0.0036037860142140166,0.0019736777626432334,0.0017235083381099692
2025-03-14,validation,1,-0.0038035122865094917,0.0068156082220010572,-0.0026924578744255134,0.0011110544120839783
2025-03-17,validation,1,0.0043309013253208795,-0.0012032505004569982,0.0011964934155289098,-0.0031344079097919697
2025-03-18,validation,1,0.013616465570516101,0.009092014917258473,-0.012435120072288974,-0.026051585642805075
2025-03-19,validation,1,-0.0043128456243343161,0.0046360049979317086,0.00041483809387993231,0.0047276837182142484
2025-03-20,validation,1,-0.0066008358124221012,-0.0013334741363792424,0.011391505582791672,0.017992341395213773
2025-03-21,validation,1,0.0048999288407969299,-0.0046159893156899612,0.0027109526483985458,-0.0021889761923983841
2025-03-24,validation,1,-0.00038014230555744044,-0.0050353405454625633,0.013816785739905302,0.014196928045462742
2025-03-25,validation,1,0.001020012123728653,-0.0027664686057511378,-2.4460453800168036e-05,-0.0010444725775288211
2025-03-26,validation,1,-0.0015251546945162509,0.0036349114935806948,-0.00086131579593601293,0.00066383889858023792
2025-03-27,validation,1,0.0047046618685443464,-0.01001861124825465,0.0092563053105695348,0.0045516434420251883
2025-03-28,validation,1,-0.00054399184383929766,-0.0020946877624776761,0.0021445518759526383,0.002688543719791936
2025-03-31,validation,1,0.0075779115164947841,-0.02016203896999802,0.0087813044557976117,0.0012033929393028275
2025-04-01,validation,1,0.017843749660758523,-0.010145612634752554,-0.0022938557944814364,-0.02013760545523996
2025-04-02,validation,1,0.0001284191309075533,0.0042133887195475173,0.0038640755716349839,0.0037356564407274306
2025-04-03,validation,1,0.0069379176576435109,0.0062284248898527572,-0.012090182752299061,-0.019028100409942572
2025-04-04,validation,1,2.1882071225554078e-06,0.0081534065800504818,-0.0048421421550137733,-0.0048443303621363287
2025-04-07,validation,1,0.0058594800649687251,-0.0067098368609281311,0.0054914339637791021,-0.000368046101189623
2025-04-08,validation,1,0.005529529567231628,0.00024658809013017313,-0.0041135911803076852,-0.0096431207475393133
2025-04-09,validation,1,-0.009291000185447873,-2.0390205436982001e-05,0.0064358680558026515,0.015726868241250525
2025-04-10,validation,1,0.0038056082660392621,-0.011799774290388698,0.0088572863953927383,0.0050516781293534763
2025-04-11,validation,1,0.0061262594820870597,0.0083889480557188811,-0.01056219345772702,-0.01668845293981408
2025-04-14,validation,1,0.0043549889570911882,0.0018334020163972564,-0.0050209380232218437,-0.0093759269803130318
2025-04-16,test,1,0.016286554451179436,-0.00017524320155754003,-0.016260807850400294,-0.03254736230157973
2025-04-17,test,1,-0.0044978664060590923,0.015234851861367638,-0.0046708016988302181,-0.00017293529277112585
2025-04-18,test,1,-0.0037595338320151606,0.0033577589840532163,0.004135535072460006,0.0078950689044751665
2025-04-21,test,1,0.0085069133748740811,-0.0045116024082912931,-0.0018151686737215011,-0.010322082048595582
2025-04-22,test,1,-0.0095340896815873655,0.0081566038942284536,0.005365526489604755,0.01489961617119212
2025-04-23,test,1,-0.010154588813273691,-0.01085875017409943,0.02436780149914719,0.034522390312420881
2025-04-24,test,1,-0.012105084121490806,0.016854294618681043,-0.0029845061237738224,0.0091205779977169832
2025-04-25,test,1,-0.014996238450356636,0.001611511776005381,0.017703646789733352,0.032699885240089988
2025-04-28,test,1,0.0010756523013795705,-0.0030340185407667364,0.0028024253248675746,0.0017267730234880041
2025-04-29,test,1,-0.012025523801711679,0.00040700574543017787,0.0045171492116815037,0.016542673013393183
2025-04-30,test,1,-0.010733426812689628,4.531740846402954e-05,0.0090051886193220909,0.019738615432011719
2025-05-01,test,1,0.00056149874530347921,-0.0037022010453875986,0.0036356074145293404,0.0030741086692258612
2025-05-02,test,1,-0.0023472020734896515,0.0093288973231286931,-0.0057233526882183305,-0.0033761506147286791
2025-05-05,test,1,-0.0022413022685228157,0.0070113121375263154,0.0020738424560621249,0.0043151447245849406
2025-05-06,test,1,-0.00053632926871816089,0.0069456054789482358,-0.003690589834756286,-0.0031542605660381251
2025-05-07,test,1,-0.0018245032257823701,0.0076045538380011823,-0.0060253057112581998,-0.0042008024854758297
2025-05-08,test,1,0.0042402803715694826,0.0066110449249050518,-0.0048936548407781943,-0.0091339352123476769
2025-05-09,test,1,0.0025499305842074382,-0.0022949491466536798,0.0016319536808070967,-0.00091797690340034155
2025-05-12,test,1,0.00038653440401281713,-0.0047134802677593624,0.0069344270351645587,0.0065478926311517416
2025-05-13,test,1,0.0079678516055023962,-0.0088131871698189923,-0.0043973005945438515,-0.012365152200046248
2025-05-14,test,1,-0.0041561450302012304,-0.00082310983930700132,0.0036860240259917187,0.0078421690561929491
2025-05-15,test,1,0.0043550434777298586,0.0028304325951443721,-0.0068781461297157676,-0.011233189607445626
2025-05-16,test,1,-0.00019494669398212316,0.0076141139277853265,-0.0085575901741968829,-0.0083626434802147598
2025-05-19,test,1,-0.0015819217536292007,-0.011352668004330213,0.016540720058226932,0.018122641811856133
2025-05-20,test,1,-0.0068709502748837137,-0.0037480079333323535,0.009810380885927894,0.016681331160811608
2025-05-21,test,1,3.221729488195324e-05,-2.6840546885564809e-05,0.0013481615059172669,0.0013159442110353137
2025-05-22,test,1,0.00026468683523694914,0.0006982842429463787,-0.0026835242103321333,-0.0029482110455690824
2025-05-23,test,1,-0.019294798808351665,0.0067132554719031567,0.0050615978344529244,0.02435639664280459
2025-05-26,test,1,0.0080475768701748773,-0.015394020379149109,0.0095325031290751649,0.0014849262589002876
2025-05-27,test,1,-0.0080490660677814962,0.0046305292606332316,0.0081459897175195639,0.01619505578530106
2025-05-28,test,1,0.008789660338772487,0.0038518350096504728,-0.013323450375733459,-0.022113110714505946
2025-05-29,test,1,-0.010965307065893493,-0.00098743771248105405,0.013444842755222064,0.024410149821115557
2025-05-30,test,1,0.012063491809920501,-0.010905166333019412,-0.0022544068024143438,-0.014317898612334845
2025-06-02,test,1,-0.0035209350874056966,0.0038498551734416075,-0.0023865330757728009,0.0011344020116328957
2025-06-03,test,1,-0.009842879328484877,0.010536863940854513,0.0016721288050774996,0.011515008133562377
2025-06-04,test,1,0.004742410059595914,-0.009305466227145065,0.00064226090811658754,-0.0041001491514793265
2025-06-05,test,1,-0.0055323013509891439,-0.0064405560812099694,0.0072319888205465421,0.012764290171535686
2025-06-06,test,1,0.00050281629702270125,-0.0037895120649046876,0.0038560405184631108,0.0033532242214404095
2025-06-09,test,1,-0.0069224255736285989,0.0030373252219834113,-0.0029929184269575915,0.0039295071466710074
2025-06-10,test,1,0.0074413391155795372,-0.0094623461295448852,0.0031950411814528623,-0.0042462979341266749
2025-06-11,test,1,-0.0019174499039684711,0.0038565104660850391,-0.0040762087577910777,-0.0021587588538226066
2025-06-12,test,1,-0.0057995735738132215,0.0038052740404822538,-0.0035155717194117475,0.002284001854401474
2025-06-13,test,1,0.0031895791425032294,0.0057626509814924232,-0.0092734371566760565,-0.012463016299179286
2025-06-16,test,1,-0.0016838660037389319,-0.0021702301264405199,-0.00020107319745715779,0.0014827928062817741
2025-06-17,test,1,0.0017301567237427706,0.00070036893687347446,-0.0084310767360883387,-0.010161233459831109
2025-06-18,test,1,-0.0024010719028227934,-0.011887820420862005,0.007043817305054878,0.0094448892078776714
2025-06-19,test,1,0.0041944817366116327,-0.008362246545287777,0.0018592418559367774,-0.0023352398806748553
2025-06-20,test,1,0.0061643648851825716,0.00027708901843642719,-0.013554512247700601,-0.019718877132883172
2025-06-23,test,1,-0.011318315105532606,0.010515700605213563,-0.0036223465234157537,0.0076959685821168522
2025-06-24,test,1,0.005871868880434894,-0.0018721417324237266,-0.0078380734516207418,-0.013709942332055636
2025-06-25,test,1,0.0062625312294398161,-0.015023303545664835,0.0063999969968687731,0.000137465767428957
2025-06-26,test,1,-0.0023304327965298355,0.0047692857366865016,-0.0055484663819990732,-0.0032180335854692377
2025-06-27,test,1,-0.0094849540587242376,0.0062841622375917616,-0.00096532941213339774,0.0085196246465908398
2025-06-30,test,1,-0.001335471015116052,-0.0072369568171954946,0.0051052705637293361,0.0064407415788453881
2025-07-01,test,1,-0.0034554896624550135,0.00030383506161507645,-0.00053544850820674839,0.0029200411542482652
2025-07-02,test,1,0.001759324204838153,0.001839825214567159,-0.0034898610195001067,-0.0052491852243382597
2025-07-03,test,1,0.0027531434770788343,-0.00084231940222850854,-0.0031613458546144169,-0.0059144893316932512
2025-07-04,test,1,-0.00041066326836658451,0.0010165885952402864,-0.0049795996939854814,-0.0045689364256188969
2025-07-07,test,1,-0.005976374784669114,-0.0034444825090124143,0.0064386596229315529,0.012415034407600667
2025-07-08,test,1,-0.0052170796343689041,-0.0077540604980534389,0.00086666537021407031,0.0060837450045829744
2025-07-09,test,1,-0.0016035715824543328,0.013725449931139222,-0.0093767865414509655,-0.0077732149589966326
2025-07-10,test,1,-0.0052607604375995431,-0.0084268498063073682,0.010350634304292394,0.015611394741891937
2025-07-11,test,1,0.010550628317037791,-0.0051027665651782739,-0.0055492663663953001,-0.016099894683433091
2025-07-14,test,1,0.0029939448842550287,-0.0076110970480857687,0.00021127189176917138,-0.0027826729924858573
2025-07-15,test,1,-0.0064642496680138994,-0.0050228122629864536,0.0013036775593109895,0.0077679272273248889
2025-07-16,test,1,-0.012124837350126816,-0.00010345519329707509,0.0072344141416793573,0.019359251491806173
2025-07-17,test,1,-0.00023921343198313183,0.0028571172566319025,-0.00021574044321448493,2.3472988768646896e-05
2025-07-18,test,1,-0.0044323405990429054,-0.00083365915877459118,-0.0017784611819160467,0.0026538794171268587
2025-07-21,test,1,-0.012980453880025777,-0.0018040927892680192,0.0097978502411424917,0.022778304121168269
2025-07-22,test,1,-0.0072747391205923995,0.005773280219472543,0.0021779044675316883,0.0094526435881240878
2025-07-23,test,1,0.006029971733667927,-0.0096388534102259671,-0.0053586071184270057,-0.011388578852094933
2025-07-24,test,1,-0.0043707447698674295,-0.0068696461855178304,0.0043510675780195629,0.0087218123478869924
2025-07-25,test,1,0.0087843458325583823,0.0017531701113780995,-0.011626680731479822,-0.020411026564038204
2025-07-28,test,1,0.0066662265019793443,-0.0075653797728000849,-0.0013293838179834205,-0.0079956103199627648
2025-07-29,test,1,-0.0098837658922016902,0.0053355219910096729,-0.0051580121548254754,0.0047257537373762148
2025-07-30,test,1,0.0063812986331229782,-0.005588043614759064,0.0037564350933543267,-0.0026248635397686515
2025-07-31,test,1,-0.0032817407507575447,0.011183438606196694,-0.012700990223216968,-0.0094192494724594233
2025-08-01,test,1,0.0025645812745870855,0.0064573162654538163,-0.0085872214877264486,-0.011151802762313534
2025-08-04,test,1,-0.0030065942165138915,0.00098125571121560062,-0.0060164521943669724,-0.003009857977853081
2025-08-05,test,1,0.0041264074738489587,0.011596679787586606,-0.018783382780850955,-0.022909790254699913
2025-08-06,test,1,-0.0060095874794964255,0.0074246705990042572,-0.0038655209502010401,0.0021440665292953853
2025-08-07,test,1,0.0037809758574599561,0.0062920546649920528,-0.011660798484516288,-0.015441774341976244
2025-08-08,test,1,-0.0061844157758111362,-0.0018413818933797899,0.0049135333454609076,0.011097949121272044
2024-01-16,train,5,0.020604518183714116,0.00077548659773990503,-0.011190707892262619,-0.031795226075976735
2024-01-17,train,5,0.016478896358439576,-0.0071782352565046281,0.005797294128954078,-0.010681602229485498
2024-01-18,train,5,0.0095727087724481463,0.0097621291413751976,-0.00053528610965203338,-0.01010799488210018
2024-01-19,train,5,0.025095589143357411,-0.0070897859226183302,0.0025251756707831419,-0.022570413472574269
2024-01-22,train,5,0.0094245147802985985,0.0068901497672501089,0.0047287625545091028,-0.0046957522257894957
2024-01-23,train,5,0.023413520556681333,-0.0060880766843464107,0.00828014067660654,-0.015133379880074793
2024-01-24,train,5,-0.0059475137417624446,0.011783456522977964,0.023442349857003664,0.029389863598766108
2024-01-25,train,5,0.0072431401709694976,0.00043727269715115868,0.02540472923922743,0.018161589068257933
2024-01-26,train,5,0.023384819117256095,-0.0035187720667123057,0.011457628739833359,-0.011927190377422736
2024-01-29,train,5,-0.017746047652802577,0.020893784693088113,0.019749446761991862,0.037495494414794439
2024-01-30,train,5,-0.021727896653694456,0.021764611869011241,0.023238181303376848,0.044966077957071304
2024-01-31,train,5,-0.013803706206965805,0.014353091798000817,0.021676480362553763,0.035480186569519567
2024-02-01,train,5,-0.0091776032600519586,0.0041933706484127975,0.019359221004315197,0.028536824264367155
2024-02-02,train,5,-0.0054288341559024511,0.014913883267554107,0.010837752698152348,0.016266586854054799
2024-02-05,train,5,-0.00035448370471863333,0.0030662218013858822,0.02021748035580706,0.020571964060525694
2024-02-06,train,5,0.0038226660768078125,0.014368657223860826,0.00086551089197600684,-0.0029571551848318056
2024-02-07,train,5,0.0029077306732231412,0.0030544316534233396,0.012931267809175084,0.010023537135951943
2024-02-08,train,5,0.0055729001890734153,0.00050562064514653171,0.020523018838278784,0.014950118649205368
2024-02-09,train,5,0.0079035035551291433,0.011535667066017719,0.0036310926554121159,-0.0042724108997170274
2024-02-12,train,5,0.0071099627973263413,0.015682978662902025,0.0034261552477358737,-0.0036838075495904676
2024-02-13,train,5,-0.0026051700586972593,0.012926561047800988,0.017217988603598688,0.019823158662295948
2024-02-14,train,5,0.012141289844276093,0.013771226226826139,0.00018091421224797344,-0.01196037563202812
2024-02-15,train,5,0.025735450106279201,0.0088740490452748899,-0.0090914074932001432,-0.034826857599479344
2024-02-16,train,5,0.035125285567358389,-0.0056365012466283448,-0.0095598957205367818,-0.04468518128789517
2024-02-19,train,5,0.014210166993200879,0.0074817982934370919,-0.013350792569266412,-0.027560959562467291
2024-02-20,train,5,0.01993495772363918,-0.0047606785654263906,-0.0047484786819171343,-0.024683436405556314
2024-02-21,train,5,0.024062375884857823,-0.017897414723286653,9.5982921827830747e-05,-0.023966392963029992
2024-02-22,train,5,0.019933271988822332,-0.016403719904005409,0.0011557721841318203,-0.018777499804690512
2024-02-23,train,5,0.013859846040026824,0.013863839285851665,-0.02086214033557382,-0.034721986375600644
2024-02-26,train,5,-0.011635297565108615,0.035278693964542085,-0.0048650353756912734,0.006770262189417342
2024-02-27,train,5,-0.022702644654405968,0.019451298458784627,0.015105456398198713,0.037808101052604681
2024-02-28,train,5,-0.012291534229684209,0.02202322105586052,0.00034504029040716144,0.01263657452009137
2024-02-29,train,5,-0.010285215723321528,0.01086127070199816,0.0018549471661629124,0.01214016288948444
2024-03-01,train,5,-0.013105180771167735,0.010683692512203968,0.0063612883018980271,0.019466469073065762
2024-03-04,train,5,0.0021360869255242498,0.015137840218366061,-0.017578148767970259,-0.019714235693494508
2024-03-05,train,5,0.016063290145277409,0.026661666068273249,-0.039100535992503904,-0.055163826137781313
2024-03-06,train,5,0.038512753743935257,-0.0016975597598251069,-0.032005826884775324,-0.070518580628710581
2024-03-07,train,5,0.05490730252480347,-0.0064201901982947063,-0.033725043722229342,-0.088632346247032812
2024-03-08,train,5,0.049834174731122505,-0.031393783783844276,-0.00050862230987314128,-0.050342797040995646
2024-03-11,train,5,0.018003263830229044,-0.0060991540812792566,0.0060803383599933314,-0.011922925470235712
2024-03-12,train,5,0.02018611671938686,-0.0038336992197722797,0.0031400459613001308,-0.017046070758086729
2024-03-13,train,5,0.0045992762137726517,0.010713349072660472,0.011749435783709683,0.0071501595699370313
2024-03-14,train,5,0.027628821980749896,-0.026223925244260371,0.019411388053882539,-0.0082174339268673569
2024-03-15,train,5,0.020416827556655304,0.046207857474297676,-0.047364357077620378,-0.067781184634275682
2024-03-18,train,5,-0.0038791970339594473,0.012025149472695729,0.0067373187425411873,0.010616515776500635
2024-03-19,train,5,-0.016398449374372459,0.028035601667282972,0.004919670452733671,0.02131811982710613
2024-03-20,train,5,-0.035457853975849218,0.02408206484376596,0.025173897290198921,0.060631751266048139
2024-03-21,train,5,-0.022242560278251056,0.0087725166530167598,0.031786838070904766,0.054029398349155822
2024-03-22,train,5,-0.013992798090186609,0.016371405308127029,0.01420735041714527,0.028200148507331879
2024-03-25,train,5,0.013588012686200968,0.0066158885228576048,-0.0017716065546248272,-0.015359619240825795
2024-03-26,train,5,0.0061721739054641511,0.03536245593558407,-0.017077790627618217,-0.023249964533082368
2024-03-27,train,5,0.0046990011333107873,0.036421365901546654,-0.018253086702906318,-0.022952087836217105
2024-03-28,train,5,0.00039455648015923606,0.030823476883692025,-0.015033627150007001,-0.015428183630166237
2024-03-29,train,5,-0.011246275565180264,0.026372302418566806,-0.00095551518209191499,0.010290760383088349
2024-04-01,train,5,-0.011300301844564598,0.020515644547963841,0.0075337837487632342,0.018834085593327832
2024-04-02,train,5,-0.029751155843721511,-0.0020092876713934671,0.042007735464715035,0.071758891308436545
2024-04-03,train,5,-0.021635091676643181,4.0703396287700144e-05,0.032130400251273561,0.053765491927916742
2024-04-04,train,5,-0.030016962658514057,0.010954242600326625,0.040276562819056339,0.070293525477570395
2024-04-05,train,5,-0.014510054740562828,0.00049501545389230017,0.03261356921270242,0.047123623953265248
2024-04-08,train,5,-0.020182641349977049,0.016582191161196302,0.026079018140050647,0.046261659490027696
2024-04-09,train,5,0.0013292320958002701,-0.0040188894100994799,0.021602171007126691,0.020272938911326421
2024-04-10,train,5,-0.0048035940073116734,0.0023261223756880778,0.019952977272112649,0.024756571279424322
2024-04-11,train,5,0.011485045641466574,-0.016317798971800301,0.020273041464305197,0.0087879958228386235
2024-04-12,train,5,-0.0012392415186461836,-0.0090794225743339174,0.037591729009513797,0.03883097052815998
2024-04-15,train,5,-0.0025576288229486877,0.013222900035255836,0.01187661568470455,0.014434244507653238
2024-04-16,train,5,-0.0080919193803179468,0.025925484452929803,0.0076960074050109739,0.015787926785328921
2024-04-17,train,5,0.02298227348228532,0.020754486492263302,-0.014527136932409312,-0.037509410414694633
2024-04-18,train,5,0.0056702734179823189,0.035434366047106147,-0.013522438302857542,-0.019192711720839861
2024-04-19,train,5,0.023802109861213783,0.0045226395379793227,-0.0096212793553449028,-0.033423389216558685
2024-04-22,train,5,0.025598182969895578,0.0034501764304751825,-0.013347449010558565,-0.038945631980454143
2024-04-23,train,5,0.030516357453407528,0.0062647009151593491,-0.014375706346040074,-0.044892063799447601
2024-04-24,train,5,0.028064592052208459,-0.0063157161529179828,0.0013102887142627528,-0.026754303337945706
2024-04-25,train,5,0.01780589693207435,0.026761451370122091,-0.025950538192871464,-0.043756435124945814
2024-04-26,train,5,0.017325504175302542,0.0056659735563126534,-0.0026268396031670083,-0.01995234377846955
2024-04-29,train,5,0.013805002042165393,0.021487504947598768,-0.011700278749073145,-0.025505280791238538
2024-04-30,train,5,0.022288038117750486,-0.0093640945699975386,0.0085262232063236798,-0.013761814911426806
2024-05-01,train,5,-0.0094968784151109875,0.02735544426928227,0.001386433682464161,0.010883312097575149
2024-05-02,train,5,-0.0032623244850317201,0.0040481152337895621,0.016478879751236464,0.019741204236268184
2024-05-03,train,5,-0.0068998558380160557,0.0084268640086566093,0.011174220592007178,0.018074076430023234
2024-05-06,train,5,0.006212910103785052,0.0057944684105084021,-0.0025543179369275637,-0.0087672280407126157
2024-05-07,train,5,-0.023718798585833589,0.021211963961406455,0.0085509914061147607,0.03226978999194835
2024-05-08,train,5,0.007310425143052024,-0.0079934397920911615,0.0082687470290792042,0.00095832188602718027
2024-05-09,train,5,0.0066540141374771267,0.0035216535107288616,0.00027689509552342173,-0.0063771190419537049
2024-05-10,train,5,-0.01987225306578505,0.03422188779085189,0.0038511251588949635,0.023723378224680014
2024-05-13,train,5,-0.013663937623809519,0.029531989398260405,0.0048045852632923047,0.018468522887101824
2024-05-14,train,5,0.020261578146877568,-0.01878746510546303,0.018366010624661921,-0.0018955675222156465
2024-05-15,train,5,0.012915532046579026,-0.011136584883967571,0.01399340745090516,0.001077875404326134
2024-05-16,train,5,-0.013173873053252239,0.032186405606503543,-0.0034775027722558915,0.009696370280996347
2024-05-17,train,5,-0.0029472168461189274,0.019628796736704923,-0.013192381973914702,-0.010245165127795774
2024-05-20,train,5,0.015340827386639666,0.014283474175016186,-0.024443056977618283,-0.039783884364257949
2024-05-21,train,5,0.034282944708700192,0.01716638260747827,-0.045167142088803791,-0.079450086797503983
2024-05-22,train,5,0.041947298172364977,0.018057977298690742,-0.055889208803560575,-0.097836506975925552
2024-05-23,train,5,0.029349866731735785,-0.016129799589107097,-0.0122694690798823,-0.041619335811618086
2024-05-24,train,5,0.0052453137236165848,-0.031099128464436243,0.033615121931476033,0.028369808207859448
2024-05-27,train,5,-0.022627557905854689,-0.012197963841209303,0.039076222322338261,0.06170378022819295
2024-05-28,train,5,-0.016742530022562652,0.0040352632939207878,0.019870447666567592,0.036612977689130244
2024-05-29,train,5,0.0085511396453469835,0.00047495099347866221,0.00038508588520758114,-0.0081660537601394023
2024-05-30,train,5,0.0048138582009412123,-0.0091279772760466948,0.0089247763776366673,0.004110918176695455
2024-05-31,train,5,0.0042942996979979942,-0.0054580016403768528,0.0062675866466875285,0.0019732869486895344
2024-06-03,train,5,0.011246742616521865,-0.0052471776603781328,0.001060918776628228,-0.010185823839893637
2024-06-04,train,5,0.01021439179130712,-0.019285011705725885,0.018511157899564479,0.0082967661082573585
2024-06-05,train,5,0.0084995623800947495,-0.023779277774330088,0.02735671005482776,0.01885714767473301
2024-06-06,train,5,0.0012715741449589313,-0.022387987880824689,0.03868539353577205,0.037413819390813119
2024-06-07,train,5,-0.0035021192556728975,0.023343418231331903,-0.0021517813485816273,0.0013503379070912702
2024-06-10,train,5,-0.028886090792894559,0.033011053469992557,0.013721067905935691,0.04260715869883025
2024-06-11,train,5,0.033347410176890691,-0.031796791711883321,0.015024204752026371,-0.018323205424864319
2024-06-12,train,5,0.020059018184089061,0.011799456951652632,-0.0099105541459381663,-0.029969572330027228
2024-06-13,train,5,0.036652246082606976,0.011226151296174325,-0.02848050936703056,-0.065132755449637536
2024-06-14,train,5,0.051471710900942547,0.0091100532115395705,-0.04360099082459612,-0.095072701725538666
2024-06-17,train,5,0.064341703667150418,-0.013600113530200353,-0.032653734565693648,-0.096995438232844067
2024-06-18,train,5,0.022211259634815961,0.023810285221632477,-0.034126044050773185,-0.056337303685589146
2024-06-19,train,5,-0.014460616658222625,-0.0070367203736670936,0.025260367612084,0.039720984270306625
2024-06-20,train,5,-0.028760578336414377,-0.0075829295023877585,0.036794030612131601,0.065554608948545978
2024-06-21,train,5,-0.010025294324759959,-0.0045434615032808878,0.014326260748828257,0.024351555073588216
2024-06-24,train,5,-0.019442820699487384,0.0057046841649104896,0.0077474316587378134,0.027190252358225198
2024-06-25,train,5,-0.010946635131014792,0.012642243812284515,-0.011342648709459502,-0.00039601357844470941
2024-06-26,train,5,-0.01740946613122446,0.020842693581137939,-0.011351482652268652,0.0060579834789558085
2024-06-27,train,5,-0.0014718404627600545,0.020132153043082079,-0.02585061712581288,-0.024378776663052826
2024-06-28,train,5,-0.012955770154610358,0.023008640340701492,-0.020770515183208771,-0.0078147450285984132
2024-07-01,train,5,0.019563046250850591,-0.0044369983916988653,-0.030695381291848733,-0.050258427542699324
2024-07-02,train,5,0.023836222966011067,-0.02946706552102285,-0.003616206071428818,-0.027452429037439885
2024-07-03,train,5,0.013111293436987359,-0.016708521736339188,-0.0072669950152383089,-0.020378288452225668
2024-07-04,train,5,-0.0033825803045456349,-0.014984054908836419,0.0085109178239389793,0.011893498128484614
2024-07-05,train,5,0.0030191269079154481,-0.013331247634190135,-0.0034924055663235198,-0.006511532474238968
2024-07-08,train,5,-0.029482340170974675,0.014813275946705784,-0.00019260651048991217,0.029289733660484762
2024-07-09,train,5,-0.036409656988996841,0.0020535810466047466,0.014047301738158824,0.050456958727155665
2024-07-10,train,5,-0.036878581578221437,0.0031085584931115351,0.01351898364610471,0.050397565224326146
2024-07-11,train,5,-0.029861680617079056,-0.0087208176202578924,0.018635781767969428,0.048497462385048484
2024-07-12,train,5,-0.030186784697149638,-0.0073169956101143407,0.019532655094193441,0.049719439791343079
2024-07-15,train,5,-0.019494715393874928,0.013895802739774754,-0.005363099054585152,0.014131616339289776
2024-07-16,train,5,-0.016098566054464636,0.013671509918457891,-0.0068011916927815386,0.0092973743616830973
2024-07-17,train,5,-0.014060553186747204,-0.0056359365506664649,0.0077383609368021355,0.02179891412354934
2024-07-18,train,5,-0.015242200986262167,-0.0053593654725028195,0.0056154103084457008,0.020857611294707867
2024-07-19,train,5,-0.018718997432137952,-0.012089251003686186,0.017176200121365448,0.0358951975535034
2024-07-22,train,5,-0.030282794913179256,0.0031698818258180661,0.012264659926332744,0.042547454839512
2024-07-23,train,5,-0.032626388457662692,0.0081146683531698738,0.010811262089999052,0.043437650547661744
2024-07-24,train,5,0.0064351946387743442,-0.037561829605517905,0.023499322135205114,0.01706412749643077
2024-07-25,train,5,0.01562101100243285,-0.03301724400138778,0.01279903323844761,-0.0028219777639852395
2024-07-26,train,5,-0.027172394266538336,0.021489625634352971,0.0021226770615052626,0.029295071328043598
2024-07-29,train,5,-0.014268823005653797,-0.018685559958617259,0.026814941311623652,0.041083764317277449
2024-07-30,train,5,-0.0088105021671781025,0.018605813908543933,-0.019057886870141816,-0.010247384702963713
2024-07-31,train,5,0.0019526335979194731,0.013007674563093652,-0.025579025490777008,-0.027531659088696481
2024-08-01,train,5,0.0025553807123370187,-0.030197929326936046,0.011697614883739327,0.0091422341714023081
2024-08-02,train,5,-0.00061507252750836461,-0.022143405472960398,-8.9320876807574834e-05,0.00052575165070078977
2024-08-05,train,5,-0.021300797458468079,-0.0092975270954768208,0.0058931632999648098,0.027193960758432889
2024-08-06,train,5,-0.01624466876365388,-0.011447855545114627,0.0043192093846452506,0.020563878148299131
2024-08-07,train,5,-0.0408133257879843,0.012987663766270696,0.0025304172680911674,0.043343743056075468
2024-08-08,train,5,-0.029596716318149252,0.0089878701739937172,-0.0010294102924759407,0.028567306025673311
2024-08-09,train,5,-0.03850707608478221,0.019945673054037494,0.0016122629067576999,0.04011933899153991
2024-08-12,train,5,-0.027426910685700523,0.017421560824518623,-0.0058618239668229988,0.021565086718877524
2024-08-13,train,5,-0.03108484811260892,-0.013131023776604522,0.027056032076345549,0.058140880188954469
2024-08-14,train,5,-0.027017113351489985,-0.022943249468885318,0.02968564315012856,0.056702756501618545
2024-08-15,train,5,-0.043518545276134857,-0.0086946486141464829,0.03582498008289825,0.079343525359033107
2024-08-16,train,5,-0.050312170662265399,0.00044662695553665532,0.032671151424435552,0.08298332208670095
2024-08-19,train,5,-0.01740554091687857,-0.023290590646094622,0.021159727293757813,0.038565268210636383
2024-08-20,train,5,-0.050872163177623719,0.0097176901043132813,0.019317065003567779,0.070189228181191499
2024-08-21,train,5,-0.053746729868027532,0.018747852603629878,0.015012889421143871,0.068759619289171403
2024-08-22,train,5,-0.041273954093078602,0.018277376250882993,-0.0021540219361231294,0.039119932156955473
2024-08-23,train,5,-0.0347966370630447,0.0081104693135373718,0.0034551036660913637,0.038251740729136063
2024-08-26,train,5,-0.049250049207668456,0.019065173774924504,0.0062301545393617097,0.055480203747030166
2024-08-27,train,5,-0.045526181349912598,0.018023414851323249,0.001173248171569663,0.046699429521482261
2024-08-28,train,5,-0.032507560660352153,0.014109246507721052,-0.0077796401544487637,0.024727920505903389
2024-08-29,train,5,-0.037928145371850241,0.014480675204224913,0.0036506462026180131,0.041578791574468255
2024-08-30,train,5,-0.031540654407212321,-0.0081674779312372325,0.019338089542090153,0.050878743949302474
2024-09-02,train,5,-0.022849480113116161,0.0064618698321863288,0.0019766231595031436,0.024826103272619304
2024-09-03,train,5,-0.010531648388610038,0.020399196408280695,-0.013543136054392224,-0.0030114876657821865
2024-09-04,train,5,-0.017768061949088643,0.016763472652503775,-0.0060282493785177027,0.01173981257057094
2024-09-05,train,5,-0.0066291422011188761,0.025052846165219966,-0.030976817554429659,-0.024347675353310783
2024-09-06,train,5,-0.019790050864328557,0.027659493646486955,-0.023042979116746243,-0.0032529282524176861
2024-09-09,train,5,-0.019496070408037136,0.024003056392677302,-0.023095621098967956,-0.0035995506909308195
2024-09-10,train,5,-0.019056861470597375,0.025774374695990254,-0.029485776711370926,-0.010428915240773551
2024-09-11,train,5,-0.0099675196781667807,-0.0069301471527772884,-0.00026417198844574941,0.0097033476897210313
2024-09-12,train,5,-0.020030852723823656,-0.016721739026714366,0.013838330778547847,0.033869183502371503
2024-09-13,train,5,-0.0026800951207075485,-0.0036874139364241332,-0.016228471787660292,-0.013548376666952744
2024-09-16,train,5,0.008920161920629055,-0.01685018304650876,-0.012471480277417069,-0.021391642198046124
2024-09-17,train,5,0.0052043606308500023,-0.027075377762524,0.0011572602485586114,-0.0040471003822913909
2024-09-18,train,5,-0.029427285271008408,0.011958135708954987,-0.0051029645647693855,0.024324320706239022
2024-09-19,train,5,-0.027109940809402766,-0.00053018052667802573,0.0085952649547919036,0.03570520576419467
2024-09-20,train,5,-0.04286935598016145,0.028881616599568338,-0.0021923565983282822,0.040676999381833168
2024-09-23,train,5,-0.057926263201939665,0.029069391422779312,0.014478868105483045,0.07240513130742271
2024-09-24,train,5,-0.046170630454614947,0.030046412558242364,0.0038018968944348863,0.049972527349049833
2024-09-25,train,5,-0.04510660237287506,0.034528891951723928,-0.00039733627481453038,0.044709266098060529
2024-09-26,train,5,-0.041170349014532981,0.026202578275673183,0.0060399235448439503,0.047210272559376931
2024-09-27,train,5,-0.024601613412665313,0.0061181608212864669,0.0063986371477379178,0.031000250560403231
2024-09-30,train,5,-0.0080790454734547268,0.003097328709156133,-0.0042252389397270385,0.0038538065337276883
2024-10-01,train,5,-0.0088511427992657432,0.027163409060617871,-0.027652300901421956,-0.018801158102156212
2024-10-02,train,5,-0.013782970716905207,-0.0033802798640169551,0.0016878132216531783,0.015470783938558386
2024-10-03,train,5,-0.0032884435095218989,0.0017382153221666696,-0.01377677833744051,-0.010488334827918611
2024-10-04,train,5,-0.0031185263125595442,-0.027980058542440067,0.024380457670441946,0.02749898398300149
2024-10-07,train,5,0.0027644336936559766,-0.011280304543472952,-0.0033014653960554141,-0.0060658990897113907
2024-10-08,train,5,0.00027618237715071325,0.0016522643170856499,-0.016768659964915056,-0.017044842342065769
2024-10-09,train,5,0.013417474253006489,0.004223705888993623,-0.021535102931343808,-0.034952577184350297
2024-10-10,train,5,0.025906780650661876,-0.029501075726368453,-0.0019045838294111106,-0.027811364480072986
2024-10-11,train,5,0.0013018365494774642,0.0054846654107214565,-0.018506692122649271,-0.019808528672126735
2024-10-14,train,5,-0.0090618745055642824,0.0051858009076494183,-0.0011503151807832346,0.0079115593247810478
2024-10-15,train,5,-0.018051677179673653,0.009346836723952201,0.00089317585144932377,0.018944853031122977
2024-10-16,train,5,-0.03348437550370903,0.015368555191544009,0.0040099533140922627,0.037494328817801292
2024-10-17,train,5,-0.013042293521976167,0.036813417809462012,-0.037618864881428515,-0.024576571359452348
2024-10-18,train,5,-0.0048722399387463033,-0.0050495161262700261,-0.00096708448927512736,0.003905155449471176
2024-10-21,train,5,0.0036793324858543364,-0.010857057403238501,-0.0080293607479818285,-0.011708693233836165
2024-10-22,train,5,-0.033373881003610606,0.010455845994812252,0.0077795015915249621,0.041153382595135568
2024-10-23,train,5,-0.025195800220511211,0.020098511122137175,-0.002492157180339738,0.022703643040171473
2024-10-24,train,5,-0.011691452090687449,-0.0045603505412022405,0.014329638478767892,0.026021090569455341
2024-10-25,train,5,-0.0090964919914660602,-0.0060435706688307111,0.009530185510953415,0.018626677502419475
2024-10-28,train,5,-0.004799638316682675,0.0096724765425857395,-0.0073210273291831052,-0.0025213890125004301
2024-10-29,train,5,-0.0068231451497217654,0.012190307025310876,0.0016383368796045739,0.0084614820293263393
2024-10-30,train,5,-0.0051219167393894427,0.02447427623352616,-0.017428803606287457,-0.012306886866898015
2024-10-31,train,5,-0.010321734790712245,0.027977194647832548,-0.017436326888319809,-0.0071145920976075638
2024-11-01,train,5,-0.0079927157150307404,0.034121141332310589,-0.024184442587372512,-0.016191726872341772
2024-11-04,train,5,0.0016980770119591204,0.0066656533756912495,-0.01172260591604346,-0.013420682928002581
2024-11-05,train,5,0.0061911713313028693,-0.013074344360144541,-0.00012754026435962684,-0.0063187115956624962
2024-11-06,train,5,0.010540579530327221,-0.019193700182814355,0.0080410914039890091,-0.0024994881263382118
2024-11-07,train,5,-0.0089151867644762239,0.019586763401868601,-0.010805640576706965,-0.0018904538122307413
2024-11-08,train,5,-0.023267409533799743,0.015464104955790592,0.012637383242895095,0.035904792776694838
2024-11-11,train,5,0.0087373743825936434,-0.042750487930388326,0.047025394395760922,0.038288020013167279
2024-11-12,train,5,-0.015888566727300824,-0.011593214565992938,0.037806179965673037,0.05369474669297386
2024-11-13,train,5,-0.0077871610750250841,-0.0090633240271472681,0.021679192584555751,0.029466353659580835
2024-11-14,train,5,-0.015697640778026156,-0.0031124168826131005,0.019715397143024338,0.035413037921050494
2024-11-15,train,5,-0.011822364543237096,0.00097133324627651785,0.014768817528691747,0.026591182071928843
2024-11-18,train,5,0.011161579187405291,-0.010536056755844125,0.0048922629053160249,-0.0062693162820892656
2024-11-19,train,5,-0.013905434551999607,0.0096435498109770368,0.0089601761142678038,0.022865610666267411
2024-11-20,train,5,-0.0098823035786638203,0.0057915150225825718,0.010749928509287743,0.020632232087951563
2024-11-21,train,5,-0.0006706335242742667,0.01355173374119012,-0.0022663189285860863,-0.0015956854043118196
2024-11-22,train,5,0.0074162200449573445,0.0084489293822584965,-0.0046920939945249152,-0.01210831403948226
2024-11-25,train,5,0.0041139972624237853,0.020660855566117409,-0.019590627306741215,-0.023704624569165
2024-11-26,train,5,0.00098221745165427699,0.033128640525271091,-0.022241500678575221,-0.023223718130229498
2024-11-27,train,5,-0.0016246534966173898,0.0072262491026230946,0.0038509362430643734,0.0054755897396817632
2024-11-28,train,5,-0.012314113245764646,0.017234871511659533,0.0046926192292242042,0.01700673247498885
2024-11-29,train,5,-0.020683287172314879,0.010078121785927263,0.014197568579610742,0.034880855751925621
2024-12-02,train,5,-0.019914671235755466,0.014084286329564211,0.01781744159906995,0.037732112834825415
2024-12-03,train,5,-0.016008309697681744,-0.0060640944839500666,0.032620982054690995,0.048629291752372739
2024-12-04,train,5,-0.01052548206632048,-0.0062730991698458083,0.031294207386177608,0.041819689452498088
2024-12-05,train,5,-0.0059758706889418978,-0.0010131483995645119,0.022805216827034958,0.028781087515976855
2024-12-06,train,5,0.0084863476735744237,-0.0019281813341606169,0.013704888022104456,0.0052185403485300319
2024-12-09,train,5,-0.0035886058000012544,-0.0044092063583994201,0.019132723602724444,0.022721329402725698
2024-12-10,train,5,0.014075243555293604,-0.012478477078737504,0.0057248118789875457,-0.0083504316763060582
2024-12-11,train,5,0.015846153524527118,0.0053094067522537758,-0.0082941050380003212,-0.024140258562527439
2024-12-19,validation,5,0.026373363154993057,0.012333288827363176,-0.016973385715876255,-0.043346748870869312
2024-12-20,validation,5,0.004059281280321736,-0.00027745713254623272,0.022688546401649079,0.018629265121327343
2024-12-23,validation,5,-0.0040220837437348611,0.010558365323008412,0.01674299157823067,0.020765075321965532
2024-12-24,validation,5,-0.010997136451504741,0.010128534370806186,0.020473018893035211,0.031470155344539952
2024-12-25,validation,5,-0.03370874111854294,0.043234078133439491,0.018479585837670953,0.052188326956213893
2024-12-26,validation,5,0.0016735230140692559,0.025049787774472754,-0.0063786918341139365,-0.0080522148481831923
2024-12-27,validation,5,-0.033221893819638915,0.03012032125880193,0.018860566725351968,0.052082460544990883
2024-12-30,validation,5,-0.028352227943953034,0.028255589933017577,0.0091471842603970677,0.037499412204350102
2024-12-31,validation,5,0.0007799338730420935,0.0045657071713774977,0.010137711431517982,0.0093577775584758882
2025-01-01,validation,5,0.0068857860456835174,-0.011840001601899797,0.010589810904386876,0.0037040248587033586
2025-01-02,validation,5,0.020396834032045508,-0.036725876727378703,0.032095085743853891,0.011698251711808383
2025-01-03,validation,5,0.022271390715248196,0.0057392823883220534,-0.0096764960361135355,-0.031947886751361732
2025-01-06,validation,5,0.019361101904379951,0.0017417426995242069,0.0029178113590794252,-0.016443290545300526
2025-01-07,validation,5,0.0032128526443703787,0.0014216191105370091,0.013776629007314523,0.010563776362944144
2025-01-08,validation,5,0.015538638662729198,-0.0058506726950997567,0.0082972974491399842,-0.0072413412135892141
2025-01-09,validation,5,-0.0023007888873557425,0.021421874454660261,-0.0027154892784581608,-0.0004147003911024183
2025-01-10,validation,5,-0.011776643980403623,0.0074388504983827763,0.019459332658489426,0.031235976638893048
2025-01-13,validation,5,-0.0043122957456018796,-0.006565781910592039,0.022337159202135248,0.026649454947737128
2025-01-14,validation,5,-0.0042210243439021466,-0.0024590499366005103,0.018797319385473243,0.02301834372937539
2025-01-15,validation,5,0.00023481294103072647,0.0057865861483485936,0.016411019483246969,0.016176206542216243
2025-01-16,validation,5,0.0091961114917090137,-0.015045664985215201,0.023073352548711124,0.01387724105700211
2025-01-17,validation,5,0.025895177657342838,-0.024453211496911764,0.026895588241712343,0.0010004105843695044
2025-01-20,validation,5,0.02823413732270541,-0.024640255865447547,0.026751029179738595,-0.0014831081429668158
2025-01-21,validation,5,0.020873640371568247,-0.01722748236620919,0.026925044467681403,0.0060514040961131554
2025-01-22,validation,5,-8.0417502066443269e-05,0.0077384849717624937,0.017529476309354641,0.017609893811421085
2025-01-23,validation,5,0.012201315646813982,0.012512144972245287,0.0046659028380711676,-0.0075354128087428141
2025-01-24,validation,5,0.0056707795668605732,0.018157220794890794,-0.0058175300598956037,-0.011488309626756177
2025-01-27,validation,5,0.017409218243243374,0.0016028387754314366,-0.0020552013163960825,-0.019464419559639456
2025-01-28,validation,5,-0.0065782810064896058,0.022430100918204965,0.0070210100036736667,0.013599291010163272
2025-01-29,validation,5,0.014391365879253937,0.0079846039887924714,0.0038922972560797575,-0.010499068623174179
2025-01-30,validation,5,0.024330004611829437,0.00043822570581564246,-0.0047464074983560312,-0.029076412110185468
2025-01-31,validation,5,0.018010129629066896,0.0090529979428284335,-0.00138070752962971,-0.019390837158696606
2025-02-03,validation,5,0.015585646947434695,0.0053388814544993446,-0.0021268955495374331,-0.017712542496972128
2025-02-04,validation,5,0.026656335468272008,-0.010121259721216525,-0.0039980333220002162,-0.030654368790272224
2025-02-05,validation,5,0.02437129428900392,-0.0056723028268826914,-0.011469506008680797,-0.035840800297684716
2025-02-06,validation,5,0.017407879351516498,-0.024644617284711123,0.02302918794818265,0.0056213085966661525
2025-02-07,validation,5,0.055242610327781771,-0.01448437175759143,-0.022689101674747747,-0.077931712002529518
2025-02-10,validation,5,0.0056489011927414734,-0.010594174349166152,0.029987886773582884,0.02433898558084141
2025-02-11,validation,5,0.011077329636986655,-0.011966078251010315,0.033686277228476835,0.022608947591490181
2025-02-12,validation,5,-0.0053819399130576318,-0.0071668525135104022,0.047081991330800488,0.05246393124385812
2025-02-13,validation,5,-0.0023049122626864205,0.0050694930365236535,0.026746799364539109,0.029051711627225529
2025-02-14,validation,5,-0.011272354590953937,0.0043140748077281632,0.031381136693814815,0.042653491284768752
2025-02-17,validation,5,-0.011189672191825761,-0.0061253765770239443,0.03097089166792566,0.042160563859751421
2025-02-18,validation,5,-0.017661109542636555,0.0093123807969235362,0.020481697093236606,0.038142806635873161
2025-02-19,validation,5,0.025998664708085539,-0.016339771387028912,-0.0049052068227390389,-0.030903871530824578
2025-02-20,validation,5,0.022444017101699298,-0.0055430135209909581,-0.012743274691529916,-0.035187291793229214
2025-02-21,validation,5,0.029844079619365194,-0.0043088497228840894,-0.023249177518944619,-0.053093257138309813
2025-02-24,validation,5,0.024780668506429848,-0.0049591461905763579,-0.0029637762241637167,-0.027744444730593565
2025-02-25,validation,5,0.028801551754811583,-0.011604455343645292,-0.0064703909090869094,-0.035271942663898492
2025-02-26,validation,5,0.01189361905217684,0.0041484639801583345,0.003652461469187851,-0.0082411575829889894
2025-02-27,validation,5,0.024737767227726914,-0.0010638235484394798,0.00099515370328157049,-0.023742613524445344
2025-02-28,validation,5,0.011243372292227494,0.013667435354243751,0.0050636686188088031,-0.0061797036734186905
2025-03-03,validation,5,-0.0044106163364441842,0.0078061522824816043,0.014475993407093157,0.018886609743537341
2025-03-04,validation,5,0.00072580631684227015,0.014247729331912651,0.0039908266903770362,0.003265020373534766
2025-03-05,validation,5,0.035359868551478879,-0.0042952394511860392,-0.010732801163190919,-0.046092669714669798
2025-03-06,validation,5,0.036306300921772616,0.014192842347998225,-0.028945739968858075,-0.065252040890630691
2025-03-07,validation,5,0.012889021665487777,0.023695605543965381,-0.016124253415859768,-0.029013275081347545
2025-03-10,validation,5,-0.0023718127935801747,-0.011091175842298073,0.035598447457293791,0.037970260250873966
2025-03-11,validation,5,0.0021248218690793075,0.0022845949723182546,0.021022539342389068,0.018897717473309761
2025-03-12,validation,5,0.034675313285950637,-0.0086783410830715835,0.0027133926702214151,-0.031961920615729222
2025-03-13,validation,5,0.0015393244569291697,0.038904405437961587,-0.018156096834435531,-0.019695421291364701
2025-03-14,validation,5,0.0047150031209027832,0.037932006404038376,-0.022490068772379079,-0.027205071893281862
2025-03-17,validation,5,0.011680373349272744,0.036537531912344712,-0.025111406050840668,-0.036791779400113411
2025-03-18,validation,5,0.0069732003417088961,0.041357689346394222,-0.020974369827432671,-0.027947570169141567
2025-03-19,validation,5,-0.0054638130364128012,-0.009166764703527952,0.028975512914746204,0.034439325951159006
2025-03-20,validation,5,-0.0068574421608927905,-0.0059622033113740924,0.027359994686768085,0.034217436847660876
2025-03-21,validation,5,-0.0025418986878879002,0.0065766420167826523,0.010601332052766921,0.013143230740654821
2025-03-24,validation,5,-0.0094165028463282785,0.011809949245018991,0.0088762928883873715,0.01829279573471565
2025-03-25,validation,5,-0.012811030679805824,0.012278470782020157,-0.0003701188532960753,0.012440911826509748
2025-03-26,validation,5,0.0022081186214820692,-0.015409568231795012,0.01921174548371507,0.017003626862233001
2025-03-27,validation,5,0.0002698995387562797,-0.019715324837421278,0.032534791981992717,0.032264892443236437
2025-03-28,validation,5,0.0080142681002491889,-0.0091811505149539396,0.010921404165266713,0.0029071360650175238
2025-03-31,validation,5,0.009423441335945637,-0.0028476132039051971,0.0067284487324132947,-0.0026949926035323424
2025-04-01,validation,5,0.01640708543505387,-3.3506292129448223e-05,0.0057549428199010211,-0.010652142615152849
2025-04-02,validation,5,0.015916963652894744,0.0066293361398350736,-0.0037893223749138616,-0.019706286027808606
2025-04-03,validation,5,0.018152821783500195,0.013368728874850577,-0.023104628797096405,-0.0412574505805966
2025-04-04,validation,5,-0.0083772840245359137,0.03140131854835071,-0.01463258474176965,-0.006255300717233736
2025-04-07,validation,5,0.0076028956910435541,0.018282246644913069,-0.017633380758028672,-0.025236276449072226
2025-04-08,validation,5,0.021458582268365278,0.012021150409613268,-0.028596648351361331,-0.050055230619726609
2025-04-16,test,5,0.018522958353388352,0.0024762315222389697,-0.0044925790813712951,-0.023015537434759648
2025-04-17,test,5,-0.023332823076649689,0.027550320360377523,0.016343146904331529,0.039675969980981218
2025-04-18,test,5,-0.030948628524993749,0.03789897754645366,0.0087409898802023878,0.039689618405196136
2025-04-21,test,5,-0.0050129762933089905,-0.021399481169556867,0.042956653016236968,0.047969629309545958
2025-04-22,test,5,-0.044898617449807388,0.01249851488156295,0.047873866872517379,0.092772484322324766
2025-04-23,test,5,-0.046941788944576346,0.0046648379752137759,0.046866675219138454,0.0938084641637148
2025-04-24,test,5,-0.040103409050708583,0.0083854517926338357,0.031320133885239687,0.07142354293594827
2025-04-25,test,5,-0.037823945599386233,-0.0016794097956340237,0.038039250904645328,0.07586319650403156
2025-04-28,test,5,-0.016181627882117855,-0.0024488221771506447,0.014189558515420031,0.030371186397537886
2025-04-29,test,5,-0.020944552936987382,0.0085637461580206908,0.013461781084354141,0.034406334021341523
2025-04-30,test,5,-0.0089925567968662801,0.013685882352937051,0.0052146373870949336,0.014207194183961214
2025-05-01,test,5,-0.014556115890618893,0.024789554135140168,0.00030802204875868266,0.014864137939377575
2025-05-02,test,5,0.017270860496677753,0.0088786933970564919,-0.0098588402247339335,-0.027129700721411687
2025-05-05,test,5,0.021418507779389251,0.0018339917301616881,-0.0064031883505117904,-0.027821696129901041
2025-05-06,test,5,0.024428043626121498,0.0018226093933311205,-0.013140461511210511,-0.037568505137332009
2025-05-07,test,5,0.013532320323598468,-0.006670401361922762,-0.0018417273559594993,-0.015374047679557967
2025-05-08,test,5,0.0068006574906424588,-0.013126523167014348,0.010510764479571777,0.0037101069889293181
2025-05-09,test,5,-0.00119087976299459,-0.0014748768683137681,0.00091458427919066665,0.0021054640421852566
2025-05-12,test,5,-0.0015799394715674264,0.0064508248408570168,-0.0093135758474570118,-0.0077336363758895854
2025-05-13,test,5,0.0077916407901210682,0.0091398129955744256,-0.019959108056075925,-0.027750748846196993
2025-05-14,test,5,0.011957173884952932,0.0085706582982663648,-0.019372492839712763,-0.031329666724665695
2025-05-15,test,5,-0.011869450618628152,0.03832467830044084,-0.023025415820863704,-0.011155965202235552
2025-05-16,test,5,-0.015860859293841956,0.032803899208290632,-0.015537751550868173,0.00032310774297378275
2025-05-19,test,5,-0.015903377960307774,-0.018149903415254909,0.030373966238012917,0.046277344198320691
2025-05-20,test,5,-0.0089782196954608096,-0.02067986043269332,0.023104526541753323,0.032082746237214133
2025-05-21,test,5,-0.01035676289962667,-0.012235107904784492,0.021504205049450276,0.031860967949076946
2025-05-22,test,5,-0.0071785298401060293,-0.0030559231953730115,0.006494951435811136,0.013673481275917165
2025-05-23,test,5,-0.02157407349905871,-0.0015871085830120868,0.022774341856834024,0.044348415355892734
2025-05-26,test,5,0.0097562680119385181,-0.018893559653035796,0.01539140149989493,0.0056351334879564119
2025-05-27,test,5,-0.0019945301239203128,0.00034952008074845553,0.0034332075501936621,0.0054277376741139749
2025-05-28,test,5,-0.0038739790601620694,0.0061772169490718065,-0.003107722201812213,0.00076625685834985635
2025-05-29,test,5,-0.0078164036476712218,0.0048034425769774569,-0.00091735360563527379,0.006899050042035948
2025-05-30,test,5,-0.0019399185526990381,0.013022911414237504,-0.020600619908873463,-0.018660701356174425
2025-06-02,test,5,-0.019604357677745654,0.034186655981988778,-0.021906873676564242,-0.0023025159988185884
2025-06-03,test,5,-0.029570853527056074,0.027275492813744528,-0.010125815045271824,0.019445038481784249
2025-06-04,test,5,-0.010271721630358055,0.016912361249668828,-0.020600471920090513,-0.010328750289732458
2025-06-05,test,5,-0.011208620897401211,-0.018979542049746612,0.018121448463260192,0.029330069360661404
2025-06-06,test,5,-0.019084365451491114,-0.010871664585216045,0.016827570176490614,0.035911935627981728
2025-06-09,test,5,0.019098461923276799,-0.0287981344579476,-0.0040479905656884974,-0.023146452488965297
2025-06-10,test,5,0.0220801030590837,-0.031096056261837479,-0.0012719570863330976,-0.023352060145416798
2025-06-11,test,5,-0.0042670985938675909,0.0082925974373457834,-0.021741968901538733,-0.017474870307671142
2025-06-12,test,5,-0.0084093629517107971,-0.0099780534720245728,-0.0045987946595824059,0.0038105682921283912
2025-06-13,test,5,0.001564054418824623,0.0073486009564546206,-0.028435878417866212,-0.029999932836690835
2025-06-16,test,5,-0.0019994945399204322,-0.029316809008298195,0.0045450414818986595,0.0065445360218190918
2025-06-17,test,5,-0.0093492606779206344,-0.0049733231756891039,-0.013117731273079303,-0.0037684705951586683
2025-06-18,test,5,-0.0078725410293679077,-0.014609454228116381,-0.0034162601655861047,0.004456280863781803
2025-06-19,test,5,-0.0038507838367023983,-0.0064043735246370748,-0.010821447168253451,-0.0069706633315510524
2025-06-20,test,5,0.011359612738248259,-0.0089015409892930775,-0.024106360398676308,-0.035465973136924567
2025-06-23,test,5,0.00063066236614400806,-0.018084427069746833,-0.00080869891554147255,-0.0014393612816854806
2025-06-24,test,5,0.014694066049926624,-0.029506227560976372,-0.001766325839235916,-0.01646039188916254
2025-06-25,test,5,0.0080296842020076142,-0.020641796360082454,-0.0035698299087774665,-0.011599514110785081
2025-06-26,test,5,-0.014798469770670175,0.0037685953089549029,-0.0035131921702530322,0.011285277600417143
2025-06-27,test,5,-0.016854344703991275,0.010608140231051721,-0.0064507193253740547,0.010403625378617221
2025-06-30,test,5,-0.007774368718703184,-0.0047016029099108403,-0.00044734870472690202,0.007327020013976282
2025-07-01,test,5,-0.0030104367328877557,-0.010129097056523206,0.0008880769183507442,0.0038985136512384999
2025-07-02,test,5,-0.014649443064460366,-0.0085349021484409926,0.002839459822994217,0.017488902887454583
2025-07-03,test,5,0.0074896216144508809,-0.0039004312503469474,-0.021528447006439799,-0.02901806862089068
2025-07-04,test,5,-0.022147071393377349,0.02279170629007865,-0.020537241846958654,0.0016098295464186951
2025-07-07,test,5,0.0060595964869105678,0.00099068989031675381,-0.022766744242845305,-0.028826340729755873
2025-07-08,test,5,-0.00046836275880329792,0.00092968429513390349,-0.017205668500950955,-0.016737305742147657
2025-07-09,test,5,-0.01936470041577476,0.014748538587265658,-0.0099373071119298606,0.0094273933038448998
2025-07-10,test,5,-0.030511638716825829,-0.025587126300141483,0.03433707252662499,0.064848711243450818
2025-07-11,test,5,-0.019008011405886482,-0.021382412940744389,0.023628765877893809,0.042636777283780292
2025-07-14,test,5,-0.016514671133151304,-0.022612280914563521,0.016394797239431436,0.03290946837258274
2025-07-15,test,5,-0.025872267890129419,-0.0085790927143485352,0.010732309282633246,0.036604577172762665
2025-07-16,test,5,-0.0182273687106147,-0.012158989187041946,0.017017098348304338,0.035244467058919038
2025-07-17,test,5,-0.018888595931700503,-0.0037293377960864182,0.0043292616106178072,0.02321785754231831
2025-07-18,test,5,-0.0228876564271695,-0.013116088866378994,0.0090325543239877515,0.031920210751157252
2025-07-21,test,5,-0.0099202426788365661,-0.010508811561261266,-0.0013626370798075493,0.0085576055990290167
2025-07-22,test,5,0.0010737622603057551,0.00071456397834934737,-0.020662719979840816,-0.021736482240146571
2025-07-23,test,5,0.0054997467496174512,-0.015699631681424575,-0.018861243238528169,-0.02436098998814562
2025-07-24,test,5,-0.003749043127310725,-0.0049098246207371909,-0.0068355234350124805,-0.0030864803077017555
2025-07-25,test,5,-0.012199330060070401,0.015142575296961058,-0.016581264155505981,-0.0043819340954355801
2025-07-28,test,5,0.014808189609859856,-0.023192193898116997,-0.0040234479455210082,-0.018831637555380865
2025-07-29,test,5,0.0081179238005550935,-0.017760024254445506,-0.0086757638894798261,-0.01679368769003492
2025-07-30,test,5,0.012430392167064375,-0.016659354775637569,-0.0076302333967123159,-0.020060625563776691
2025-07-31,test,5,-0.019846743547194956,0.014549934223574035,-0.012986690721884853,0.0068600528253101034
2025-08-01,test,5,-0.0064942630523052158,-0.0079492787680184307,-0.0013710742763639039,0.0051231887759413119
2025-08-04,test,5,-0.013187274358633316,-0.0047600757068655963,-0.0011217430134003448,0.012065531345232972
2024-01-16,train,10,0.014457654874978576,0.0070471903845467643,0.013886796091293729,-0.00057085878368484666
2024-01-17,train,10,0.028456525834999469,-0.00959245068693243,0.026002984122188211,-0.002453541712811258
2024-01-18,train,10,0.02529355916810283,0.014554437858616875,0.012486121437389253,-0.012807437730713578
2024-01-19,train,10,0.013372198147039827,0.028722295046500257,0.0087905013759583261,-0.0045816967710815004
2024-01-22,train,10,0.0034023735010884071,0.014061968985118023,0.026833975644700692,0.023431602143612285
2024-01-23,train,10,0.0032617042266132046,0.0045276653014158508,0.040604728388726308,0.037343024162113103
2024-01-24,train,10,-0.019645713431059642,0.025560834564496648,0.046204453130663015,0.065850166561722656
2024-01-25,train,10,0.0053009401755148011,0.0089924598020653668,0.033662848358641084,0.028361908183126283
2024-01-26,train,10,0.0067998680453184024,0.0056076228733722977,0.039004981386571491,0.032205113341253089
2024-01-29,train,10,-0.01810028911427386,0.014575903803101697,0.049959512406215545,0.068059801520489405
2024-01-30,train,10,-0.017889751812134036,0.021557958536493671,0.038984821477227372,0.056874573289361408
2024-01-31,train,10,-0.011011204675637876,0.022601169997334247,0.029878363877215763,0.040889568552853639
2024-02-01,train,10,-0.0040937665037472093,0.015437358913124366,0.029611121379766403,0.033704887883513612
2024-02-02,train,10,0.0024470767602562393,0.015090922356047975,0.026152189375069579,0.02370511261481334
2024-02-05,train,10,0.0067875667512307669,0.006019424563206921,0.036391886752376923,0.029604320001146156
2024-02-06,train,10,0.0065977796688602153,0.032441549616515575,0.0080617178792884436,0.0014639382104282284
2024-02-07,train,10,0.013630039782897008,0.018571286847514301,0.013132549225063572,-0.00049749055783343543
2024-02-08,train,10,0.013356347769884647,0.027300267018503188,0.011218746855477302,-0.0021376009144073449
2024-02-09,train,10,0.014820707999476379,0.033208262652051013,-0.0058280492322128064,-0.020648757231689185
2024-02-12,train,10,0.018484093334040164,0.025876519836657397,-0.01012522043404207,-0.028609313768082234
2024-02-13,train,10,0.0072889951538749331,0.016404209862390107,0.01396942753970154,0.0066804323858266068
2024-02-14,train,10,0.028616495171191692,0.0034163224149012517,9.6530345091272451e-05,-0.028519964826100419
2024-02-15,train,10,0.040981506425085135,0.00045566294864679557,-0.01129199069656095,-0.052273497121646084
2024-02-16,train,10,0.030360837232348947,0.0022757423341521199,-0.0066207216327391349,-0.036981558865088082
2024-02-19,train,10,0.027178910376151777,-0.0019327899254366065,0.0019926483563874053,-0.025186262019764372
2024-02-20,train,10,0.063420499621618776,-0.036746674123600165,-0.0034442957188152712,-0.066864795340434047
2024-02-21,train,10,0.053048966125369135,-0.030022525779658249,-0.0059543520711318743,-0.059003318196501009
2024-02-22,train,10,0.052100336410431769,-0.026433669578147856,-0.017443664532971082,-0.069544000943402851
2024-02-23,train,10,0.014328096260503798,0.0069860214481942684,-0.010075044461861415,-0.024403140722365213
2024-02-26,train,10,-0.010017113846701176,0.017322770035693158,0.010315336416100995,0.020332450262802171
2024-02-27,train,10,-0.0079620828795365362,0.016527500350783764,0.0039198758744731221,0.011881958754009658
2024-02-28,train,10,0.00019103422813721016,0.0011373488323034864,0.011462149029852986,0.011271114801715776
2024-02-29,train,10,0.003845914350265156,-0.0051041389329761211,0.015798730054735199,0.011952815704470043
2024-03-01,train,10,-0.00030790375529643477,0.028937190022389592,-0.0073826816095755032,-0.0070747778542790685
2024-03-04,train,10,0.01793653488173752,0.0060617046550776044,-0.0059832373666156013,-0.023919772248353122
2024-03-05,train,10,0.030460184371587984,0.005757195990457431,-0.013738609170063365,-0.044198793541651349
2024-03-06,train,10,0.036300717641831404,-0.01308270214079732,0.0073309791765452381,-0.028969738465286166
2024-03-07,train,10,0.02195314852393504,0.013506204404596267,-0.0028059426396810916,-0.024759091163616131
2024-03-08,train,10,0.00032687469357101095,-0.011635782091244051,0.045663555058816696,0.045336680365245685
2024-03-11,train,10,-0.0058629207911540804,-0.009993919292246134,0.04842847369386527,0.054291394485019351
2024-03-12,train,10,-0.00066112687581737495,-0.02115970754367319,0.056566736671349593,0.057227863547166968
2024-03-13,train,10,-0.035146801657055193,0.0083262605775418774,0.067202021632826736,0.10234882328988193
2024-03-14,train,10,-0.0075519611290411071,-0.00096747200351565699,0.04792716130925212,0.055479122438293227
2024-03-15,train,10,-0.005385609353691645,0.060991904582018752,-0.020559909304332991,-0.015174299950641346
2024-03-18,train,10,-0.024391987175438834,0.018915909558435251,0.037372516066165207,0.061764503241604041
2024-03-19,train,10,-0.0239248555352507,0.021330531643915962,0.041185282879749652,0.065110138415000351
2024-03-20,train,10,-0.04641489563610901,0.026036452828919421,0.056583807620323112,0.10299870325643212
2024-03-21,train,10,-0.021125321159910948,0.016263234208734212,0.039512483500613094,0.060637804660524042
2024-03-22,train,10,-0.024346385447311825,0.043981278426135029,0.013203873033518443,0.037550258480830268
2024-03-25,train,10,-0.018493860177733967,0.048799860900794467,0.0054708781705723464,0.023964738348306314
2024-03-26,train,10,-0.025888564287976867,0.054507088745457566,0.0072490160307368545,0.033137580318713722
2024-03-27,train,10,-0.00078796398795999423,0.033012695399632142,0.0018659294636656498,0.0026538934516256441
2024-03-28,train,10,-0.0025547909721045925,0.032336739056056774,0.0091474284719665344,0.011702219444071127
2024-03-29,train,10,0.01259677155984007,0.021576963237902647,-0.00050844181380321762,-0.013105213373643287
2024-04-01,train,10,-0.031542446993972628,0.053054504790283619,0.017088603590573181,0.04863105058454581
2024-04-02,train,10,-0.028181242979640253,0.019555880263099401,0.03763008215620578,0.065811325135846033
2024-04-03,train,10,-0.02612454943112924,-0.0099058935174569651,0.065331141933467451,0.091455691364596692
2024-04-04,train,10,-0.01866869600550447,0.0071758285798323995,0.048348337506075367,0.067017033511579838
2024-04-05,train,10,-0.01512639423359341,-0.008575421318623655,0.071394767068455045,0.086521161302048455
2024-04-08,train,10,-0.02219329002004794,0.030356984538297271,0.037817030375276617,0.060010320395324557
2024-04-09,train,10,0.0090347309178022694,0.0073314574097095853,0.029327012502188721,0.020292281584386451
2024-04-10,train,10,0.0070238071406399372,-0.020534235083171037,0.060236056942505334,0.053212249801865397
2024-04-11,train,10,0.03211914927722298,-0.025038697250491071,0.036769886176179822,0.0046507368989568421
2024-04-12,train,10,0.019013736521120483,-0.0012317585119341889,0.027495284933973685,0.0084815484128532015
2024-04-15,train,10,0.023400716805768218,0.0086650909977028512,0.005019403365017161,-0.018381313440751057
2024-04-16,train,10,0.010247459612085508,0.029839899122787505,0.006181314688121331,-0.0040661449239641767
2024-04-17,train,10,0.036623996157207239,0.013949894252407891,0.00034811224245967498,-0.036275883914747564
2024-04-18,train,10,0.033125318988452168,0.0085057179632913593,0.0035852858457497971,-0.029540033142702371
2024-04-19,train,10,0.045795131596041982,-0.011831460746077882,0.0049463866181362337,-0.040848744977905749
2024-04-22,train,10,0.048128525646034648,-0.019023475830886372,0.010179013016516136,-0.037949512629518511
2024-04-23,train,10,0.056370466197163904,-0.0057315553620298498,-0.0059720105175761207,-0.062342476714740025
2024-04-24,train,10,0.048936459410494626,-0.0079219219657869488,0.0026482998683726722,-0.046288159542121954
2024-04-25,train,10,0.043170033427193277,0.023342600577760275,-0.02984587128001942,-0.073015904707212698
2024-04-26,train,10,0.022949963258483974,0.034241681647583677,-0.023529040323305717,-0.046479003581789691
2024-04-29,train,10,0.020309480784823197,0.042752810406584074,-0.029176517060411356,-0.049485997845234553
2024-04-30,train,10,0.01994098232211472,-0.013643580146823764,0.022402400612263063,0.0024614182901483428
2024-05-01,train,10,-0.018410837053166984,0.035939062545317979,0.010025993194165361,0.028436830247332345
2024-05-02,train,10,-0.019265393480305537,0.030994403475304133,0.017066929640153605,0.036332323120459142
2024-05-03,train,10,0.008771521983801156,0.018670555364074803,0.0044047529837212274,-0.0043667690000799286
2024-05-06,train,10,-0.0058782728402534956,0.03559319912408776,0.0010260793021542591,0.0069043521424077547
2024-05-07,train,10,-0.0034647466874133115,0.032318594043689974,-0.0021470267685020361,0.0013177199189112754
2024-05-08,train,10,0.0043028206219383747,0.022292732883819721,-0.0028220698797220556,-0.0071248905016604303
2024-05-09,train,10,0.0035401624612462212,0.035818212448412545,-0.013403942131063606,-0.016944104592309828
2024-05-10,train,10,-0.022754393917366555,0.026147517259852426,0.017831666476976871,0.040586060394343426
2024-05-13,train,10,0.0015202765883322034,0.010585868741313675,0.012840616832985152,0.011320340244652949
2024-05-14,train,10,0.071242064369791525,-0.017854858622785519,-0.027805882336246701,-0.099047946706038226
2024-05-15,train,10,0.075778651705958988,-0.013814760759724209,-0.042583454612053984,-0.11836210631801297
2024-05-16,train,10,0.016313064963737633,0.055440292383269085,-0.053878987452713856,-0.070192052416451489
2024-05-17,train,10,0.01902927376910768,0.05355599256637178,-0.060082687252219547,-0.079111961021327226
2024-05-20,train,10,0.01185985047925836,0.059126770894864067,-0.059681748355139064,-0.071541598834397424
2024-05-21,train,10,0.019038568000275091,0.059156663876962945,-0.06372393809141319,-0.082762506091688282
2024-05-22,train,10,0.017578134791984668,0.051622606274465355,-0.057665510819512877,-0.075243645611497545
2024-05-23,train,10,0.016740265935962451,-0.025039892845797163,0.014473291964049007,-0.0022669739719134441
2024-05-24,train,10,-0.0059366329632223325,-0.023316878923554829,0.042015242721574975,0.047951875684797307
2024-05-27,train,10,-0.0068124936518834112,-0.022631071813733139,0.040374715167461328,0.047187208819344739
2024-05-28,train,10,-0.0059005465691343573,-0.016567663005208455,0.039801638460505107,0.045702185029639464
2024-05-29,train,10,0.0041799260890699741,-0.010755829347178558,0.027936920233428308,0.023756994144358334
2024-05-30,train,10,-0.015946773938972703,-0.0097000718029142119,0.047885232930866439,0.063832006869839142
2024-05-31,train,10,0.00055363477482245349,-0.024242375427443452,0.046307502376812471,0.045753867601990017
2024-06-03,train,10,-0.017925401985945055,-0.0025301077271171479,0.044942315447868308,0.062867717433813364
2024-06-04,train,10,-0.021751305920926556,0.0010232006264839222,0.046317723493813245,0.068069029414739801
2024-06-05,train,10,-0.017660651457525545,0.022991284671487588,0.027391180804883675,0.045051832262409219
2024-06-06,train,10,-0.012999063528616572,0.037839134855582324,0.0091272126257858077,0.02212627615440238
2024-06-07,train,10,-0.037994466497933588,0.03224470485728248,0.037433726294104908,0.075428192792038495
2024-06-10,train,10,-0.043557165731340275,0.032668209096076151,0.045199959396586609,0.088757125127926884
2024-06-11,train,10,0.034314133731919494,-0.04878314891873814,0.043588523718758876,0.009274389986839382
2024-06-12,train,10,0.019856127310529437,0.055211355802882278,-0.047401385342451807,-0.067257512652981244
2024-06-13,train,10,0.063621130478965171,-0.0046996840154456265,-0.035836215437049901,-0.099457345916015072
2024-06-14,train,10,0.051585904051874965,0.024015756612060124,-0.057304991642953829,-0.10889089569482879
2024-06-17,train,10,0.060934078852194207,-0.02094272888947013,-0.026969089854577855,-0.087903168706772061
2024-06-18,train,10,0.0073173545341493895,0.016155521208449819,-0.02172444650428984,-0.02904180103843923
2024-06-19,train,10,-0.03197690414053439,-0.033950019468143966,0.060886912659238401,0.092863816799772791
2024-06-20,train,10,-0.041334500212952541,0.023464219451714674,0.0100948758503977,0.051429376063350241
2024-06-21,train,10,-0.029637901166975733,0.025758553203115486,-0.006726203012142884,0.022911698154832849
2024-06-24,train,10,-0.032686567024015512,0.034778760848009016,-0.023191800490852787,0.009494766533162724
2024-06-25,train,10,-0.015302128622757538,0.031459713629403863,-0.034720369822770714,-0.019418241200013175
2024-06-26,train,10,-0.0048807098903212442,0.012299339189680125,-0.026710966365631306,-0.021830256475310061
2024-06-27,train,10,0.0067174630421517056,0.022322888397781515,-0.044967530887172924,-0.05168499392932463
2024-06-28,train,10,0.0064762575855338289,0.01117153622383199,-0.041873524805690621,-0.04834978239122445
2024-07-01,train,10,0.029731573377861698,-0.0048123604943675069,-0.054160166153996658,-0.083891739531858356
2024-07-02,train,10,0.017690296197508837,-0.064838460799162667,0.018579003258965276,0.00088870706145643963
2024-07-03,train,10,0.003764965873305659,-0.05287309157080633,0.0186354416061702,0.014870475732864541
2024-07-04,train,10,-0.02889367129043735,-0.032251350480654306,0.032488179076578305,0.061381850367015656
2024-07-05,train,10,-0.028139866122616375,-0.026578752747524081,0.023447530822373164,0.051587396944989539
2024-07-08,train,10,-0.048149735472136412,-0.00091180002270091487,0.023442001004182089,0.071591736476318502
2024-07-09,train,10,-0.051890199254904457,0.015695623735914155,0.0074980147292240118,0.059388213984128468
2024-07-10,train,10,-0.050689107531786015,0.017300613231936546,0.0018956531396198684,0.052584760671405884
2024-07-11,train,10,-0.04480981337283968,-0.020771388277822933,0.031502221774360017,0.076312035147199697
2024-07-12,train,10,-0.048367481405591439,-0.018885156324636221,0.036898572148489239,0.085266053554080679
2024-07-15,train,10,-0.037079134277981707,0.037189318364180157,-0.024185318116803911,0.012893816161177796
2024-07-16,train,10,-0.048192318445401505,0.028871973057508882,-0.0025861095602784379,0.045606208885123067
2024-07-17,train,10,-0.05356404023620287,0.0023403645272839224,0.03137951563113095,0.08494355586733382
2024-07-18,train,10,-0.050391357886413413,0.0024968299523318582,0.027494171516399879,0.077885529402813292
2024-07-19,train,10,-0.038391004401234496,0.0022224819897436188,0.018855090688822074,0.05724609509005657
2024-07-22,train,10,-0.044429846225670255,-0.016006353212851987,0.039460870531641601,0.083890716757311856
2024-07-23,train,10,-0.041096369634096686,-0.018913959325354834,0.037094636891107924,0.078191006525204609
2024-07-24,train,10,0.0012806382806366257,-0.017510672109690706,-0.002527534242186269,-0.0038081725228228946
2024-07-25,train,10,0.015570127749065743,-0.030067960115425618,-0.0055068349843174769,-0.02107696273338322
2024-07-26,train,10,-0.027778185100921116,0.024396951790464416,-0.022333751332477392,0.0054444337684437238
2024-07-29,train,10,-0.034959185130937598,-0.027535673830202223,0.032870107914333091,0.067829293045270689
2024-07-30,train,10,-0.0094649266293637679,0.017612586498731264,-0.039243436810438181,-0.029778510181074413
2024-07-31,train,10,-0.010531842648709155,0.022274670276335673,-0.046519650596566819,-0.035987807947857664
2024-08-01,train,10,-0.015432988102291934,-0.032321023951306149,0.010627341421035774,0.026060329523327708
2024-08-02,train,10,-0.026256023496351422,-0.014811679320982596,0.0017396321942440562,0.027995655690595478
2024-08-05,train,10,-0.037521488169585837,-0.0022411744938793943,2.8881752854259535e-05,0.037550369922440097
2024-08-06,train,10,-0.031986883913155628,-0.017006646723231766,0.0096046927712842289,0.041591576684439857
2024-08-07,train,10,-0.066651495086586909,0.017687140244655009,0.0052153337915035181,0.071866828878090427
2024-08-08,train,10,-0.071726476893692048,0.016678228707282972,0.01913941351232451,0.090865890406016558
2024-08-09,train,10,-0.086606580012447421,0.034349999145462884,0.021305746956943095,0.10791232696939052
2024-08-12,train,10,-0.068999686522800752,0.02233406909726543,0.012730031534565756,0.081729718057366507
2024-08-13,train,10,-0.079987814000578361,-0.0038015513308962134,0.046893622399406976,0.12688143639998534
2024-08-14,train,10,-0.079003967847434187,-0.0046160776893380273,0.045185471741652439,0.12418943958908663
2024-08-15,train,10,-0.082742180363895468,0.0093899091623408371,0.033625848482538245,0.11636802884643371
2024-08-16,train,10,-0.083103812118694331,0.0085384362792901847,0.036298062945254062,0.11940187506394839
2024-08-19,train,10,-0.019163879253935479,-0.049078279645947132,0.027489124144540522,0.046653003398476001
2024-08-20,train,10,-0.094982920612829147,0.028195619358523383,0.02051393704626725,0.1154968576590964
2024-08-21,train,10,-0.084811998908494168,0.033027528121385985,0.0071338454398831019,0.09194584434837727
2024-08-22,train,10,-0.078238342730403976,0.032898353474509201,0.0017104888310416899,0.079948831561445666
2024-08-23,train,10,-0.065575202372660402,0.019996202531704699,0.0032419930765804628,0.068817195449240864
2024-08-26,train,10,-0.070980371255828234,0.017994623512963659,0.015565175378759288,0.086545546634587522
2024-08-27,train,10,-0.055794922534917579,0.0065905570093862664,0.01880401103334195,0.074598933568259529
2024-08-28,train,10,-0.049728754892728488,-0.012397690162509856,0.027148416982236023,0.076877171874964512
2024-08-29,train,10,-0.044333459318524171,-0.017303476050005151,0.027598210188199301,0.071931669506723472
2024-08-30,train,10,-0.050735067013349067,0.019122842260645756,-0.0044117194586467123,0.046323347554702354
2024-09-02,train,10,-0.041909983967742093,0.030513678683003032,-0.020729061660821835,0.021180922306920258
2024-09-03,train,10,-0.029468326577016868,0.0070881533067318481,-0.0038958799972819147,0.025572446579734953
2024-09-04,train,10,-0.027604847866749715,0.042243950526555163,-0.038571652683161983,-0.010966804816412268
2024-09-05,train,10,-0.02657072590330295,0.043754321801094842,-0.050884485781688527,-0.024313759878385577
2024-09-06,train,10,-0.02250457517747434,0.038875531021163257,-0.053583789380196423,-0.031079214202722083
2024-09-09,train,10,-0.010640994789678615,0.023289719205331072,-0.051269251860505904,-0.040628257070827289
2024-09-10,train,10,-0.014769660203240942,0.024628631783282007,-0.051923308233266852,-0.03715364803002591
2024-09-11,train,10,-0.020832421997164396,-0.03068021113597591,0.012683336470357909,0.033515758467522305
2024-09-12,train,10,-0.035704737261457009,-0.023223459137758085,0.018368653215053266,0.054073390476510275
2024-09-13,train,10,-0.034364137506054826,-0.0024331221706184736,-0.0010404839031704083,0.033323653602884418
2024-09-16,train,10,0.00012524962198767753,-0.043245794662430392,0.0096596661524356309,0.0095344165304479533
2024-09-17,train,10,-0.0084224292646020715,-0.039264741778857248,0.0158270538633839,0.024249483127985971
2024-09-18,train,10,-0.073026336286137028,0.01404766593600848,0.026267418995178371,0.099293755281315399
2024-09-19,train,10,-0.067148732216471163,0.025685772560437692,0.014687247187998631,0.081835979404469794
2024-09-20,train,10,-0.066603481742806225,0.035373740774357287,0.0040373312409195394,0.070640812983725765
2024-09-23,train,10,-0.066546439662046319,0.045117646238221676,-0.0024689783141275679,0.064077461347918752
2024-09-24,train,10,-0.055089598471787515,0.057875580002925364,-0.023840801444825921,0.031248797026961594
2024-09-25,train,10,-0.058815776906652739,0.058428665620376075,-0.025184087327503046,0.033631689579149693
2024-09-26,train,10,-0.044356340466679411,0.04333715343963096,-0.023089841253319587,0.021266499213359824
2024-09-27,train,10,-0.027383315621479054,0.012511525653815414,-0.0042906046758798277,0.023092710945599226
2024-09-30,train,10,-0.0052942271066814817,-0.00073314780261962698,-0.014827006935508535,-0.0095327798288270538
2024-10-01,train,10,-0.0086514215713654474,0.0099483942939321279,-0.026329765633543945,-0.017678344062178497
2024-10-02,train,10,-0.0011098424986029642,-0.0025548783160232458,-0.017109207649660174,-0.01599936515105721
2024-10-03,train,10,6.9229366723932984e-05,0.0078625095607727236,-0.029480843822030367,-0.0295500731887543
2024-10-04,train,10,0.01233480685392141,-0.036461783797608782,0.004798710028587061,-0.0075360968253343485
2024-10-07,train,10,0.022974178793689459,-0.023096697307803615,-0.016358325060945922,-0.039332503854635381
2024-10-08,train,10,0.0104236687206819,-0.010434537871242155,-0.021934506829172196,-0.032358175549854096
2024-10-09,train,10,0.016078434531590968,-0.012908806136515016,-0.02100788343351051,-0.037086317965101478
2024-10-10,train,10,0.012751432807945162,-0.028859077232430475,-0.0035653325694672278,-0.01631676537741239
2024-10-11,train,10,-0.037084864015530905,0.025285789576243944,-0.010145919904553491,0.026938944110977414
2024-10-14,train,10,-0.046239093643682616,0.033577257964217289,-0.0067039632960267936,0.039535130347655822
2024-10-15,train,10,-0.048468050926383788,0.03618448892089221,-0.009578321065723816,0.038889729860659972
2024-10-16,train,10,-0.047219984323484399,0.035019653937803263,-0.0082305316982655419,0.038989452625218857
2024-10-17,train,10,-0.011014796787275072,0.037170696696229855,-0.041770565135877236,-0.030755768348602164
2024-10-18,train,10,-0.001959340539075316,0.0040687819397716707,-0.018413725624157995,-0.016454385085082679
2024-10-21,train,10,-0.0026281556478141566,-0.0061110808763269464,-0.0090644399342824644,-0.0064362842864683079
2024-10-22,train,10,-0.039897111383094097,0.027936377184921923,0.0037149109806677849,0.043612022363761882
2024-10-23,train,10,-0.030223470110451955,0.021324588104808861,0.0025385959251117973,0.032762066035563753
2024-10-24,train,10,-0.022076824315921617,0.023443036174936871,-0.0034308843232095376,0.018645939992712079
2024-10-25,train,10,-0.017153748447912287,0.028062153885251795,-0.014905046058626248,0.0022487023892860392
2024-10-28,train,10,-0.002987868901970947,0.0039452558423911932,-0.0063371974491953087,-0.0033493285472243617
2024-10-29,train,10,-0.00049813519845398613,-0.00039039324214557025,0.0015094713622301748,0.0020076065606841609
2024-10-30,train,10,0.0057462804393989542,0.0027260813267508399,-0.0070728495271639713,-0.012819129966562925
2024-10-31,train,10,-0.0091920759681527464,0.046238006367373186,-0.03578610009859845,-0.026594024130445704
2024-11-01,train,10,0.0043507952096015212,0.047156543804498297,-0.043382014171574279,-0.0477328093811758
2024-11-04,train,10,0.0091537762362795538,0.051954223335487271,-0.05046184411280652,-0.059615620349086074
2024-11-05,train,10,0.018829456800277755,-0.0030434851195546009,-0.011623478728954695,-0.03045293552923245
2024-11-06,train,10,0.020894689584278647,-0.0048683955807072299,-0.010895492239024474,-0.031790181823303121
2024-11-07,train,10,-0.022020194297460327,0.05945073539868162,-0.035375747868687524,-0.013355553571227197
2024-11-08,train,10,-0.03447463083001856,0.027594993853571281,0.01716968109313155,0.05164431192315011
2024-11-11,train,10,-0.00031401317888368752,-0.03335347852340903,0.052360483580620731,0.052674496759504419
2024-11-12,train,10,-0.020607905817998262,-0.010923089119136919,0.047312265283764532,0.067920171101762794
2024-11-13,train,10,-0.014967324071931798,-0.016200122340895406,0.043018599304802452,0.05798592337673425
2024-11-14,train,10,-0.0013380605254852407,-0.014457744341305867,0.027412801995603253,0.028750862521088494
2024-11-15,train,10,0.0032828539077233709,-0.013837536330523537,0.025190522042840391,0.02190766813511702
2024-11-18,train,10,0.027027188320064621,-0.015526215287206324,-0.0008784175191247634,-0.027905605839189385
2024-11-19,train,10,-0.012870122190856814,0.023849829196659067,0.0053501792541500448,0.018220301445006859
2024-11-20,train,10,-0.011406777707417215,0.04659055352609387,-0.019096539175517124,-0.0076897614680999093
2024-11-21,train,10,-0.01302596766062053,0.059351035090514426,-0.02556962068745039,-0.01254365302682986
2024-11-22,train,10,-0.013518694025089206,0.050211218361442156,-0.021596635427515165,-0.0080779414024259588
2024-11-25,train,10,-0.017484684091767899,0.052390968645849245,-0.017391306876733514,9.3377215034384786e-05
2024-11-26,train,10,-0.022173995866724083,0.066695925669086331,-0.021362853614789346,0.00081114225193473777
2024-11-27,train,10,-0.012792745708259168,0.015838273930755209,0.022258762993791925,0.035051508702051093
2024-11-28,train,10,-0.020448969616146395,0.021636608785556122,0.02539423926737383,0.045843208883520226
2024-11-29,train,10,-0.011076298863387568,0.01814079795992285,0.017285596095584388,0.028361894958971956
2024-12-02,train,10,-0.02365638112965518,0.023878285949613609,0.02298322288127691,0.04663960401093209
2024-12-03,train,10,-0.02307441509126823,0.0020629455118879592,0.038410284864907496,0.061484699956175726
2024-12-04,train,10,-0.014171328613662992,0.01788546703460836,0.022770770853063782,0.036942099466726774
2024-12-19,validation,10,0.02951909186732965,0.043228475297531599,-0.030370911924769706,-0.059890003792099356
2024-12-20,validation,10,0.011516939255741099,-0.010006254383283064,0.041928347770524566,0.030411408514783467
2024-12-23,validation,10,-0.032083938076718388,0.039868831486668643,0.024790984981412745,0.056874923058131133
2024-12-24,validation,10,-0.011988115499582952,0.025531067416486197,0.022039716307396096,0.034027831806979048
2024-12-25,validation,10,-0.027137786325585278,0.047883422732131309,0.012739423777351266,0.039877210102936544
2024-12-26,validation,10,0.027013076600275965,-0.012631233894656035,0.021128754054196563,-0.0058843225460794013
2024-12-27,validation,10,-0.01201672322363917,0.0020824450455856347,0.042618880662493197,0.054635603886132367
2024-12-30,validation,10,-0.0098989093228065705,0.003793759949217157,0.037994473795896266,0.047893383118702837
2024-12-31,validation,10,0.0035592556212329374,-0.0056599527874559019,0.035865917787449408,0.032306662166216471
2025-01-01,validation,10,0.021994333783142306,-0.017569756655950952,0.01928462202072434,-0.0027097117624179656
2025-01-02,validation,10,0.01812310046128246,-0.016322640674837796,0.029093953367168968,0.010970852905886508
2025-01-03,validation,10,0.013042264904254641,-0.015376296024875002,0.036272136766413721,0.023229871862159079
2025-01-06,validation,10,0.015752091317076833,-0.0093022451534593986,0.030039248903954041,0.014287157586877208
2025-01-07,validation,10,-0.0010035631000431255,-0.00099484894363122134,0.033373930841566202,0.034377493941609327
2025-01-08,validation,10,0.022648124340506282,0.0021295030376463631,0.016191914738623914,-0.0064562096018823678
2025-01-09,validation,10,0.022996155024418263,0.013958140219079984,-0.0026623846179168464,-0.02565853964233511
2025-01-10,validation,10,0.013273825472471357,0.020260601959159796,0.010757290999985569,-0.0025165344724857874
2025-01-13,validation,10,0.023757106317589316,-0.013502439996307847,0.032010901432121264,0.0082537951145319477
2025-01-14,validation,10,0.013556603761865071,-0.01675510050990825,0.045982686055577648,0.032426082293712577
2025-01-15,validation,10,-0.0063405246340405008,0.020294553362881107,0.034200661534231735,0.040541186168272236
2025-01-16,validation,10,0.035934262945943929,-0.016533787834992264,0.027927737255993623,-0.0080065256899503057
2025-01-17,validation,10,0.044773834406271584,-0.018800646697040624,0.021147978933107325,-0.023625855473164259
2025-01-20,validation,10,0.029936939084900582,-0.0076619063144534039,0.024980580768588778,-0.0049563583163118041
2025-01-21,validation,10,0.043778192032592589,-0.024356291957381149,0.034342360662163118,-0.0094358313704294705
2025-01-22,validation,10,0.014248985595642139,0.0038610019174982746,0.033306434027689402,0.019057448432047264
2025-01-23,validation,10,0.020367760083654596,0.018101811255704869,0.010320609940958292,-0.010047150142696304
2025-01-24,validation,10,0.025650163177921348,0.013576679992876262,0.0042952434621008062,-0.021354919715820542
2025-01-27,validation,10,0.01373217906609403,0.015189454557048232,0.0063004049825006181,-0.0074317740835934121
2025-01-28,validation,10,0.018877359681341743,0.0088126844610825206,0.0059875290616077104,-0.012889830619734033
2025-01-29,validation,10,-0.011049903491468116,0.027367097590399569,0.016206752775666744,0.02725665626713486
2025-01-30,validation,10,0.040245433914162909,0.0096521201610183516,-0.013530254353943838,-0.053775688268106747
2025-01-31,validation,10,0.032834903601221321,0.029257335693088027,-0.018353598201302446,-0.051188501802523767
2025-02-03,validation,10,0.018629524874247183,0.039010287443993652,-0.012773555044714946,-0.031403079918962129
2025-02-04,validation,10,0.064601220261485626,0.0012744104709671578,-0.017254889695244136,-0.081856109956729761
2025-02-05,validation,10,0.071157754104476723,-0.0025856796410744787,-0.023892538580254752,-0.095050292684731474
2025-02-06,validation,10,-0.0003213798587118899,-0.02530477086115851,0.072437561436373032,0.072758941295084922
2025-02-07,validation,10,0.089045361512408938,-0.0076363994062048635,-0.03618629252582356,-0.1252316540382325
2025-02-10,validation,10,0.012761702456702273,-0.036886370272356694,0.065507247446996764,0.052745544990294491
2025-02-11,validation,10,-0.021013108238259082,0.0040978961052783869,0.064138886023883068,0.08515199426214215
2025-02-12,validation,10,-0.014997302460897532,0.011867835192327758,0.042642372813018914,0.057639675273916446
2025-02-13,validation,10,-0.00031921045890542787,0.01971176639426786,0.014297348427627365,0.014616558886532793
2025-02-14,validation,10,-0.0022212476990003949,0.019933172834527002,0.0077146074433530609,0.0099358551423534558
2025-02-17,validation,10,0.027764842300206816,-0.0043486920598910239,0.0051486101601694312,-0.022616232140037384
2025-02-18,validation,10,0.0046813888492902578,0.02690264974704526,-0.010356919922884567,-0.015038308772174824
2025-02-19,validation,10,0.033910817970378315,0.0071099726268120111,-0.016861664972290469,-0.050772482942668784
2025-02-20,validation,10,0.021469451037559539,0.014186295688751738,-0.0077972731276788054,-0.029266724165238345
2025-02-21,validation,10,0.043882660636099136,0.0053128363711804072,-0.017133689429487897,-0.061016350065587033
2025-02-24,validation,10,0.021195253196689801,0.001850600636582711,0.011404899687088188,-0.0097903535096016125
2025-02-25,validation,10,0.032292591690523453,0.00026023569168226457,-0.0028501484002480537,-0.035142740090771507
2025-02-26,validation,10,0.0038906282425201777,0.026148637459831259,0.0088759504778709863,0.0049853222353508087
2025-02-27,validation,10,0.0025227919192215009,0.027210993985808174,0.015266562366966774,0.012743770447745273
2025-02-28,validation,10,0.0021358468398162134,-0.0026228016140342758,0.050032144603926576,0.047896297764110363
2025-03-03,validation,10,-0.02170290985538148,0.039531649539956304,0.023526796039596731,0.045229705894978212
2025-03-04,validation,10,-0.0094205830414514913,0.031014777171470054,0.023753876961983278,0.033174460003434769
2025-03-05,validation,10,0.046522873732843029,-0.01945169169749178,0.022350619199224986,-0.024172254533618043
2025-03-06,validation,10,0.033478488043695687,0.04401630427920411,-0.034098427318996261,-0.067576915362691947
2025-03-07,validation,10,0.0074138643305520779,0.0087497236248526566,0.024109666720885603,0.016695802390333525
2025-03-10,validation,10,0.0035389896824989941,-0.017536488504972192,0.057957734069315481,0.054418744386816487
2025-03-11,validation,10,-0.0033331368364800662,0.053772298793654583,0.0030000241130872518,0.006333160949567318
2025-03-12,validation,10,0.066121040842748502,-0.012199176875002382,-0.0085106647986588069,-0.074631705641407309
2025-03-13,validation,10,0.0057917128117241923,0.054795703695925624,-0.021818146252459647,-0.027609859064183839
2025-03-14,validation,10,0.0099441262651631668,0.053235378300657499,-0.026864179825289991,-0.036808306090453158
2025-03-17,validation,10,0.0064543365824999976,0.053910576176185332,-0.024530594693497498,-0.030984931275997496
2025-03-18,validation,10,0.0091196105627118218,0.053352362627618943,-0.034626637537805816,-0.043746248100517637
2025-03-19,validation,10,-0.029350591345717658,0.001457354955239798,0.049862900558287848,0.079213491904005506
2025-03-20,validation,10,-0.024966957061794359,0.0027928116962467886,0.051210262045418065,0.076177219107212424
2025-03-21,validation,10,-0.011702282097778016,0.00057426746311045607,0.036120035582642096,0.047822317680420112
2025-03-24,validation,10,-0.013850887069549178,0.0031619638533250671,0.035513327648233561,0.04936421471778274
2025-03-25,validation,10,-0.012964973843702654,0.0075725747650882136,0.026272513942468101,0.039237487786170755
2025-03-26,validation,10,-0.0062107989477563907,-0.0032744622004125534,0.033725575698642429,0.03993637464639882
2025-03-27,validation,10,-0.0057864252791932635,0.0169775081320237,0.0091978783372113626,0.014984303616404626
2025-03-28,validation,10,0.016262636193140056,0.0050230271733077148,-0.0028130619687026792,-0.019075698161842736
2025-03-31,validation,10,0.0375632846706625,-0.018892884241222152,0.0033085118186297335,-0.034254772852032767
2025-04-01,validation,10,0.017215389254972069,0.021425009116117111,-0.011781418900197904,-0.028996808155169973
2025-04-16,test,10,-0.0026623227064048183,0.00068598929263574693,0.026320845037325458,0.028983167743730276
2025-04-17,test,10,-0.061102751577168157,0.040122749419269688,0.044955431281319791,0.10605818285848795
2025-04-18,test,10,-0.066805951292203181,0.047791181124827942,0.03617456135408087,0.10298051264628405
2025-04-21,test,10,-0.057962770420231347,0.013660536738381857,0.057737832545592727,0.11570060296582407
2025-04-22,test,10,-0.064040166458663395,0.021089866266610802,0.062022883851441168,0.12606305031010456
2025-04-23,test,10,-0.05534845560478413,0.019890605443442233,0.052402250349693591,0.10775070595447772
2025-04-24,test,10,-0.037547285548400977,0.017545905361052216,0.031665420217348639,0.069212705765749616
2025-04-25,test,10,-0.023132365596089499,0.010556067775195133,0.027821510919281089,0.050953876515370589
2025-04-28,test,10,0.00059822376145490797,0.0035784507477784611,0.0077041680225442555,0.0071059442610893475
2025-04-29,test,10,0.0030407660218648158,0.010583042094683803,0.00013092198805220168,-0.0029098440338126141
2025-04-30,test,10,0.0093035383078490796,0.018074962311086851,-0.01309799682323104,-0.022401535131080119
2025-05-01,test,10,-0.0081276639702473896,0.04129010187923654,-0.018388942760615423,-0.010261278790368034
2025-05-02,test,10,0.016962503635609805,0.0089799869433487278,-0.011182815210578123,-0.028145318846187928
2025-05-05,test,10,0.025261494036394772,-0.012945169341211205,-0.00030639760485556833,-0.02556789164125034
2025-05-06,test,10,0.027245372617781427,-0.013106391351970281,-0.0044205645825205475,-0.031665937200301975
2025-05-07,test,10,0.021873692945573286,-0.022328505594211123,0.0076173626876603895,-0.014256330257912897
2025-05-08,test,10,0.019631334929041788,-0.032687450704979693,0.021325066818291327,0.001693731889249539
2025-05-09,test,10,0.024978504048565109,-0.0095978790146966642,-0.014468311803004619,-0.039446815851569728
2025-05-12,test,10,0.03963943478387788,-0.01456316292329124,-0.032533717535893292,-0.072173152319771172
2025-05-13,test,10,0.03423394551005432,-0.00165515084192569,-0.040361759593702862,-0.074595705103757182
2025-05-14,test,10,-0.0024266045057807495,0.035228002198429476,-0.031183518973118607,-0.028756914467337857
2025-05-15,test,10,-0.018904562882268439,0.045061669792159753,-0.025971216968146971,-0.0070666540858785321
2025-05-16,test,10,-0.030179100043101315,0.056312290489088257,-0.023587096367216176,0.0065920036758851386
2025-05-19,test,10,-0.023484717931216259,-0.020873625336293666,0.045987212178232095,0.069471930109448354
2025-05-20,test,10,-0.021927377225848199,-0.0094916237689143257,0.026483760381300625,0.048411137607148824
2025-05-21,test,10,-0.0092214854624503295,-0.010857551053486736,0.018219142154676238,0.027440627617126567
2025-05-22,test,10,-0.0092667939423081713,-0.0037914642629895967,0.0055622097901694145,0.014829003732477586
2025-05-23,test,10,-0.023976002812395258,0.011368789811942559,0.0016955564409179558,0.025671559253313214
2025-05-26,test,10,-0.010554561639765425,0.014585410753035655,-0.0069049382312024732,0.003649623408562952
2025-05-27,test,10,-0.031635237626394863,0.027358729881770016,-0.0067814772591145434,0.02485376036728032
2025-05-28,test,10,-0.014037097827493406,0.026174675506612011,-0.026634579358376098,-0.012597481530882693
2025-05-29,test,10,-0.018819364280967921,0.022806377069131134,-0.020025634828250927,-0.001206270547283006
2025-05-30,test,10,-0.010385405769787415,0.020218325612554322,-0.032119566747468242,-0.021734160977680828
2025-06-02,test,10,-0.021915165896806144,0.030024153264299414,-0.029278849457258505,-0.0073636835604523609
2025-06-03,test,10,-0.016887454008622904,0.025995213847195053,-0.03216808672630489,-0.015280632717681986
2025-06-04,test,10,-0.0060906926819926932,0.0057527496403177447,-0.03190163369786353,-0.025810941015870836
2025-06-05,test,10,-0.011385402470434458,-0.036781684219096444,0.01273896986499945,0.024124372335433908
2025-06-06,test,10,-0.017333885847965802,-0.0036262361830287637,-0.012126967874486749,0.0052069179734790527
2025-06-09,test,10,-0.010171527944302039,-0.031586108145470526,0.00041786823321415811,0.010589396177516197
2025-06-10,test,10,-0.0026597659360313441,-0.045182834362746116,0.0096918148738741605,0.012351580809905505
2025-06-11,test,10,-0.010487418164743245,0.00031918453712770356,-0.033621553230605783,-0.023134135065862538
2025-06-12,test,10,-0.012331900189849476,-0.016309095812983398,-0.015682694141820275,-0.0033507939519707985
2025-06-13,test,10,-0.0083054487013468625,-0.0057100588618564374,-0.027720017465699631,-0.019414568764352769
2025-06-16,test,10,-0.01646173752634339,-0.016202313602897644,-0.012349873147692536,0.0041118643786508535
2025-06-17,test,10,-0.021908715569191828,0.020223285799510271,-0.042782890988372679,-0.020874175419180852
2025-06-18,test,10,0.010069124703419585,-0.036552264151446801,-0.015879731116926865,-0.02594885582034645
2025-06-19,test,10,-0.015782068533973126,0.0005180416577881819,-0.020313325784245329,-0.0045312572502722026
2025-06-20,test,10,0.0071023075137142122,-0.025611766659672019,-0.015930886736083449,-0.023033194249797662
2025-06-23,test,10,-0.0038542000240032182,-0.026098750021096684,-0.0013787622704219404,0.0024754377535812777
2025-06-24,test,10,-0.0031491615650049987,-0.033033688733194344,0.0068228269525680285,0.0099719885175730272
2025-06-25,test,10,-0.0060002133754140652,-0.046454720543981143,0.015873146445513076,0.021873359820927141
2025-06-26,test,10,-0.029817634451545005,-0.017999813658039265,0.015176573713540087,0.044994208165085092
2025-06-27,test,10,-0.038581917128684751,0.0062205355451170896,0.00031122808270522828,0.038893145211389979
2025-06-30,test,10,-0.0238626509831808,0.018702433407350116,-0.023238693725482262,0.00062395725769853749
2025-07-01,test,10,-0.039255132693965522,0.026543546417128083,-0.016257606037197336,0.022997526656768186
2025-07-02,test,10,-0.055137441376564844,0.028089925303944718,-0.0068075036247718934,0.048329937751792951
2025-07-03,test,10,0.0090484825095695776,-0.029988371670937597,-0.017094749525422226,-0.026143232034991803
2025-07-04,test,10,-0.070946263789864628,0.046947607456007345,-0.011190272571466486,0.059755991218398141
2025-07-07,test,10,-0.027612266263052077,-0.0065699618098191137,-0.0033249449483181981,0.024287321314733878
2025-07-08,test,10,-0.029389934238996163,-0.01215569059460847,0.0034204647997941318,0.032810399038790294
2025-07-09,test,10,-0.050080898481237424,0.0085254986470614247,0.015528873980983904,0.065609772462221327
2025-07-10,test,10,-0.050183781789951587,-0.027368463190512504,0.0386307204600288,0.088814502249980387
2025-07-11,test,10,-0.056829039777919588,-0.018617073456530575,0.032457990668151249,0.089287030446070836
2025-07-14,test,10,-0.015787790850669225,-0.025082682227643593,-0.002294002120469596,0.01349378873019963
2025-07-15,test,10,-0.021936781487263191,-0.025347785447209947,0.0045367778027076144,0.026473559289970805
2025-07-16,test,10,-0.019510244657530929,-0.021037595125669328,-0.0023785760380395371,0.017131668619491391
2025-07-17,test,10,-0.022523141732772478,-0.008512662503504298,-0.0030349119227339183,0.01948822981003856
2025-07-18,test,10,-0.034799735972533941,0.00091559222975506893,-0.0081522890693804251,0.026647446903153515
2025-07-21,test,10,-0.028060817888516276,0.0043363551871727357,-0.011195865238102343,0.016864952650413934
2025-07-22,test,10,-0.018255122287743619,0.0079982981984721979,-0.027138939636795478,-0.008883817349051859
2025-07-23,test,10,-0.0025868310419593366,-0.00037593467425828253,-0.038069113289100953,-0.035482282247141617
2025-07-24,test,10,-0.019149071593322409,0.022577632671922476,-0.037588278177577927,-0.018439206584255519
2025-07-25,test,10,-0.01861386933783743,0.018152662376456186,-0.028477507065434782,-0.0098636377275973519
2025-07-28,test,10,0.020035106058513441,-0.045514120723571028,-0.0051240379843257022,-0.025159144042839143
