fold,seed,split,timestamp,action,decision_eligible,decision_schedule_kind,decision_every_bars,decision_anchor,decision_session,reward,gross_return,net_return,one_way_turnover,cost,execution_risk_status,execution_risk_forecast_available,execution_risk_observations,pretrade_risk_forecast_annualized,executed_risk_forecast_annualized,execution_risk_ceiling_annualized,risk_rebalance_override,execution_reason,gross_exposure,proposed_one_way_turnover,constraint_rebalance_override,constraint_repair_one_way,executed_constraint_maximum_error
fold-1,11,validation,2024-11-04,intraday,True,every-bars,1,dataset-start,dataset,0.0085947227724271283,0.0096039463509783752,0.008603946350978376,0.5,0.001,within_ceiling,True,60,0,0.096538602383172509,0.14999999999999999,False,rebalance_threshold_met,1,0.5,False,0,0
fold-1,11,validation,2024-11-05,balanced,True,every-bars,1,dataset-start,dataset,-0.0077289171635831089,-0.0066864557698400381,-0.0077244462945069061,0.51899526233343418,0.0010379905246668685,within_ceiling,True,60,0.096456081909402372,0.084390043591766939,0.14999999999999999,False,rebalance_threshold_met,0.99999999999999989,0.51899526233343418,False,4.5102810375396984e-17,5.5511151231257827e-17
fold-1,11,validation,2024-11-06,intraday,True,every-bars,1,dataset-start,dataset,0.0065976264556505161,0.0078186836715702351,0.0066037396370861243,0.60747201724205513,0.0012149440344841104,within_ceiling,True,60,0.085148203333963238,0.095242537885545667,0.14999999999999999,False,rebalance_threshold_met,1,0.60747201724205513,False,0,0
fold-1,11,validation,2024-11-07,balanced,True,every-bars,1,dataset-start,dataset,-0.0021154620256979544,-0.0009740150764088885,-0.0021153671551610471,0.57067603937607947,0.0011413520787521589,within_ceiling,True,60,0.096029555813176529,0.088586877771302586,0.14999999999999999,False,rebalance_threshold_met,0.99999999999999989,0.57067603937607947,False,4.163336342344337e-17,0
fold-1,11,validation,2024-11-08,intraday,True,every-bars,1,dataset-start,dataset,0.015769102408449524,0.017803621385789961,0.015800799301894382,1.0014110419477904,0.0020028220838955806,within_ceiling,True,60,0.08860716909484305,0.088535103168000659,0.14999999999999999,False,rebalance_threshold_met,1,1.0014110419477904,False,0,0
fold-1,11,validation,2024-11-11,balanced,True,every-bars,1,dataset-start,dataset,0.0042700104113636821,0.0057505005096987203,0.0042733172369748863,0.73859163636191683,0.0014771832727238337,within_ceiling,True,60,0.092988044142637505,0.096181096458719265,0.14999999999999999,False,rebalance_threshold_met,1,0.73859163636191683,False,0,0
fold-1,11,validation,2024-11-12,intraday,True,every-bars,1,dataset-start,dataset,0.011954361789384837,0.012759271724634067,0.011970641690879141,0.3943150168774634,0.00078863003375492682,within_ceiling,True,60,0.093714290382990548,0.095489792942205956,0.14999999999999999,False,rebalance_threshold_met,1,0.3943150168774634,False,0,0
fold-1,11,validation,2024-11-13,balanced,True,every-bars,1,dataset-start,dataset,0.0056939317164285876,0.0076863426106265498,0.0056998397027013805,0.99325145396258463,0.0019865029079251693,within_ceiling,True,60,0.097131051023642778,0.090588020538826683,0.14999999999999999,False,rebalance_threshold_met,0.99999999999999989,0.99325145396258463,False,0,2.7755575615628914e-17
fold-1,11,validation,2024-11-14,intraday,True,every-bars,1,dataset-start,dataset,0.0060302121440346454,0.0080296100629827973,0.006036659607811001,0.99647522758589813,0.0019929504551717964,within_ceiling,True,60,0.090835703129506506,0.090406049262391361,0.14999999999999999,False,rebalance_threshold_met,1,0.99647522758589813,False,0,0
fold-1,11,validation,2024-11-15,balanced,True,every-bars,1,dataset-start,dataset,0.0086701991654102029,0.0099492638861126987,0.0086800979505977528,0.63458296775747336,0.0012691659355149466,within_ceiling,True,60,0.089790932586494301,0.091010706999260574,0.14999999999999999,False,rebalance_threshold_met,1,0.63458296775747336,False,4.163336342344337e-17,0
fold-1,11,validation,2024-11-18,intraday,True,every-bars,1,dataset-start,dataset,0.0086870282863181335,0.010153623521366527,0.0086973378933794983,0.72814281399351388,0.0014562856279870277,within_ceiling,True,60,0.092362954864124949,0.095600772530921016,0.14999999999999999,False,rebalance_threshold_met,1,0.72814281399351388,False,0,3.4694469519536142e-17
fold-1,11,validation,2024-11-19,balanced,True,every-bars,1,dataset-start,dataset,0.00082386106391019555,0.0022908832224188824,0.00082438587850407153,0.73324867195740551,0.0014664973439148109,within_ceiling,True,60,0.092667623790093676,0.11017698262436854,0.14999999999999999,False,rebalance_threshold_met,1,0.73324867195740551,False,0,0
fold-1,11,validation,2024-11-20,intraday,True,every-bars,1,dataset-start,dataset,0.013573487385545483,0.014997526572803802,0.013595979965875679,0.70077330346406075,0.0014015466069281215,within_ceiling,True,60,0.10893151489481397,0.096530523302096605,0.14999999999999999,False,rebalance_threshold_met,1,0.70077330346406075,False,0,5.5511151231257827e-17
fold-1,11,validation,2024-11-21,balanced,True,every-bars,1,dataset-start,dataset,0.0076824449928550543,0.0087081384357337813,0.0076900281603566444,0.50905513768856858,0.0010181102753771371,within_ceiling,True,60,0.099278545514367336,0.091440962544251159,0.14999999999999999,False,rebalance_threshold_met,1,0.50905513768856858,False,0,5.5511151231257827e-17
fold-1,11,validation,2024-11-22,intraday,True,every-bars,1,dataset-start,dataset,0.010535502295361317,0.01167410351747273,0.010549130764654984,0.56248637640887267,0.0011249727528177453,within_ceiling,True,60,0.088775410790434148,0.091689621686380743,0.14999999999999999,False,rebalance_threshold_met,1,0.56248637640887267,False,4.163336342344337e-17,5.5511151231257827e-17
fold-1,11,validation,2024-11-25,balanced,True,every-bars,1,dataset-start,dataset,-0.005095975900655178,-0.0039137518716962994,-0.005094444155283857,0.59034614179377853,0.0011806922835875572,within_ceiling,True,60,0.09082128885192231,0.094630147281851512,0.14999999999999999,False,rebalance_threshold_met,1,0.59034614179377853,False,0,0
fold-1,11,validation,2024-11-26,intraday,True,every-bars,1,dataset-start,dataset,0.0053060698708150989,0.0065980484106287936,0.0053104232950979989,0.64381255776539725,0.0012876251155307945,within_ceiling,True,60,0.094903974623885376,0.085513973928547315,0.14999999999999999,False,rebalance_threshold_met,1,0.64381255776539725,False,0,0
fold-1,11,validation,2024-11-27,balanced,True,every-bars,1,dataset-start,dataset,0.0014610492877054615,0.0025928566925931111,0.001461721578288294,0.56556755715240858,0.001131135114304817,within_ceiling,True,60,0.085138532219794102,0.079001662594594221,0.14999999999999999,False,rebalance_threshold_met,1,0.56556755715240858,False,6.2450045135165055e-17,0
fold-1,11,validation,2024-11-28,intraday,True,every-bars,1,dataset-start,dataset,0.0027515727664420373,0.0047511255515379994,0.002753830085842685,0.99864773284765707,0.0019972954656953144,within_ceiling,True,60,0.079013350116160549,0.084743726864380517,0.14999999999999999,False,rebalance_threshold_met,1,0.99864773284765707,False,0,0
fold-1,11,validation,2024-11-29,balanced,True,every-bars,1,dataset-start,dataset,0.0017940338812154604,0.002914235587201699,0.0017948831581212318,0.55967621454023364,0.0011193524290804672,within_ceiling,True,60,0.084864716959598754,0.088737112299912879,0.14999999999999999,False,rebalance_threshold_met,1,0.55967621454023364,False,0,5.5511151231257827e-17
fold-1,11,validation,2024-12-02,intraday,True,every-bars,1,dataset-start,dataset,0.0032773502647161883,0.0043304230052465887,0.0032792255210566251,0.52559874209498181,0.0010511974841899638,within_ceiling,True,60,0.087585433701482543,0.091698009950745257,0.14999999999999999,False,rebalance_threshold_met,1,0.52559874209498181,False,9.3675067702747583e-17,9.7144514654701197e-17
fold-1,11,validation,2024-12-03,balanced,True,every-bars,1,dataset-start,dataset,-0.0083155342852809528,-0.0071255504641113956,-0.0083104569383392925,0.59245323711394893,0.0011849064742278977,within_ceiling,True,60,0.091506213690781615,0.099279876058806865,0.14999999999999999,False,rebalance_threshold_met,1,0.59245323711394893,False,0,0
fold-1,11,validation,2024-12-04,intraday,True,every-bars,1,dataset-start,dataset,0.0039156424252060297,0.0055018634280051305,0.0039186694753240714,0.79159697634052972,0.0015831939526810594,within_ceiling,True,60,0.10036808092978269,0.089842591687926854,0.14999999999999999,False,rebalance_threshold_met,0.99999999999999989,0.79159697634052972,False,0,2.7755575615628914e-17
fold-1,11,validation,2024-12-05,balanced,True,every-bars,1,dataset-start,dataset,-0.0031314225131992453,-0.0017166260223613892,-0.0031311278327091803,0.70725090517389566,0.0014145018103477913,within_ceiling,True,60,0.089043254675779809,0.086287323562758644,0.14999999999999999,False,rebalance_threshold_met,1,0.70725090517389566,False,0,0
fold-1,11,validation,2024-12-06,intraday,True,every-bars,1,dataset-start,dataset,0.0060941539630236302,0.0071302259634928675,0.0060992379752526768,0.51549399412009544,0.0010309879882401908,within_ceiling,True,60,0.083767409966679141,0.094006904070363287,0.14999999999999999,False,rebalance_threshold_met,1,0.51549399412009544,False,4.163336342344337e-17,2.7755575615628914e-17
fold-1,11,validation,2024-12-09,balanced,True,every-bars,1,dataset-start,dataset,-0.0042630589802629551,-0.0027784959233353012,-0.0042622869763033564,0.74189552648402746,0.001483791052968055,within_ceiling,True,60,0.093707569953801403,0.093580578159459221,0.14999999999999999,False,rebalance_threshold_met,1,0.74189552648402746,False,0,2.7755575615628914e-17
fold-1,11,validation,2024-12-10,intraday,True,every-bars,1,dataset-start,dataset,0.011504810625446593,0.013412677249568721,0.011522800616546702,0.94493831651100935,0.0018898766330220187,within_ceiling,True,60,0.094009650409244083,0.091715602038311125,0.14999999999999999,False,rebalance_threshold_met,1,0.94493831651100935,False,9.0205620750793969e-17,5.5511151231257827e-17
fold-1,11,validation,2024-12-11,balanced,True,every-bars,1,dataset-start,dataset,-0.0056334878086333985,-0.0040750701083303569,-0.0056318271889946175,0.77837854033213016,0.0015567570806642604,within_ceiling,True,60,0.093101414084367742,0.083738971747762792,0.14999999999999999,False,rebalance_threshold_met,1,0.77837854033213016,False,0,5.5511151231257827e-17
fold-1,11,validation,2024-12-12,intraday,True,every-bars,1,dataset-start,dataset,0.0097868109596463554,0.011113649613607945,0.0097991622804197605,0.65724366659409217,0.0013144873331881843,within_ceiling,True,60,0.083521664486889344,0.079238275261090133,0.14999999999999999,False,rebalance_threshold_met,1,0.65724366659409217,False,0,0
fold-1,11,validation,2024-12-13,balanced,True,every-bars,1,dataset-start,dataset,0.0008418400089251775,0.0010421018416897727,0.0008419486065500228,0.10007661756987493,0.00020015323513974988,within_ceiling,True,60,0.079995659037418912,0.082599345793671203,0.14999999999999999,False,rebalance_threshold_met,1,0.10007661756987493,False,0,5.5511151231257827e-17
fold-1,11,validation,2024-12-16,intraday,True,every-bars,1,dataset-start,dataset,0.019347118477862784,0.021395517156102661,0.019392895293300492,1.0013109314010848,0.0020026218628021696,within_ceiling,True,60,0.082183127110349599,0.091120409870847449,0.14999999999999999,False,rebalance_threshold_met,1,1.0013109314010848,False,0,0
fold-1,11,validation,2024-12-17,balanced,True,every-bars,1,dataset-start,dataset,0.00078602032861725614,0.0024106739923168627,0.00078660146352697944,0.8120362643949417,0.0016240725287898833,within_ceiling,True,60,0.098448716130231401,0.090468647105652306,0.14999999999999999,False,rebalance_threshold_met,1,0.8120362643949417,False,4.163336342344337e-17,2.7755575615628914e-17
fold-1,11,validation,2024-12-18,intraday,True,every-bars,1,dataset-start,dataset,0.0070903653765426984,0.0086451971064971708,0.0070978393198437174,0.77367889332672646,0.001547357786653453,within_ceiling,True,60,0.089481347752041945,0.085355139772095565,0.14999999999999999,False,rebalance_threshold_met,1,0.77367889332672646,False,0,0
fold-1,11,validation,2024-12-19,balanced,True,every-bars,1,dataset-start,dataset,0.01585516335933736,0.017074512378312281,0.015884317256633074,0.59509756083960386,0.0011901951216792077,within_ceiling,True,60,0.086113273070785007,0.095250929401859336,0.14999999999999999,False,rebalance_threshold_met,1,0.59509756083960386,False,0,0
fold-1,11,validation,2024-12-20,intraday,True,every-bars,1,dataset-start,dataset,0.0073947202140707694,0.008993373368949252,0.0074028082905261017,0.7952825392115751,0.0015905650784231503,within_ceiling,True,60,0.094552904290640366,0.094969413185918325,0.14999999999999999,False,rebalance_threshold_met,1,0.7952825392115751,False,0,0
fold-1,11,validation,2024-12-23,balanced,True,every-bars,1,dataset-start,dataset,0.0079425152975631241,0.0099504386090311838,0.0079524164204143339,0.99901109430842494,0.0019980221886168499,within_ceiling,True,60,0.096113643907376548,0.097237625583787804,0.14999999999999999,False,rebalance_threshold_met,1,0.99901109430842494,False,0,0
fold-1,11,validation,2024-12-24,intraday,True,every-bars,1,dataset-start,dataset,-0.0058441738401674975,-0.0047240920513286879,-0.005841942135596555,0.55892504213393357,0.0011178500842678671,within_ceiling,True,60,0.098735347842333746,0.089977150953687676,0.14999999999999999,False,rebalance_threshold_met,1,0.55892504213393357,False,0,0
fold-1,11,validation,2024-12-25,balanced,True,every-bars,1,dataset-start,dataset,0.0097394274342221341,0.010912454824227031,0.0097513356012512136,0.58055961148790847,0.0011611192229758168,within_ceiling,True,60,0.090486575019715632,0.092910233509945553,0.14999999999999999,False,rebalance_threshold_met,1,0.58055961148790847,False,0,0
fold-1,11,validation,2024-12-26,intraday,True,every-bars,1,dataset-start,dataset,-0.010726895706954289,-0.01000751980176604,-0.010716880661696015,0.35468042996498722,0.00070936085992997448,within_ceiling,True,60,0.09416964110001555,0.098507102248489256,0.14999999999999999,False,rebalance_threshold_met,1,0.35468042996498722,False,0,2.7755575615628914e-17
fold-1,11,validation,2024-12-27,balanced,True,every-bars,1,dataset-start,dataset,0.014136600173290069,0.015513649603616916,0.01416066750569245,0.67649104896223311,0.001352982097924466,within_ceiling,True,60,0.10119709437289327,0.069684989019633312,0.14999999999999999,False,rebalance_threshold_met,1,0.67649104896223311,False,4.163336342344337e-17,1.3877787807814457e-17
fold-1,11,validation,2024-12-30,intraday,True,every-bars,1,dataset-start,dataset,0.0081018178939687522,0.0097305396345606469,0.0081112862341267272,0.80962670021696015,0.0016192534004339201,within_ceiling,True,60,0.073993886644635631,0.084578088394575771,0.14999999999999999,False,rebalance_threshold_met,1,0.80962670021696015,False,0,0
fold-1,11,validation,2024-12-31,balanced,True,every-bars,1,dataset-start,dataset,0.010441825040546138,0.011589765061408148,0.010455257305964001,0.56725387772207325,0.0011345077554441466,within_ceiling,True,60,0.084957599404730202,0.10037098275238981,0.14999999999999999,False,rebalance_threshold_met,1.0000000000000002,0.56725387772207325,False,0,2.2204460492503131e-16
fold-1,11,validation,2025-01-01,intraday,True,every-bars,1,dataset-start,dataset,0.0055363365578012039,0.0066332970626926538,0.0055407366207933968,0.54628022094962847,0.001092560441899257,within_ceiling,True,60,0.10183164614292395,0.088700373420330006,0.14999999999999999,False,rebalance_threshold_met,1,0.54628022094962847,False,0,5.5511151231257827e-17
fold-1,11,validation,2025-01-02,balanced,True,every-bars,1,dataset-start,dataset,0.0048004847177708669,0.0059751116751736721,0.0048040549137239466,0.5855283807248628,0.0011710567614497255,within_ceiling,True,60,0.088537244852189223,0.090652165416467728,0.14999999999999999,False,rebalance_threshold_met,1,0.5855283807248628,False,0,0
fold-1,11,validation,2025-01-03,intraday,True,every-bars,1,dataset-start,dataset,0.001950087103477769,0.0033461154198085262,0.0019512067523180371,0.69745433374524457,0.0013949086674904891,within_ceiling,True,60,0.088063378895500588,0.083590684058232945,0.14999999999999999,False,rebalance_threshold_met,1,0.69745433374524457,False,0,0
fold-1,11,validation,2025-01-06,balanced,True,every-bars,1,dataset-start,dataset,0.015625002388726959,0.01679156309570275,0.015653198047846657,0.56918252392804647,0.0011383650478560929,within_ceiling,True,60,0.08331297519756764,0.090682657711244535,0.14999999999999999,False,rebalance_threshold_met,1,0.56918252392804647,False,0,0
fold-1,11,validation,2025-01-07,intraday,True,every-bars,1,dataset-start,dataset,-0.0096773570560253538,-0.0077680493705531376,-0.0096713227969230185,0.95163671318494014,0.0019032734263698802,within_ceiling,True,60,0.09656330791630896,0.094386886138604062,0.14999999999999999,False,rebalance_threshold_met,1,0.95163671318494014,False,3.1225022567582528e-17,0
fold-1,11,validation,2025-01-08,balanced,True,every-bars,1,dataset-start,dataset,0.019521932880196581,0.021472749800516895,0.019568040778596141,0.95235451096037682,0.0019047090219207537,within_ceiling,True,60,0.095575009859095575,0.076596070125540247,0.14999999999999999,False,rebalance_threshold_met,1,0.95235451096037682,False,0,5.5511151231257827e-17
fold-1,11,validation,2025-01-09,intraday,True,every-bars,1,dataset-start,dataset,-0.019269130908244093,-0.018344290172095538,-0.01923547961005229,0.44559471897837588,0.00089118943795675172,within_ceiling,True,60,0.084408717842947442,0.087137090929553518,0.14999999999999999,False,rebalance_threshold_met,1,0.44559471897837588,False,4.5102810375396984e-17,5.5511151231257827e-17
fold-1,11,validation,2025-01-10,balanced,True,every-bars,1,dataset-start,dataset,0.015320749788751106,0.016770384504049923,0.015348874368392473,0.71075506782872466,0.0014215101356574494,within_ceiling,True,60,0.097289193432478507,0.085182628805736835,0.14999999999999999,False,rebalance_threshold_met,1,0.71075506782872466,False,0,2.7755575615628914e-17
fold-1,11,validation,2025-01-13,intraday,True,every-bars,1,dataset-start,dataset,-0.0022589734277410956,-0.00087327573247246448,-0.0022588971666906033,0.6928107171090695,0.001385621434218139,within_ceiling,True,60,0.089418103708134467,0.09256203270444506,0.14999999999999999,False,rebalance_threshold_met,0.99999999999999989,0.6928107171090695,False,4.5102810375396984e-17,7.6327832942979512e-17
fold-1,11,validation,2025-01-14,balanced,True,every-bars,1,dataset-start,dataset,0.008641363245699217,0.0099305085658680497,0.0086512247457368949,0.63964191006557736,0.0012792838201311546,within_ceiling,True,60,0.091734150442565471,0.10727531495502203,0.14999999999999999,False,rebalance_threshold_met,1,0.63964191006557736,False,0,2.0816681711721685e-17
fold-1,11,validation,2025-01-15,intraday,True,every-bars,1,dataset-start,dataset,-0.0012987258748795867,0.00058463238511907234,-0.0012986916953770136,0.9416620402480429,0.0018833240804960859,within_ceiling,True,60,0.10747027470719013,0.092188067270831342,0.14999999999999999,False,rebalance_threshold_met,1,0.9416620402480429,False,0,2.7755575615628914e-17
fold-1,11,validation,2025-01-16,balanced,True,every-bars,1,dataset-start,dataset,0.011030677339153663,0.012337042705645659,0.011045897601425755,0.64557255210995157,0.0012911451042199032,within_ceiling,True,60,0.090606504505198596,0.082546173278942661,0.14999999999999999,False,rebalance_threshold_met,1,0.64557255210995157,False,0,2.7755575615628914e-17
fold-1,11,validation,2025-01-17,intraday,True,every-bars,1,dataset-start,dataset,0.0060240202242309174,0.0080206780705256199,0.0060304533519020187,0.99511235931180075,0.0019902247186236012,within_ceiling,True,60,0.084469546234961501,0.087761576570468111,0.14999999999999999,False,rebalance_threshold_met,1,0.99511235931180075,False,0,6.9388939039072284e-18
fold-1,11,validation,2025-01-20,balanced,True,every-bars,1,dataset-start,dataset,0.00096555992782902656,0.0019775275167695098,0.00096595098933698466,0.50578826371626251,0.0010115765274325251,within_ceiling,True,60,0.089328081983868282,0.098347033639394552,0.14999999999999999,False,rebalance_threshold_met,1,0.50578826371626251,False,4.163336342344337e-17,2.7755575615628914e-17
fold-1,11,validation,2025-01-21,intraday,True,every-bars,1,dataset-start,dataset,-0.0058685847642267162,-0.0048447667959710342,-0.005866237587695982,0.51073539586247396,0.0010214707917249478,within_ceiling,True,60,0.097875729321474175,0.099638847352346738,0.14999999999999999,False,rebalance_threshold_met,1,0.51073539586247396,False,0,0
fold-1,11,validation,2025-01-22,balanced,True,every-bars,1,dataset-start,dataset,0.0079854977859467203,0.0096029306397417604,0.0079947194136338901,0.80410561305393502,0.0016082112261078699,within_ceiling,True,60,0.10193332276132883,0.10924875390478302,0.14999999999999999,False,rebalance_threshold_met,1,0.80410561305393502,False,0,5.5511151231257827e-17
fold-1,11,validation,2025-01-23,intraday,True,every-bars,1,dataset-start,dataset,0.0034575047977369764,0.0047695472991438285,0.0034597796558808536,0.6548838216314874,0.0013097676432629747,within_ceiling,True,60,0.11006800587359949,0.079599475388976562,0.14999999999999999,False,rebalance_threshold_met,1,0.6548838216314874,False,0,0
fold-1,11,validation,2025-01-24,balanced,True,every-bars,1,dataset-start,dataset,0.0073475718386329311,0.0090877692734024108,0.0073558305936695908,0.86596933986641011,0.0017319386797328203,within_ceiling,True,60,0.079265224168759307,0.10031855159817815,0.14999999999999999,False,rebalance_threshold_met,1,0.86596933986641011,False,0,0
fold-1,11,test,2025-01-27,intraday,True,every-bars,1,dataset-start,dataset,0.00040535187339232448,0.0014055494303124296,0.00040554943031242963,0.5,0.001,within_ceiling,True,60,0,0.089633056834450983,0.14999999999999999,False,rebalance_threshold_met,1,0.5,False,4.8572257327350599e-17,5.5511151231257827e-17
fold-1,11,test,2025-01-28,balanced,True,every-bars,1,dataset-start,dataset,0.011169661896161169,0.01273747740665743,0.011185886229229679,0.77579558871387533,0.0015515911774277506,within_ceiling,True,60,0.088940967996582451,0.1028673693588802,0.14999999999999999,False,rebalance_threshold_met,1,0.77579558871387533,False,4.163336342344337e-17,7.6327832942979512e-17
fold-1,11,test,2025-01-29,intraday,True,every-bars,1,dataset-start,dataset,0.0017461626043046312,0.0028400776861521987,0.0017469692084309692,0.54655423886061472,0.0010931084777212295,within_ceiling,True,60,0.10562922515228233,0.093599514779742543,0.14999999999999999,False,rebalance_threshold_met,1,0.54655423886061472,False,0,0
fold-1,11,test,2025-01-30,balanced,True,every-bars,1,dataset-start,dataset,0.0037450075817316406,0.0051183761457691459,0.0037476273591685984,0.68537439330027361,0.0013707487866005473,within_ceiling,True,60,0.094258597274477135,0.088915970898567898,0.14999999999999999,False,rebalance_threshold_met,1,0.68537439330027361,False,0,0
fold-1,11,test,2025-01-31,intraday,True,every-bars,1,dataset-start,dataset,-0.0049976730836964736,-0.0037528017169164742,-0.0049962647316238243,0.62173150735367499,0.0012434630147073501,within_ceiling,True,60,0.089407324949385483,0.08879326185067099,0.14999999999999999,False,rebalance_threshold_met,1.0000000000000002,0.62173150735367499,False,0,2.2204460492503131e-16
fold-1,11,test,2025-02-03,balanced,True,every-bars,1,dataset-start,dataset,0.015388380179014357,0.0165969844720434,0.015415926168370881,0.59052915183625898,0.0011810583036725181,within_ceiling,True,60,0.089290253012939122,0.10212922629111414,0.14999999999999999,False,rebalance_threshold_met,1,0.59052915183625898,False,0,0
fold-1,11,test,2025-02-04,intraday,True,every-bars,1,dataset-start,dataset,-0.0043571517612837236,-0.0029449171211084037,-0.0043562845075987037,0.70568369324515012,0.0014113673864903002,within_ceiling,True,60,0.10362482205715932,0.09769628063579526,0.14999999999999999,False,rebalance_threshold_met,1,0.70568369324515012,False,0,0
fold-1,11,test,2025-02-05,balanced,True,every-bars,1,dataset-start,dataset,0.011348295578400775,0.012977316804180149,0.01136513665354438,0.80609007531788412,0.0016121801506357683,within_ceiling,True,60,0.099047245623397701,0.097750447629635862,0.14999999999999999,False,rebalance_threshold_met,1,0.80609007531788412,False,0,0
fold-1,11,test,2025-02-06,intraday,True,every-bars,1,dataset-start,dataset,0.0066141950647701864,0.0086121698007804136,0.0066216120116379335,0.99527889457124008,0.0019905577891424801,within_ceiling,True,60,0.1008630972284164,0.094217954550825128,0.14999999999999999,False,rebalance_threshold_met,1,0.99527889457124008,False,0,0
fold-1,11,test,2025-02-07,balanced,True,every-bars,1,dataset-start,dataset,0.013344334380059901,0.014629604237984418,0.013365736912075906,0.6319336629542559,0.0012638673259085119,within_ceiling,True,60,0.09463728731449117,0.092417971924795242,0.14999999999999999,False,rebalance_threshold_met,1,0.6319336629542559,False,0,0
fold-1,11,test,2025-02-10,intraday,True,every-bars,1,dataset-start,dataset,0.0048619628978535277,0.0052874596549896888,0.0048647586208138425,0.21135051708792324,0.0004227010341758465,within_ceiling,True,60,0.095943628667944744,0.10206393777136184,0.14999999999999999,False,rebalance_threshold_met,1,0.21135051708792324,False,0,0
fold-1,11,test,2025-02-11,balanced,True,every-bars,1,dataset-start,dataset,0.01153455714252969,0.01213222014109392,0.011549276219084886,0.29147196100451728,0.0005829439220090346,within_ceiling,True,60,0.10079519049570969,0.091636459972259401,0.14999999999999999,False,rebalance_threshold_met,1,0.29147196100451728,False,0,5.5511151231257827e-17
fold-1,11,test,2025-02-12,intraday,True,every-bars,1,dataset-start,dataset,-0.0082567469195205315,-0.0066685308454929246,-0.0082522999891568027,0.79188457183193928,0.0015837691436638786,within_ceiling,True,60,0.092519444311263188,0.1135278973037539,0.14999999999999999,False,rebalance_threshold_met,1,0.79188457183193928,False,0,0
fold-1,11,test,2025-02-13,balanced,True,every-bars,1,dataset-start,dataset,0.011556931670266536,0.01234505273019209,0.011572171702957658,0.38644051361721543,0.00077288102723443086,within_ceiling,True,60,0.11324467830510103,0.095887620302885973,0.14999999999999999,False,rebalance_threshold_met,1,0.38644051361721543,False,4.8572257327350599e-17,5.5511151231257827e-17
fold-1,11,test,2025-02-14,intraday,True,every-bars,1,dataset-start,dataset,0.00034627024294946987,0.00085990376476055867,0.0003463441863979348,0.25677978918131195,0.00051355957836262387,within_ceiling,True,60,0.098400877609251661,0.10763800697707632,0.14999999999999999,False,rebalance_threshold_met,1,0.25677978918131195,False,4.163336342344337e-17,0
fold-1,11,test,2025-02-17,balanced,True,every-bars,1,dataset-start,dataset,0.005166708072560559,0.0066367689399899725,0.0051711127427568407,0.73282809861656573,0.0014656561972331314,within_ceiling,True,60,0.10752145296669337,0.081132162733654228,0.14999999999999999,False,rebalance_threshold_met,1,0.73282809861656573,False,0,0
fold-1,11,test,2025-02-18,intraday,True,every-bars,1,dataset-start,dataset,0.013581962237341778,0.014286860268640166,0.013602373674975342,0.342243296832412,0.000684486593664824,within_ceiling,True,60,0.081801285577009761,0.096479398145303055,0.14999999999999999,False,rebalance_threshold_met,1,0.342243296832412,False,0,0
fold-1,11,test,2025-02-19,balanced,True,every-bars,1,dataset-start,dataset,0.011768237935126144,0.012886682439617148,0.011784844593556098,0.55091892303052559,0.0011018378460610511,within_ceiling,True,60,0.09889928396390435,0.10436257044305906,0.14999999999999999,False,rebalance_threshold_met,1,0.55091892303052559,False,0,2.7755575615628914e-17
fold-1,11,test,2025-02-20,intraday,True,every-bars,1,dataset-start,dataset,0.0032113587551237609,0.0046348776971586823,0.0032135069642505228,0.71068536645407976,0.0014213707329081594,within_ceiling,True,60,0.1053230905455618,0.098768085072848427,0.14999999999999999,False,rebalance_threshold_met,0.99999999999999989,0.71068536645407976,False,0,4.163336342344337e-17
fold-1,11,test,2025-02-21,balanced,True,every-bars,1,dataset-start,dataset,0.0015497911055162711,0.0030210624609708775,0.0015507037873555799,0.7351793368076488,0.0014703586736152976,within_ceiling,True,60,0.09844861905415489,0.084598199589340423,0.14999999999999999,False,rebalance_threshold_met,1,0.7351793368076488,False,0,0
fold-1,11,test,2025-02-24,intraday,True,every-bars,1,dataset-start,dataset,0.010780495128574156,0.011840378218734769,0.010794514584210425,0.52293181726217219,0.0010458636345243445,within_ceiling,True,60,0.07972771162628417,0.1012281867552504,0.14999999999999999,False,rebalance_threshold_met,1,0.52293181726217219,False,0,0
fold-1,11,test,2025-02-25,balanced,True,every-bars,1,dataset-start,dataset,0.020418546394665213,0.021952203648695611,0.020466736319168594,0.74273366476350966,0.0014854673295270193,within_ceiling,True,60,0.10306586151661,0.10245881749102495,0.14999999999999999,False,rebalance_threshold_met,1,0.74273366476350966,False,3.4694469519536142e-17,0
fold-1,11,test,2025-02-26,intraday,True,every-bars,1,dataset-start,dataset,0.0084038967113934243,0.0088832207575945173,0.0084117878724962406,0.23571644254913809,0.00047143288509827617,within_ceiling,True,60,0.11003303982736141,0.10330235364287794,0.14999999999999999,False,rebalance_threshold_met,1,0.23571644254913809,False,6.2450045135165055e-17,1.3877787807814457e-16
fold-1,11,test,2025-02-27,balanced,True,every-bars,1,dataset-start,dataset,-0.004618523124388459,-0.0035652166023803274,-0.0046172520474462705,0.52601772253297163,0.0010520354450659433,within_ceiling,True,60,0.10417865760774707,0.080818339876168419,0.14999999999999999,False,rebalance_threshold_met,1,0.52601772253297163,False,0,0
fold-1,11,test,2025-02-28,intraday,True,every-bars,1,dataset-start,dataset,0.01735747193186889,0.019042106383878939,0.017393732113422388,0.82418713522827458,0.0016483742704565493,within_ceiling,True,60,0.081732634943006463,0.10162003556079068,0.14999999999999999,False,rebalance_threshold_met,1,0.82418713522827458,False,0,0
fold-1,11,test,2025-03-03,balanced,True,every-bars,1,dataset-start,dataset,-0.0075798457849837637,-0.0059537116633394446,-0.0075763011167267452,0.81129472669365021,0.0016225894533873004,within_ceiling,True,60,0.1059141007605537,0.10275629678562509,0.14999999999999999,False,rebalance_threshold_met,1,0.81129472669365021,False,0,0
fold-1,11,test,2025-03-04,intraday,True,every-bars,1,dataset-start,dataset,0.015416513588390215,0.017053133667373488,0.015445594525177946,0.80376957109777059,0.0016075391421955412,within_ceiling,True,60,0.10317066946760112,0.09471646431847007,0.14999999999999999,False,rebalance_threshold_met,1,0.80376957109777059,False,0,5.5511151231257827e-17
fold-1,11,test,2025-03-05,balanced,True,every-bars,1,dataset-start,dataset,-0.0054792351697610991,-0.0034923831849953506,-0.0054780154957300153,0.99281615536733236,0.0019856323107346648,within_ceiling,True,60,0.099846997263718568,0.098089167666262911,0.14999999999999999,False,rebalance_threshold_met,1,0.99281615536733236,False,0,0
fold-1,11,test,2025-03-06,intraday,True,every-bars,1,dataset-start,dataset,0.011325585905838877,0.012751350010595523,0.011341845598548148,0.7047522060236876,0.0014095044120473752,within_ceiling,True,60,0.097692897365540002,0.091748225660771482,0.14999999999999999,False,rebalance_threshold_met,0.99999999999999989,0.7047522060236876,False,0,2.7755575615628914e-17
fold-1,11,test,2025-03-07,balanced,True,every-bars,1,dataset-start,dataset,-0.0024895146004288815,-0.00050258304838727555,-0.0024894893414568291,0.99345314653477668,0.0019869062930695535,within_ceiling,True,60,0.093648207681940016,0.090518560326746961,0.14999999999999999,False,rebalance_threshold_met,1,0.99345314653477668,False,4.163336342344337e-17,9.0205620750793969e-17
fold-1,11,test,2025-03-10,intraday,True,every-bars,1,dataset-start,dataset,0.0093143566089160731,0.010798395444785835,0.0093260171433342705,0.73618915072578206,0.0014723783014515641,within_ceiling,True,60,0.089261946091618263,0.091527491962125271,0.14999999999999999,False,rebalance_threshold_met,0.99999999999999989,0.73618915072578206,False,4.8572257327350599e-17,0
fold-1,11,test,2025-03-11,balanced,True,every-bars,1,dataset-start,dataset,-0.015601048740780764,-0.014157762915249625,-0.015581004515704322,0.71162080022734842,0.0014232416004546968,within_ceiling,True,60,0.091602087369870328,0.10540456640537504,0.14999999999999999,False,rebalance_threshold_met,1,0.71162080022734842,False,0,8.3266726846886741e-17
fold-1,11,test,2025-03-12,intraday,True,every-bars,1,dataset-start,dataset,0.010491168020226012,0.012197991463060448,0.010506047119799302,0.84597217163057314,0.0016919443432611462,within_ceiling,True,60,0.11080492950089557,0.095525885884888098,0.14999999999999999,False,rebalance_threshold_met,1,0.84597217163057314,False,4.163336342344337e-17,4.8572257327350599e-17
fold-1,11,test,2025-03-13,balanced,True,every-bars,1,dataset-start,dataset,0.0063138059654105601,0.0072741912285106056,0.0063190973512134542,0.47754693864857556,0.00095509387729715112,within_ceiling,True,60,0.097737964346859635,0.10185813645392044,0.14999999999999999,False,rebalance_threshold_met,1,0.47754693864857556,False,0,5.5511151231257827e-17
fold-1,11,test,2025-03-14,intraday,True,every-bars,1,dataset-start,dataset,0.012881394658737283,0.014267398883007263,0.012901750525825966,0.68282417859064837,0.0013656483571812966,within_ceiling,True,60,0.10214329613087961,0.10165134516671312,0.14999999999999999,False,rebalance_threshold_met,0.99999999999999989,0.68282417859064837,False,4.8572257327350599e-17,2.7755575615628914e-17
fold-1,11,test,2025-03-17,balanced,True,every-bars,1,dataset-start,dataset,-0.0029037279457657596,-0.00091871558066071142,-0.0029036435419339448,0.99246398063661678,0.0019849279612732334,within_ceiling,True,60,0.1042396329989122,0.10161621775384891,0.14999999999999999,False,rebalance_threshold_met,1,0.99246398063661678,False,0,0
fold-1,11,test,2025-03-18,intraday,True,every-bars,1,dataset-start,dataset,0.015484965864693615,0.016709775620135252,0.015512887524821143,0.5984440476570545,0.0011968880953141089,within_ceiling,True,60,0.10080286739436614,0.10666780485151368,0.14999999999999999,False,rebalance_threshold_met,1,0.5984440476570545,False,0,5.5511151231257827e-17
fold-1,11,test,2025-03-19,balanced,True,every-bars,1,dataset-start,dataset,-0.0040515805606228623,-0.0029297628411642115,-0.0040507222095923154,0.56047968421405203,0.0011209593684281041,within_ceiling,True,60,0.11039148625298165,0.076218373072234488,0.14999999999999999,False,rebalance_threshold_met,1,0.56047968421405203,False,0,0
fold-1,11,test,2025-03-20,intraday,True,every-bars,1,dataset-start,dataset,0.010622118359817493,0.012287500315527189,0.010637216626217902,0.8251418446546438,0.0016502836893092876,within_ceiling,True,60,0.076972727830318832,0.10497939329392415,0.14999999999999999,False,rebalance_threshold_met,1,0.8251418446546438,False,0,0
fold-1,11,test,2025-03-21,balanced,True,every-bars,1,dataset-start,dataset,0.0032983714815785093,0.0045584010125638771,0.0033004493835576435,0.62897581450311668,0.0012579516290062334,within_ceiling,True,60,0.10513847414650151,0.098671695395529488,0.14999999999999999,False,rebalance_threshold_met,1,0.62897581450311668,False,0,2.7755575615628914e-17
fold-1,11,test,2025-03-24,intraday,True,every-bars,1,dataset-start,dataset,0.01115176941266262,0.012190443563769471,0.011166630104090764,0.51190672983935359,0.0010238134596787071,within_ceiling,True,60,0.097381491407712614,0.087780241050429961,0.14999999999999999,False,rebalance_threshold_met,1,0.51190672983935359,False,0,0
fold-1,11,test,2025-03-25,balanced,True,every-bars,1,dataset-start,dataset,-0.0045366240635959544,-0.0029452486656234567,-0.0045357566146257185,0.79525397450113078,0.0015905079490022614,within_ceiling,True,60,0.08873487809153166,0.10450125145313205,0.14999999999999999,False,rebalance_threshold_met,1,0.79525397450113078,False,0,0
fold-1,11,test,2025-03-26,intraday,True,every-bars,1,dataset-start,dataset,0.0054953179653187195,0.0070369367888902471,0.0055002698132558033,0.76833348781722177,0.0015366669756344436,within_ceiling,True,60,0.10289359408154283,0.10072981282223809,0.14999999999999999,False,rebalance_threshold_met,1,0.76833348781722177,False,0,0
fold-1,11,test,2025-03-27,balanced,True,every-bars,1,dataset-start,dataset,0.0068972351250062057,0.0076866139897737353,0.0069031435284689843,0.39173523065237559,0.00078347046130475121,within_ceiling,True,60,0.10017520383254941,0.12109269038315854,0.14999999999999999,False,rebalance_threshold_met,0.99999999999999989,0.39173523065237559,False,0,0
fold-1,11,test,2025-03-28,intraday,True,every-bars,1,dataset-start,dataset,0.0057466444796269479,0.0069209743963146069,0.005751434468286392,0.58476996401410719,0.0011695399280282144,within_ceiling,True,60,0.12125348184919343,0.085543332632651611,0.14999999999999999,False,rebalance_threshold_met,0.99999999999999989,0.58476996401410719,False,0,1.3877787807814457e-17
fold-1,11,test,2025-03-31,balanced,True,every-bars,1,dataset-start,dataset,0.0085078703680788251,0.010512282196679289,0.0085189211757770878,0.99668051045110029,0.0019933610209022005,within_ceiling,True,60,0.085706599293880276,0.095823829574432529,0.14999999999999999,False,rebalance_threshold_met,1,0.99668051045110029,False,0,0
fold-1,11,test,2025-04-01,intraday,True,every-bars,1,dataset-start,dataset,0.022433017657815017,0.024372997147667309,0.022492421956811039,0.94028759542813511,0.0018805751908562702,within_ceiling,True,60,0.095651443974245243,0.075365809527149843,0.14999999999999999,False,rebalance_threshold_met,1,0.94028759542813511,False,0,2.7755575615628914e-17
fold-1,11,test,2025-04-02,balanced,True,every-bars,1,dataset-start,dataset,-0.0050452546082959248,-0.0031690036078151655,-0.00504425034990929,0.93762337104706228,0.0018752467420941243,within_ceiling,True,60,0.085432015784143847,0.079401128907320553,0.14999999999999999,False,rebalance_threshold_met,0.99999999999999989,0.93762337104706228,False,0,0
fold-1,11,test,2025-04-03,intraday,True,every-bars,1,dataset-start,dataset,0.010022654012008102,0.01072286061941613,0.010034151985994444,0.34435431671084338,0.00068870863342168675,within_ceiling,True,60,0.077997712230758326,0.10355883992655615,0.14999999999999999,False,rebalance_threshold_met,1,0.34435431671084338,False,0,0
fold-1,11,test,2025-04-04,balanced,True,every-bars,1,dataset-start,dataset,0.0025381350191094657,0.0037286898343872991,0.0025395253318975719,0.59458225124486375,0.0011891645024897275,within_ceiling,True,60,0.10435532031098231,0.10821190629475175,0.14999999999999999,False,rebalance_threshold_met,1,0.59458225124486375,False,0,0
fold-1,11,test,2025-04-07,intraday,True,every-bars,1,dataset-start,dataset,0.0081526475361369862,0.0096221253639135404,0.0081619060657888726,0.73010964906233422,0.0014602192981246684,within_ceiling,True,60,0.10610307948681801,0.098354076607793481,0.14999999999999999,False,rebalance_threshold_met,1,0.73010964906233422,False,4.5102810375396984e-17,5.5511151231257827e-17
fold-1,11,test,2025-04-08,balanced,True,every-bars,1,dataset-start,dataset,-0.011184291564059421,-0.0091827390736726709,-0.011175859294369907,0.99656011034861791,0.0019931202206972358,within_ceiling,True,60,0.099283739298558799,0.11149416715390952,0.14999999999999999,False,rebalance_threshold_met,1,0.99656011034861791,False,0,0
fold-1,11,test,2025-04-09,intraday,True,every-bars,1,dataset-start,dataset,0.0098742835375757697,0.01189550307086612,0.0098884338369066675,1.0035346169797268,0.0020070692339594536,within_ceiling,True,60,0.113527478111456,0.11294231318515978,0.14999999999999999,False,rebalance_threshold_met,1,1.0035346169797268,False,0,0
fold-1,11,test,2025-04-10,balanced,True,every-bars,1,dataset-start,dataset,0.0037444375284461976,0.0044624092578547962,0.0037464288380846564,0.35799020988506997,0.00071598041977013994,within_ceiling,True,60,0.11372972745683459,0.10145868036908193,0.14999999999999999,False,rebalance_threshold_met,1,0.35799020988506997,False,0,0
fold-1,11,test,2025-04-11,intraday,True,every-bars,1,dataset-start,dataset,0.014175996349020448,0.015244955624179915,0.014199237216218769,0.52285920398057295,0.0010457184079611459,within_ceiling,True,60,0.098753011847816305,0.097525155825798238,0.14999999999999999,False,rebalance_threshold_met,1,0.52285920398057295,False,0,0
fold-1,11,test,2025-04-14,balanced,True,every-bars,1,dataset-start,dataset,-0.00098788668603845163,0.000590054612924626,-0.00098785186959382825,0.78895324125922717,0.0015779064825184542,within_ceiling,True,60,0.10143475789015241,0.104557318202742,0.14999999999999999,False,rebalance_threshold_met,1,0.78895324125922717,False,4.163336342344337e-17,2.7755575615628914e-17
fold-1,11,test,2025-04-15,intraday,True,every-bars,1,dataset-start,dataset,0.015691216800473223,0.016762375002538125,0.015719314522045794,0.52153024024616679,0.0010430604804923336,within_ceiling,True,60,0.10487216099370618,0.10890223141383314,0.14999999999999999,False,rebalance_threshold_met,1,0.52153024024616679,False,0,2.7755575615628914e-17
fold-1,11,test,2025-04-16,balanced,True,every-bars,1,dataset-start,dataset,0.01786093452673795,0.01928210351383677,0.017898114478329782,0.69199451775349363,0.0013839890355069873,within_ceiling,True,60,0.11223572274289596,0.08144276308398872,0.14999999999999999,False,rebalance_threshold_met,1,0.69199451775349363,False,0,0
fold-1,11,test,2025-04-17,intraday,True,every-bars,1,dataset-start,dataset,0.006563585739319912,0.0082365816883772439,0.0065703698671108427,0.83310591063320072,0.0016662118212664016,within_ceiling,True,60,0.087956422539720608,0.083747722291764082,0.14999999999999999,False,rebalance_threshold_met,1,0.83310591063320072,False,0,5.5511151231257827e-17
fold-1,11,test,2025-04-18,balanced,True,every-bars,1,dataset-start,dataset,0.010070971648441186,0.010989117760011253,0.010083047719355526,0.4530350203278638,0.00090607004065572751,within_ceiling,True,60,0.084657126879262107,0.08741462042990665,0.14999999999999999,False,rebalance_threshold_met,1.0000000000000002,0.4530350203278638,False,4.8572257327350599e-17,2.2204460492503131e-16
fold-1,29,validation,2024-11-04,intraday,True,every-bars,1,dataset-start,dataset,0.0085947227724271283,0.0096039463509783752,0.008603946350978376,0.5,0.001,within_ceiling,True,60,0,0.096538602383172509,0.14999999999999999,False,rebalance_threshold_met,1,0.5,False,0,0
fold-1,29,validation,2024-11-05,balanced,True,every-bars,1,dataset-start,dataset,-0.0077289171635831089,-0.0066864557698400381,-0.0077244462945069061,0.51899526233343418,0.0010379905246668685,within_ceiling,True,60,0.096456081909402372,0.084390043591766939,0.14999999999999999,False,rebalance_threshold_met,0.99999999999999989,0.51899526233343418,False,4.5102810375396984e-17,5.5511151231257827e-17
fold-1,29,validation,2024-11-06,intraday,True,every-bars,1,dataset-start,dataset,0.0065976264556505161,0.0078186836715702351,0.0066037396370861243,0.60747201724205513,0.0012149440344841104,within_ceiling,True,60,0.085148203333963238,0.095242537885545667,0.14999999999999999,False,rebalance_threshold_met,1,0.60747201724205513,False,0,0
fold-1,29,validation,2024-11-07,balanced,True,every-bars,1,dataset-start,dataset,-0.0021154620256979544,-0.0009740150764088885,-0.0021153671551610471,0.57067603937607947,0.0011413520787521589,within_ceiling,True,60,0.096029555813176529,0.088586877771302586,0.14999999999999999,False,rebalance_threshold_met,0.99999999999999989,0.57067603937607947,False,4.163336342344337e-17,0
fold-1,29,validation,2024-11-08,intraday,True,every-bars,1,dataset-start,dataset,0.015769102408449524,0.017803621385789961,0.015800799301894382,1.0014110419477904,0.0020028220838955806,within_ceiling,True,60,0.08860716909484305,0.088535103168000659,0.14999999999999999,False,rebalance_threshold_met,1,1.0014110419477904,False,0,0
fold-1,29,validation,2024-11-11,balanced,True,every-bars,1,dataset-start,dataset,0.0042700104113636821,0.0057505005096987203,0.0042733172369748863,0.73859163636191683,0.0014771832727238337,within_ceiling,True,60,0.092988044142637505,0.096181096458719265,0.14999999999999999,False,rebalance_threshold_met,1,0.73859163636191683,False,0,0
fold-1,29,validation,2024-11-12,intraday,True,every-bars,1,dataset-start,dataset,0.011954361789384837,0.012759271724634067,0.011970641690879141,0.3943150168774634,0.00078863003375492682,within_ceiling,True,60,0.093714290382990548,0.095489792942205956,0.14999999999999999,False,rebalance_threshold_met,1,0.3943150168774634,False,0,0
fold-1,29,validation,2024-11-13,balanced,True,every-bars,1,dataset-start,dataset,0.0056939317164285876,0.0076863426106265498,0.0056998397027013805,0.99325145396258463,0.0019865029079251693,within_ceiling,True,60,0.097131051023642778,0.090588020538826683,0.14999999999999999,False,rebalance_threshold_met,0.99999999999999989,0.99325145396258463,False,0,2.7755575615628914e-17
fold-1,29,validation,2024-11-14,intraday,True,every-bars,1,dataset-start,dataset,0.0060302121440346454,0.0080296100629827973,0.006036659607811001,0.99647522758589813,0.0019929504551717964,within_ceiling,True,60,0.090835703129506506,0.090406049262391361,0.14999999999999999,False,rebalance_threshold_met,1,0.99647522758589813,False,0,0
fold-1,29,validation,2024-11-15,balanced,True,every-bars,1,dataset-start,dataset,0.0086701991654102029,0.0099492638861126987,0.0086800979505977528,0.63458296775747336,0.0012691659355149466,within_ceiling,True,60,0.089790932586494301,0.091010706999260574,0.14999999999999999,False,rebalance_threshold_met,1,0.63458296775747336,False,4.163336342344337e-17,0
fold-1,29,validation,2024-11-18,intraday,True,every-bars,1,dataset-start,dataset,0.0086870282863181335,0.010153623521366527,0.0086973378933794983,0.72814281399351388,0.0014562856279870277,within_ceiling,True,60,0.092362954864124949,0.095600772530921016,0.14999999999999999,False,rebalance_threshold_met,1,0.72814281399351388,False,0,3.4694469519536142e-17
fold-1,29,validation,2024-11-19,balanced,True,every-bars,1,dataset-start,dataset,0.00082386106391019555,0.0022908832224188824,0.00082438587850407153,0.73324867195740551,0.0014664973439148109,within_ceiling,True,60,0.092667623790093676,0.11017698262436854,0.14999999999999999,False,rebalance_threshold_met,1,0.73324867195740551,False,0,0
fold-1,29,validation,2024-11-20,intraday,True,every-bars,1,dataset-start,dataset,0.013573487385545483,0.014997526572803802,0.013595979965875679,0.70077330346406075,0.0014015466069281215,within_ceiling,True,60,0.10893151489481397,0.096530523302096605,0.14999999999999999,False,rebalance_threshold_met,1,0.70077330346406075,False,0,5.5511151231257827e-17
fold-1,29,validation,2024-11-21,balanced,True,every-bars,1,dataset-start,dataset,0.0076824449928550543,0.0087081384357337813,0.0076900281603566444,0.50905513768856858,0.0010181102753771371,within_ceiling,True,60,0.099278545514367336,0.091440962544251159,0.14999999999999999,False,rebalance_threshold_met,1,0.50905513768856858,False,0,5.5511151231257827e-17
fold-1,29,validation,2024-11-22,intraday,True,every-bars,1,dataset-start,dataset,0.010535502295361317,0.01167410351747273,0.010549130764654984,0.56248637640887267,0.0011249727528177453,within_ceiling,True,60,0.088775410790434148,0.091689621686380743,0.14999999999999999,False,rebalance_threshold_met,1,0.56248637640887267,False,4.163336342344337e-17,5.5511151231257827e-17
fold-1,29,validation,2024-11-25,balanced,True,every-bars,1,dataset-start,dataset,-0.005095975900655178,-0.0039137518716962994,-0.005094444155283857,0.59034614179377853,0.0011806922835875572,within_ceiling,True,60,0.09082128885192231,0.094630147281851512,0.14999999999999999,False,rebalance_threshold_met,1,0.59034614179377853,False,0,0
fold-1,29,validation,2024-11-26,intraday,True,every-bars,1,dataset-start,dataset,0.0053060698708150989,0.0065980484106287936,0.0053104232950979989,0.64381255776539725,0.0012876251155307945,within_ceiling,True,60,0.094903974623885376,0.085513973928547315,0.14999999999999999,False,rebalance_threshold_met,1,0.64381255776539725,False,0,0
fold-1,29,validation,2024-11-27,balanced,True,every-bars,1,dataset-start,dataset,0.0014610492877054615,0.0025928566925931111,0.001461721578288294,0.56556755715240858,0.001131135114304817,within_ceiling,True,60,0.085138532219794102,0.079001662594594221,0.14999999999999999,False,rebalance_threshold_met,1,0.56556755715240858,False,6.2450045135165055e-17,0
fold-1,29,validation,2024-11-28,intraday,True,every-bars,1,dataset-start,dataset,0.0027515727664420373,0.0047511255515379994,0.002753830085842685,0.99864773284765707,0.0019972954656953144,within_ceiling,True,60,0.079013350116160549,0.084743726864380517,0.14999999999999999,False,rebalance_threshold_met,1,0.99864773284765707,False,0,0
fold-1,29,validation,2024-11-29,balanced,True,every-bars,1,dataset-start,dataset,0.0017940338812154604,0.002914235587201699,0.0017948831581212318,0.55967621454023364,0.0011193524290804672,within_ceiling,True,60,0.084864716959598754,0.088737112299912879,0.14999999999999999,False,rebalance_threshold_met,1,0.55967621454023364,False,0,5.5511151231257827e-17
fold-1,29,validation,2024-12-02,intraday,True,every-bars,1,dataset-start,dataset,0.0032773502647161883,0.0043304230052465887,0.0032792255210566251,0.52559874209498181,0.0010511974841899638,within_ceiling,True,60,0.087585433701482543,0.091698009950745257,0.14999999999999999,False,rebalance_threshold_met,1,0.52559874209498181,False,9.3675067702747583e-17,9.7144514654701197e-17
fold-1,29,validation,2024-12-03,balanced,True,every-bars,1,dataset-start,dataset,-0.0083155342852809528,-0.0071255504641113956,-0.0083104569383392925,0.59245323711394893,0.0011849064742278977,within_ceiling,True,60,0.091506213690781615,0.099279876058806865,0.14999999999999999,False,rebalance_threshold_met,1,0.59245323711394893,False,0,0
fold-1,29,validation,2024-12-04,intraday,True,every-bars,1,dataset-start,dataset,0.0039156424252060297,0.0055018634280051305,0.0039186694753240714,0.79159697634052972,0.0015831939526810594,within_ceiling,True,60,0.10036808092978269,0.089842591687926854,0.14999999999999999,False,rebalance_threshold_met,0.99999999999999989,0.79159697634052972,False,0,2.7755575615628914e-17
fold-1,29,validation,2024-12-05,balanced,True,every-bars,1,dataset-start,dataset,-0.0031314225131992453,-0.0017166260223613892,-0.0031311278327091803,0.70725090517389566,0.0014145018103477913,within_ceiling,True,60,0.089043254675779809,0.086287323562758644,0.14999999999999999,False,rebalance_threshold_met,1,0.70725090517389566,False,0,0
fold-1,29,validation,2024-12-06,intraday,True,every-bars,1,dataset-start,dataset,0.0060941539630236302,0.0071302259634928675,0.0060992379752526768,0.51549399412009544,0.0010309879882401908,within_ceiling,True,60,0.083767409966679141,0.094006904070363287,0.14999999999999999,False,rebalance_threshold_met,1,0.51549399412009544,False,4.163336342344337e-17,2.7755575615628914e-17
fold-1,29,validation,2024-12-09,balanced,True,every-bars,1,dataset-start,dataset,-0.0042630589802629551,-0.0027784959233353012,-0.0042622869763033564,0.74189552648402746,0.001483791052968055,within_ceiling,True,60,0.093707569953801403,0.093580578159459221,0.14999999999999999,False,rebalance_threshold_met,1,0.74189552648402746,False,0,2.7755575615628914e-17
fold-1,29,validation,2024-12-10,intraday,True,every-bars,1,dataset-start,dataset,0.011504810625446593,0.013412677249568721,0.011522800616546702,0.94493831651100935,0.0018898766330220187,within_ceiling,True,60,0.094009650409244083,0.091715602038311125,0.14999999999999999,False,rebalance_threshold_met,1,0.94493831651100935,False,9.0205620750793969e-17,5.5511151231257827e-17
fold-1,29,validation,2024-12-11,balanced,True,every-bars,1,dataset-start,dataset,-0.0056334878086333985,-0.0040750701083303569,-0.0056318271889946175,0.77837854033213016,0.0015567570806642604,within_ceiling,True,60,0.093101414084367742,0.083738971747762792,0.14999999999999999,False,rebalance_threshold_met,1,0.77837854033213016,False,0,5.5511151231257827e-17
fold-1,29,validation,2024-12-12,intraday,True,every-bars,1,dataset-start,dataset,0.0097868109596463554,0.011113649613607945,0.0097991622804197605,0.65724366659409217,0.0013144873331881843,within_ceiling,True,60,0.083521664486889344,0.079238275261090133,0.14999999999999999,False,rebalance_threshold_met,1,0.65724366659409217,False,0,0
fold-1,29,validation,2024-12-13,balanced,True,every-bars,1,dataset-start,dataset,0.0008418400089251775,0.0010421018416897727,0.0008419486065500228,0.10007661756987493,0.00020015323513974988,within_ceiling,True,60,0.079995659037418912,0.082599345793671203,0.14999999999999999,False,rebalance_threshold_met,1,0.10007661756987493,False,0,5.5511151231257827e-17
fold-1,29,validation,2024-12-16,intraday,True,every-bars,1,dataset-start,dataset,0.019347118477862784,0.021395517156102661,0.019392895293300492,1.0013109314010848,0.0020026218628021696,within_ceiling,True,60,0.082183127110349599,0.091120409870847449,0.14999999999999999,False,rebalance_threshold_met,1,1.0013109314010848,False,0,0
fold-1,29,validation,2024-12-17,balanced,True,every-bars,1,dataset-start,dataset,0.00078602032861725614,0.0024106739923168627,0.00078660146352697944,0.8120362643949417,0.0016240725287898833,within_ceiling,True,60,0.098448716130231401,0.090468647105652306,0.14999999999999999,False,rebalance_threshold_met,1,0.8120362643949417,False,4.163336342344337e-17,2.7755575615628914e-17
fold-1,29,validation,2024-12-18,intraday,True,every-bars,1,dataset-start,dataset,0.0070903653765426984,0.0086451971064971708,0.0070978393198437174,0.77367889332672646,0.001547357786653453,within_ceiling,True,60,0.089481347752041945,0.085355139772095565,0.14999999999999999,False,rebalance_threshold_met,1,0.77367889332672646,False,0,0
fold-1,29,validation,2024-12-19,balanced,True,every-bars,1,dataset-start,dataset,0.01585516335933736,0.017074512378312281,0.015884317256633074,0.59509756083960386,0.0011901951216792077,within_ceiling,True,60,0.086113273070785007,0.095250929401859336,0.14999999999999999,False,rebalance_threshold_met,1,0.59509756083960386,False,0,0
fold-1,29,validation,2024-12-20,intraday,True,every-bars,1,dataset-start,dataset,0.0073947202140707694,0.008993373368949252,0.0074028082905261017,0.7952825392115751,0.0015905650784231503,within_ceiling,True,60,0.094552904290640366,0.094969413185918325,0.14999999999999999,False,rebalance_threshold_met,1,0.7952825392115751,False,0,0
fold-1,29,validation,2024-12-23,balanced,True,every-bars,1,dataset-start,dataset,0.0079425152975631241,0.0099504386090311838,0.0079524164204143339,0.99901109430842494,0.0019980221886168499,within_ceiling,True,60,0.096113643907376548,0.097237625583787804,0.14999999999999999,False,rebalance_threshold_met,1,0.99901109430842494,False,0,0
fold-1,29,validation,2024-12-24,intraday,True,every-bars,1,dataset-start,dataset,-0.0058441738401674975,-0.0047240920513286879,-0.005841942135596555,0.55892504213393357,0.0011178500842678671,within_ceiling,True,60,0.098735347842333746,0.089977150953687676,0.14999999999999999,False,rebalance_threshold_met,1,0.55892504213393357,False,0,0
fold-1,29,validation,2024-12-25,balanced,True,every-bars,1,dataset-start,dataset,0.0097394274342221341,0.010912454824227031,0.0097513356012512136,0.58055961148790847,0.0011611192229758168,within_ceiling,True,60,0.090486575019715632,0.092910233509945553,0.14999999999999999,False,rebalance_threshold_met,1,0.58055961148790847,False,0,0
fold-1,29,validation,2024-12-26,intraday,True,every-bars,1,dataset-start,dataset,-0.010726895706954289,-0.01000751980176604,-0.010716880661696015,0.35468042996498722,0.00070936085992997448,within_ceiling,True,60,0.09416964110001555,0.098507102248489256,0.14999999999999999,False,rebalance_threshold_met,1,0.35468042996498722,False,0,2.7755575615628914e-17
fold-1,29,validation,2024-12-27,balanced,True,every-bars,1,dataset-start,dataset,0.014136600173290069,0.015513649603616916,0.01416066750569245,0.67649104896223311,0.001352982097924466,within_ceiling,True,60,0.10119709437289327,0.069684989019633312,0.14999999999999999,False,rebalance_threshold_met,1,0.67649104896223311,False,4.163336342344337e-17,1.3877787807814457e-17
fold-1,29,validation,2024-12-30,intraday,True,every-bars,1,dataset-start,dataset,0.0081018178939687522,0.0097305396345606469,0.0081112862341267272,0.80962670021696015,0.0016192534004339201,within_ceiling,True,60,0.073993886644635631,0.084578088394575771,0.14999999999999999,False,rebalance_threshold_met,1,0.80962670021696015,False,0,0
fold-1,29,validation,2024-12-31,balanced,True,every-bars,1,dataset-start,dataset,0.010441825040546138,0.011589765061408148,0.010455257305964001,0.56725387772207325,0.0011345077554441466,within_ceiling,True,60,0.084957599404730202,0.10037098275238981,0.14999999999999999,False,rebalance_threshold_met,1.0000000000000002,0.56725387772207325,False,0,2.2204460492503131e-16
fold-1,29,validation,2025-01-01,intraday,True,every-bars,1,dataset-start,dataset,0.0055363365578012039,0.0066332970626926538,0.0055407366207933968,0.54628022094962847,0.001092560441899257,within_ceiling,True,60,0.10183164614292395,0.088700373420330006,0.14999999999999999,False,rebalance_threshold_met,1,0.54628022094962847,False,0,5.5511151231257827e-17
fold-1,29,validation,2025-01-02,balanced,True,every-bars,1,dataset-start,dataset,0.0048004847177708669,0.0059751116751736721,0.0048040549137239466,0.5855283807248628,0.0011710567614497255,within_ceiling,True,60,0.088537244852189223,0.090652165416467728,0.14999999999999999,False,rebalance_threshold_met,1,0.5855283807248628,False,0,0
fold-1,29,validation,2025-01-03,intraday,True,every-bars,1,dataset-start,dataset,0.001950087103477769,0.0033461154198085262,0.0019512067523180371,0.69745433374524457,0.0013949086674904891,within_ceiling,True,60,0.088063378895500588,0.083590684058232945,0.14999999999999999,False,rebalance_threshold_met,1,0.69745433374524457,False,0,0
fold-1,29,validation,2025-01-06,balanced,True,every-bars,1,dataset-start,dataset,0.015625002388726959,0.01679156309570275,0.015653198047846657,0.56918252392804647,0.0011383650478560929,within_ceiling,True,60,0.08331297519756764,0.090682657711244535,0.14999999999999999,False,rebalance_threshold_met,1,0.56918252392804647,False,0,0
fold-1,29,validation,2025-01-07,intraday,True,every-bars,1,dataset-start,dataset,-0.0096773570560253538,-0.0077680493705531376,-0.0096713227969230185,0.95163671318494014,0.0019032734263698802,within_ceiling,True,60,0.09656330791630896,0.094386886138604062,0.14999999999999999,False,rebalance_threshold_met,1,0.95163671318494014,False,3.1225022567582528e-17,0
fold-1,29,validation,2025-01-08,balanced,True,every-bars,1,dataset-start,dataset,0.019521932880196581,0.021472749800516895,0.019568040778596141,0.95235451096037682,0.0019047090219207537,within_ceiling,True,60,0.095575009859095575,0.076596070125540247,0.14999999999999999,False,rebalance_threshold_met,1,0.95235451096037682,False,0,5.5511151231257827e-17
fold-1,29,validation,2025-01-09,intraday,True,every-bars,1,dataset-start,dataset,-0.019269130908244093,-0.018344290172095538,-0.01923547961005229,0.44559471897837588,0.00089118943795675172,within_ceiling,True,60,0.084408717842947442,0.087137090929553518,0.14999999999999999,False,rebalance_threshold_met,1,0.44559471897837588,False,4.5102810375396984e-17,5.5511151231257827e-17
fold-1,29,validation,2025-01-10,balanced,True,every-bars,1,dataset-start,dataset,0.015320749788751106,0.016770384504049923,0.015348874368392473,0.71075506782872466,0.0014215101356574494,within_ceiling,True,60,0.097289193432478507,0.085182628805736835,0.14999999999999999,False,rebalance_threshold_met,1,0.71075506782872466,False,0,2.7755575615628914e-17
fold-1,29,validation,2025-01-13,intraday,True,every-bars,1,dataset-start,dataset,-0.0022589734277410956,-0.00087327573247246448,-0.0022588971666906033,0.6928107171090695,0.001385621434218139,within_ceiling,True,60,0.089418103708134467,0.09256203270444506,0.14999999999999999,False,rebalance_threshold_met,0.99999999999999989,0.6928107171090695,False,4.5102810375396984e-17,7.6327832942979512e-17
fold-1,29,validation,2025-01-14,balanced,True,every-bars,1,dataset-start,dataset,0.008641363245699217,0.0099305085658680497,0.0086512247457368949,0.63964191006557736,0.0012792838201311546,within_ceiling,True,60,0.091734150442565471,0.10727531495502203,0.14999999999999999,False,rebalance_threshold_met,1,0.63964191006557736,False,0,2.0816681711721685e-17
fold-1,29,validation,2025-01-15,intraday,True,every-bars,1,dataset-start,dataset,-0.0012987258748795867,0.00058463238511907234,-0.0012986916953770136,0.9416620402480429,0.0018833240804960859,within_ceiling,True,60,0.10747027470719013,0.092188067270831342,0.14999999999999999,False,rebalance_threshold_met,1,0.9416620402480429,False,0,2.7755575615628914e-17
fold-1,29,validation,2025-01-16,balanced,True,every-bars,1,dataset-start,dataset,0.011030677339153663,0.012337042705645659,0.011045897601425755,0.64557255210995157,0.0012911451042199032,within_ceiling,True,60,0.090606504505198596,0.082546173278942661,0.14999999999999999,False,rebalance_threshold_met,1,0.64557255210995157,False,0,2.7755575615628914e-17
fold-1,29,validation,2025-01-17,intraday,True,every-bars,1,dataset-start,dataset,0.0060240202242309174,0.0080206780705256199,0.0060304533519020187,0.99511235931180075,0.0019902247186236012,within_ceiling,True,60,0.084469546234961501,0.087761576570468111,0.14999999999999999,False,rebalance_threshold_met,1,0.99511235931180075,False,0,6.9388939039072284e-18
fold-1,29,validation,2025-01-20,balanced,True,every-bars,1,dataset-start,dataset,0.00096555992782902656,0.0019775275167695098,0.00096595098933698466,0.50578826371626251,0.0010115765274325251,within_ceiling,True,60,0.089328081983868282,0.098347033639394552,0.14999999999999999,False,rebalance_threshold_met,1,0.50578826371626251,False,4.163336342344337e-17,2.7755575615628914e-17
fold-1,29,validation,2025-01-21,intraday,True,every-bars,1,dataset-start,dataset,-0.0058685847642267162,-0.0048447667959710342,-0.005866237587695982,0.51073539586247396,0.0010214707917249478,within_ceiling,True,60,0.097875729321474175,0.099638847352346738,0.14999999999999999,False,rebalance_threshold_met,1,0.51073539586247396,False,0,0
fold-1,29,validation,2025-01-22,balanced,True,every-bars,1,dataset-start,dataset,0.0079854977859467203,0.0096029306397417604,0.0079947194136338901,0.80410561305393502,0.0016082112261078699,within_ceiling,True,60,0.10193332276132883,0.10924875390478302,0.14999999999999999,False,rebalance_threshold_met,1,0.80410561305393502,False,0,5.5511151231257827e-17
fold-1,29,validation,2025-01-23,intraday,True,every-bars,1,dataset-start,dataset,0.0034575047977369764,0.0047695472991438285,0.0034597796558808536,0.6548838216314874,0.0013097676432629747,within_ceiling,True,60,0.11006800587359949,0.079599475388976562,0.14999999999999999,False,rebalance_threshold_met,1,0.6548838216314874,False,0,0
fold-1,29,validation,2025-01-24,balanced,True,every-bars,1,dataset-start,dataset,0.0073475718386329311,0.0090877692734024108,0.0073558305936695908,0.86596933986641011,0.0017319386797328203,within_ceiling,True,60,0.079265224168759307,0.10031855159817815,0.14999999999999999,False,rebalance_threshold_met,1,0.86596933986641011,False,0,0
fold-1,29,test,2025-01-27,intraday,True,every-bars,1,dataset-start,dataset,0.00040535187339232448,0.0014055494303124296,0.00040554943031242963,0.5,0.001,within_ceiling,True,60,0,0.089633056834450983,0.14999999999999999,False,rebalance_threshold_met,1,0.5,False,4.8572257327350599e-17,5.5511151231257827e-17
fold-1,29,test,2025-01-28,balanced,True,every-bars,1,dataset-start,dataset,0.011169661896161169,0.01273747740665743,0.011185886229229679,0.77579558871387533,0.0015515911774277506,within_ceiling,True,60,0.088940967996582451,0.1028673693588802,0.14999999999999999,False,rebalance_threshold_met,1,0.77579558871387533,False,4.163336342344337e-17,7.6327832942979512e-17
fold-1,29,test,2025-01-29,intraday,True,every-bars,1,dataset-start,dataset,0.0017461626043046312,0.0028400776861521987,0.0017469692084309692,0.54655423886061472,0.0010931084777212295,within_ceiling,True,60,0.10562922515228233,0.093599514779742543,0.14999999999999999,False,rebalance_threshold_met,1,0.54655423886061472,False,0,0
fold-1,29,test,2025-01-30,balanced,True,every-bars,1,dataset-start,dataset,0.0037450075817316406,0.0051183761457691459,0.0037476273591685984,0.68537439330027361,0.0013707487866005473,within_ceiling,True,60,0.094258597274477135,0.088915970898567898,0.14999999999999999,False,rebalance_threshold_met,1,0.68537439330027361,False,0,0
fold-1,29,test,2025-01-31,intraday,True,every-bars,1,dataset-start,dataset,-0.0049976730836964736,-0.0037528017169164742,-0.0049962647316238243,0.62173150735367499,0.0012434630147073501,within_ceiling,True,60,0.089407324949385483,0.08879326185067099,0.14999999999999999,False,rebalance_threshold_met,1.0000000000000002,0.62173150735367499,False,0,2.2204460492503131e-16
fold-1,29,test,2025-02-03,balanced,True,every-bars,1,dataset-start,dataset,0.015388380179014357,0.0165969844720434,0.015415926168370881,0.59052915183625898,0.0011810583036725181,within_ceiling,True,60,0.089290253012939122,0.10212922629111414,0.14999999999999999,False,rebalance_threshold_met,1,0.59052915183625898,False,0,0
fold-1,29,test,2025-02-04,intraday,True,every-bars,1,dataset-start,dataset,-0.0043571517612837236,-0.0029449171211084037,-0.0043562845075987037,0.70568369324515012,0.0014113673864903002,within_ceiling,True,60,0.10362482205715932,0.09769628063579526,0.14999999999999999,False,rebalance_threshold_met,1,0.70568369324515012,False,0,0
fold-1,29,test,2025-02-05,balanced,True,every-bars,1,dataset-start,dataset,0.011348295578400775,0.012977316804180149,0.01136513665354438,0.80609007531788412,0.0016121801506357683,within_ceiling,True,60,0.099047245623397701,0.097750447629635862,0.14999999999999999,False,rebalance_threshold_met,1,0.80609007531788412,False,0,0
fold-1,29,test,2025-02-06,intraday,True,every-bars,1,dataset-start,dataset,0.0066141950647701864,0.0086121698007804136,0.0066216120116379335,0.99527889457124008,0.0019905577891424801,within_ceiling,True,60,0.1008630972284164,0.094217954550825128,0.14999999999999999,False,rebalance_threshold_met,1,0.99527889457124008,False,0,0
fold-1,29,test,2025-02-07,balanced,True,every-bars,1,dataset-start,dataset,0.013344334380059901,0.014629604237984418,0.013365736912075906,0.6319336629542559,0.0012638673259085119,within_ceiling,True,60,0.09463728731449117,0.092417971924795242,0.14999999999999999,False,rebalance_threshold_met,1,0.6319336629542559,False,0,0
fold-1,29,test,2025-02-10,intraday,True,every-bars,1,dataset-start,dataset,0.0048619628978535277,0.0052874596549896888,0.0048647586208138425,0.21135051708792324,0.0004227010341758465,within_ceiling,True,60,0.095943628667944744,0.10206393777136184,0.14999999999999999,False,rebalance_threshold_met,1,0.21135051708792324,False,0,0
fold-1,29,test,2025-02-11,balanced,True,every-bars,1,dataset-start,dataset,0.01153455714252969,0.01213222014109392,0.011549276219084886,0.29147196100451728,0.0005829439220090346,within_ceiling,True,60,0.10079519049570969,0.091636459972259401,0.14999999999999999,False,rebalance_threshold_met,1,0.29147196100451728,False,0,5.5511151231257827e-17
fold-1,29,test,2025-02-12,intraday,True,every-bars,1,dataset-start,dataset,-0.0082567469195205315,-0.0066685308454929246,-0.0082522999891568027,0.79188457183193928,0.0015837691436638786,within_ceiling,True,60,0.092519444311263188,0.1135278973037539,0.14999999999999999,False,rebalance_threshold_met,1,0.79188457183193928,False,0,0
fold-1,29,test,2025-02-13,balanced,True,every-bars,1,dataset-start,dataset,0.011556931670266536,0.01234505273019209,0.011572171702957658,0.38644051361721543,0.00077288102723443086,within_ceiling,True,60,0.11324467830510103,0.095887620302885973,0.14999999999999999,False,rebalance_threshold_met,1,0.38644051361721543,False,4.8572257327350599e-17,5.5511151231257827e-17
fold-1,29,test,2025-02-14,intraday,True,every-bars,1,dataset-start,dataset,0.00034627024294946987,0.00085990376476055867,0.0003463441863979348,0.25677978918131195,0.00051355957836262387,within_ceiling,True,60,0.098400877609251661,0.10763800697707632,0.14999999999999999,False,rebalance_threshold_met,1,0.25677978918131195,False,4.163336342344337e-17,0
fold-1,29,test,2025-02-17,balanced,True,every-bars,1,dataset-start,dataset,0.005166708072560559,0.0066367689399899725,0.0051711127427568407,0.73282809861656573,0.0014656561972331314,within_ceiling,True,60,0.10752145296669337,0.081132162733654228,0.14999999999999999,False,rebalance_threshold_met,1,0.73282809861656573,False,0,0
fold-1,29,test,2025-02-18,intraday,True,every-bars,1,dataset-start,dataset,0.013581962237341778,0.014286860268640166,0.013602373674975342,0.342243296832412,0.000684486593664824,within_ceiling,True,60,0.081801285577009761,0.096479398145303055,0.14999999999999999,False,rebalance_threshold_met,1,0.342243296832412,False,0,0
fold-1,29,test,2025-02-19,balanced,True,every-bars,1,dataset-start,dataset,0.011768237935126144,0.012886682439617148,0.011784844593556098,0.55091892303052559,0.0011018378460610511,within_ceiling,True,60,0.09889928396390435,0.10436257044305906,0.14999999999999999,False,rebalance_threshold_met,1,0.55091892303052559,False,0,2.7755575615628914e-17
fold-1,29,test,2025-02-20,intraday,True,every-bars,1,dataset-start,dataset,0.0032113587551237609,0.0046348776971586823,0.0032135069642505228,0.71068536645407976,0.0014213707329081594,within_ceiling,True,60,0.1053230905455618,0.098768085072848427,0.14999999999999999,False,rebalance_threshold_met,0.99999999999999989,0.71068536645407976,False,0,4.163336342344337e-17
fold-1,29,test,2025-02-21,balanced,True,every-bars,1,dataset-start,dataset,0.0015497911055162711,0.0030210624609708775,0.0015507037873555799,0.7351793368076488,0.0014703586736152976,within_ceiling,True,60,0.09844861905415489,0.084598199589340423,0.14999999999999999,False,rebalance_threshold_met,1,0.7351793368076488,False,0,0
fold-1,29,test,2025-02-24,intraday,True,every-bars,1,dataset-start,dataset,0.010780495128574156,0.011840378218734769,0.010794514584210425,0.52293181726217219,0.0010458636345243445,within_ceiling,True,60,0.07972771162628417,0.1012281867552504,0.14999999999999999,False,rebalance_threshold_met,1,0.52293181726217219,False,0,0
fold-1,29,test,2025-02-25,balanced,True,every-bars,1,dataset-start,dataset,0.020418546394665213,0.021952203648695611,0.020466736319168594,0.74273366476350966,0.0014854673295270193,within_ceiling,True,60,0.10306586151661,0.10245881749102495,0.14999999999999999,False,rebalance_threshold_met,1,0.74273366476350966,False,3.4694469519536142e-17,0
fold-1,29,test,2025-02-26,intraday,True,every-bars,1,dataset-start,dataset,0.0084038967113934243,0.0088832207575945173,0.0084117878724962406,0.23571644254913809,0.00047143288509827617,within_ceiling,True,60,0.11003303982736141,0.10330235364287794,0.14999999999999999,False,rebalance_threshold_met,1,0.23571644254913809,False,6.2450045135165055e-17,1.3877787807814457e-16
fold-1,29,test,2025-02-27,balanced,True,every-bars,1,dataset-start,dataset,-0.004618523124388459,-0.0035652166023803274,-0.0046172520474462705,0.52601772253297163,0.0010520354450659433,within_ceiling,True,60,0.10417865760774707,0.080818339876168419,0.14999999999999999,False,rebalance_threshold_met,1,0.52601772253297163,False,0,0
fold-1,29,test,2025-02-28,intraday,True,every-bars,1,dataset-start,dataset,0.01735747193186889,0.019042106383878939,0.017393732113422388,0.82418713522827458,0.0016483742704565493,within_ceiling,True,60,0.081732634943006463,0.10162003556079068,0.14999999999999999,False,rebalance_threshold_met,1,0.82418713522827458,False,0,0
fold-1,29,test,2025-03-03,balanced,True,every-bars,1,dataset-start,dataset,-0.0075798457849837637,-0.0059537116633394446,-0.0075763011167267452,0.81129472669365021,0.0016225894533873004,within_ceiling,True,60,0.1059141007605537,0.10275629678562509,0.14999999999999999,False,rebalance_threshold_met,1,0.81129472669365021,False,0,0
fold-1,29,test,2025-03-04,intraday,True,every-bars,1,dataset-start,dataset,0.015416513588390215,0.017053133667373488,0.015445594525177946,0.80376957109777059,0.0016075391421955412,within_ceiling,True,60,0.10317066946760112,0.09471646431847007,0.14999999999999999,False,rebalance_threshold_met,1,0.80376957109777059,False,0,5.5511151231257827e-17
fold-1,29,test,2025-03-05,balanced,True,every-bars,1,dataset-start,dataset,-0.0054792351697610991,-0.0034923831849953506,-0.0054780154957300153,0.99281615536733236,0.0019856323107346648,within_ceiling,True,60,0.099846997263718568,0.098089167666262911,0.14999999999999999,False,rebalance_threshold_met,1,0.99281615536733236,False,0,0
fold-1,29,test,2025-03-06,intraday,True,every-bars,1,dataset-start,dataset,0.011325585905838877,0.012751350010595523,0.011341845598548148,0.7047522060236876,0.0014095044120473752,within_ceiling,True,60,0.097692897365540002,0.091748225660771482,0.14999999999999999,False,rebalance_threshold_met,0.99999999999999989,0.7047522060236876,False,0,2.7755575615628914e-17
fold-1,29,test,2025-03-07,balanced,True,every-bars,1,dataset-start,dataset,-0.0024895146004288815,-0.00050258304838727555,-0.0024894893414568291,0.99345314653477668,0.0019869062930695535,within_ceiling,True,60,0.093648207681940016,0.090518560326746961,0.14999999999999999,False,rebalance_threshold_met,1,0.99345314653477668,False,4.163336342344337e-17,9.0205620750793969e-17
fold-1,29,test,2025-03-10,intraday,True,every-bars,1,dataset-start,dataset,0.0093143566089160731,0.010798395444785835,0.0093260171433342705,0.73618915072578206,0.0014723783014515641,within_ceiling,True,60,0.089261946091618263,0.091527491962125271,0.14999999999999999,False,rebalance_threshold_met,0.99999999999999989,0.73618915072578206,False,4.8572257327350599e-17,0
fold-1,29,test,2025-03-11,balanced,True,every-bars,1,dataset-start,dataset,-0.015601048740780764,-0.014157762915249625,-0.015581004515704322,0.71162080022734842,0.0014232416004546968,within_ceiling,True,60,0.091602087369870328,0.10540456640537504,0.14999999999999999,False,rebalance_threshold_met,1,0.71162080022734842,False,0,8.3266726846886741e-17
fold-1,29,test,2025-03-12,intraday,True,every-bars,1,dataset-start,dataset,0.010491168020226012,0.012197991463060448,0.010506047119799302,0.84597217163057314,0.0016919443432611462,within_ceiling,True,60,0.11080492950089557,0.095525885884888098,0.14999999999999999,False,rebalance_threshold_met,1,0.84597217163057314,False,4.163336342344337e-17,4.8572257327350599e-17
fold-1,29,test,2025-03-13,balanced,True,every-bars,1,dataset-start,dataset,0.0063138059654105601,0.0072741912285106056,0.0063190973512134542,0.47754693864857556,0.00095509387729715112,within_ceiling,True,60,0.097737964346859635,0.10185813645392044,0.14999999999999999,False,rebalance_threshold_met,1,0.47754693864857556,False,0,5.5511151231257827e-17
fold-1,29,test,2025-03-14,intraday,True,every-bars,1,dataset-start,dataset,0.012881394658737283,0.014267398883007263,0.012901750525825966,0.68282417859064837,0.0013656483571812966,within_ceiling,True,60,0.10214329613087961,0.10165134516671312,0.14999999999999999,False,rebalance_threshold_met,0.99999999999999989,0.68282417859064837,False,4.8572257327350599e-17,2.7755575615628914e-17
fold-1,29,test,2025-03-17,balanced,True,every-bars,1,dataset-start,dataset,-0.0029037279457657596,-0.00091871558066071142,-0.0029036435419339448,0.99246398063661678,0.0019849279612732334,within_ceiling,True,60,0.1042396329989122,0.10161621775384891,0.14999999999999999,False,rebalance_threshold_met,1,0.99246398063661678,False,0,0
fold-1,29,test,2025-03-18,intraday,True,every-bars,1,dataset-start,dataset,0.015484965864693615,0.016709775620135252,0.015512887524821143,0.5984440476570545,0.0011968880953141089,within_ceiling,True,60,0.10080286739436614,0.10666780485151368,0.14999999999999999,False,rebalance_threshold_met,1,0.5984440476570545,False,0,5.5511151231257827e-17
fold-1,29,test,2025-03-19,balanced,True,every-bars,1,dataset-start,dataset,-0.0040515805606228623,-0.0029297628411642115,-0.0040507222095923154,0.56047968421405203,0.0011209593684281041,within_ceiling,True,60,0.11039148625298165,0.076218373072234488,0.14999999999999999,False,rebalance_threshold_met,1,0.56047968421405203,False,0,0
fold-1,29,test,2025-03-20,intraday,True,every-bars,1,dataset-start,dataset,0.010622118359817493,0.012287500315527189,0.010637216626217902,0.8251418446546438,0.0016502836893092876,within_ceiling,True,60,0.076972727830318832,0.10497939329392415,0.14999999999999999,False,rebalance_threshold_met,1,0.8251418446546438,False,0,0
fold-1,29,test,2025-03-21,balanced,True,every-bars,1,dataset-start,dataset,0.0032983714815785093,0.0045584010125638771,0.0033004493835576435,0.62897581450311668,0.0012579516290062334,within_ceiling,True,60,0.10513847414650151,0.098671695395529488,0.14999999999999999,False,rebalance_threshold_met,1,0.62897581450311668,False,0,2.7755575615628914e-17
fold-1,29,test,2025-03-24,intraday,True,every-bars,1,dataset-start,dataset,0.01115176941266262,0.012190443563769471,0.011166630104090764,0.51190672983935359,0.0010238134596787071,within_ceiling,True,60,0.097381491407712614,0.087780241050429961,0.14999999999999999,False,rebalance_threshold_met,1,0.51190672983935359,False,0,0
fold-1,29,test,2025-03-25,balanced,True,every-bars,1,dataset-start,dataset,-0.0045366240635959544,-0.0029452486656234567,-0.0045357566146257185,0.79525397450113078,0.0015905079490022614,within_ceiling,True,60,0.08873487809153166,0.10450125145313205,0.14999999999999999,False,rebalance_threshold_met,1,0.79525397450113078,False,0,0
fold-1,29,test,2025-03-26,intraday,True,every-bars,1,dataset-start,dataset,0.0054953179653187195,0.0070369367888902471,0.0055002698132558033,0.76833348781722177,0.0015366669756344436,within_ceiling,True,60,0.10289359408154283,0.10072981282223809,0.14999999999999999,False,rebalance_threshold_met,1,0.76833348781722177,False,0,0
fold-1,29,test,2025-03-27,balanced,True,every-bars,1,dataset-start,dataset,0.0068972351250062057,0.0076866139897737353,0.0069031435284689843,0.39173523065237559,0.00078347046130475121,within_ceiling,True,60,0.10017520383254941,0.12109269038315854,0.14999999999999999,False,rebalance_threshold_met,0.99999999999999989,0.39173523065237559,False,0,0
fold-1,29,test,2025-03-28,intraday,True,every-bars,1,dataset-start,dataset,0.0057466444796269479,0.0069209743963146069,0.005751434468286392,0.58476996401410719,0.0011695399280282144,within_ceiling,True,60,0.12125348184919343,0.085543332632651611,0.14999999999999999,False,rebalance_threshold_met,0.99999999999999989,0.58476996401410719,False,0,1.3877787807814457e-17
fold-1,29,test,2025-03-31,balanced,True,every-bars,1,dataset-start,dataset,0.0085078703680788251,0.010512282196679289,0.0085189211757770878,0.99668051045110029,0.0019933610209022005,within_ceiling,True,60,0.085706599293880276,0.095823829574432529,0.14999999999999999,False,rebalance_threshold_met,1,0.99668051045110029,False,0,0
fold-1,29,test,2025-04-01,intraday,True,every-bars,1,dataset-start,dataset,0.022433017657815017,0.024372997147667309,0.022492421956811039,0.94028759542813511,0.0018805751908562702,within_ceiling,True,60,0.095651443974245243,0.075365809527149843,0.14999999999999999,False,rebalance_threshold_met,1,0.94028759542813511,False,0,2.7755575615628914e-17
fold-1,29,test,2025-04-02,balanced,True,every-bars,1,dataset-start,dataset,-0.0050452546082959248,-0.0031690036078151655,-0.00504425034990929,0.93762337104706228,0.0018752467420941243,within_ceiling,True,60,0.085432015784143847,0.079401128907320553,0.14999999999999999,False,rebalance_threshold_met,0.99999999999999989,0.93762337104706228,False,0,0
fold-1,29,test,2025-04-03,intraday,True,every-bars,1,dataset-start,dataset,0.010022654012008102,0.01072286061941613,0.010034151985994444,0.34435431671084338,0.00068870863342168675,within_ceiling,True,60,0.077997712230758326,0.10355883992655615,0.14999999999999999,False,rebalance_threshold_met,1,0.34435431671084338,False,0,0
fold-1,29,test,2025-04-04,balanced,True,every-bars,1,dataset-start,dataset,0.0025381350191094657,0.0037286898343872991,0.0025395253318975719,0.59458225124486375,0.0011891645024897275,within_ceiling,True,60,0.10435532031098231,0.10821190629475175,0.14999999999999999,False,rebalance_threshold_met,1,0.59458225124486375,False,0,0
fold-1,29,test,2025-04-07,intraday,True,every-bars,1,dataset-start,dataset,0.0081526475361369862,0.0096221253639135404,0.0081619060657888726,0.73010964906233422,0.0014602192981246684,within_ceiling,True,60,0.10610307948681801,0.098354076607793481,0.14999999999999999,False,rebalance_threshold_met,1,0.73010964906233422,False,4.5102810375396984e-17,5.5511151231257827e-17
fold-1,29,test,2025-04-08,balanced,True,every-bars,1,dataset-start,dataset,-0.011184291564059421,-0.0091827390736726709,-0.011175859294369907,0.99656011034861791,0.0019931202206972358,within_ceiling,True,60,0.099283739298558799,0.11149416715390952,0.14999999999999999,False,rebalance_threshold_met,1,0.99656011034861791,False,0,0
fold-1,29,test,2025-04-09,intraday,True,every-bars,1,dataset-start,dataset,0.0098742835375757697,0.01189550307086612,0.0098884338369066675,1.0035346169797268,0.0020070692339594536,within_ceiling,True,60,0.113527478111456,0.11294231318515978,0.14999999999999999,False,rebalance_threshold_met,1,1.0035346169797268,False,0,0
fold-1,29,test,2025-04-10,balanced,True,every-bars,1,dataset-start,dataset,0.0037444375284461976,0.0044624092578547962,0.0037464288380846564,0.35799020988506997,0.00071598041977013994,within_ceiling,True,60,0.11372972745683459,0.10145868036908193,0.14999999999999999,False,rebalance_threshold_met,1,0.35799020988506997,False,0,0
fold-1,29,test,2025-04-11,intraday,True,every-bars,1,dataset-start,dataset,0.014175996349020448,0.015244955624179915,0.014199237216218769,0.52285920398057295,0.0010457184079611459,within_ceiling,True,60,0.098753011847816305,0.097525155825798238,0.14999999999999999,False,rebalance_threshold_met,1,0.52285920398057295,False,0,0
fold-1,29,test,2025-04-14,balanced,True,every-bars,1,dataset-start,dataset,-0.00098788668603845163,0.000590054612924626,-0.00098785186959382825,0.78895324125922717,0.0015779064825184542,within_ceiling,True,60,0.10143475789015241,0.104557318202742,0.14999999999999999,False,rebalance_threshold_met,1,0.78895324125922717,False,4.163336342344337e-17,2.7755575615628914e-17
fold-1,29,test,2025-04-15,intraday,True,every-bars,1,dataset-start,dataset,0.015691216800473223,0.016762375002538125,0.015719314522045794,0.52153024024616679,0.0010430604804923336,within_ceiling,True,60,0.10487216099370618,0.10890223141383314,0.14999999999999999,False,rebalance_threshold_met,1,0.52153024024616679,False,0,2.7755575615628914e-17
fold-1,29,test,2025-04-16,balanced,True,every-bars,1,dataset-start,dataset,0.01786093452673795,0.01928210351383677,0.017898114478329782,0.69199451775349363,0.0013839890355069873,within_ceiling,True,60,0.11223572274289596,0.08144276308398872,0.14999999999999999,False,rebalance_threshold_met,1,0.69199451775349363,False,0,0
fold-1,29,test,2025-04-17,intraday,True,every-bars,1,dataset-start,dataset,0.006563585739319912,0.0082365816883772439,0.0065703698671108427,0.83310591063320072,0.0016662118212664016,within_ceiling,True,60,0.087956422539720608,0.083747722291764082,0.14999999999999999,False,rebalance_threshold_met,1,0.83310591063320072,False,0,5.5511151231257827e-17
fold-1,29,test,2025-04-18,balanced,True,every-bars,1,dataset-start,dataset,0.010070971648441186,0.010989117760011253,0.010083047719355526,0.4530350203278638,0.00090607004065572751,within_ceiling,True,60,0.084657126879262107,0.08741462042990665,0.14999999999999999,False,rebalance_threshold_met,1.0000000000000002,0.4530350203278638,False,4.8572257327350599e-17,2.2204460492503131e-16
fold-1,47,validation,2024-11-04,activity,True,every-bars,1,dataset-start,dataset,0.007413996719340803,0.0084210881919745042,0.0074210881919745042,0.5,0.001,within_ceiling,True,60,0,0.09196184719803871,0.14999999999999999,False,rebalance_threshold_met,1,0.5,False,0,0
fold-1,47,validation,2024-11-05,balanced,True,every-bars,1,dataset-start,dataset,-0.0075604059188479266,-0.0066864557698400381,-0.0075559350497717238,0.43473963996584281,0.00086947927993168562,within_ceiling,True,60,0.091980812846552573,0.084390043591766939,0.14999999999999999,False,rebalance_threshold_met,0.99999999999999989,0.43473963996584281,False,4.5102810375396984e-17,5.5511151231257827e-17
fold-1,47,validation,2024-11-06,activity,True,every-bars,1,dataset-start,dataset,-0.00013228116966672174,0.0018738960129430914,-0.00013193002103998935,1.0029130169915403,0.0020058260339830807,within_ceiling,True,60,0.085148203333963238,0.087299754130592461,0.14999999999999999,False,rebalance_threshold_met,1,1.0029130169915403,False,0,0
fold-1,47,validation,2024-11-07,balanced,True,every-bars,1,dataset-start,dataset,-0.0024724959003749238,-0.0009740150764088885,-0.0024724010298380165,0.74919297671456397,0.001498385953429128,within_ceiling,True,60,0.086781134810949276,0.088586877771302586,0.14999999999999999,False,rebalance_threshold_met,0.99999999999999989,0.74919297671456397,False,4.163336342344337e-17,0
fold-1,47,validation,2024-11-08,activity,True,every-bars,1,dataset-start,dataset,-0.0044036743565017298,-0.0031623925107978623,-0.0044026742838624948,0.62014088653231614,0.0012402817730646323,within_ceiling,True,60,0.08860716909484305,0.10917651240470498,0.14999999999999999,False,rebalance_threshold_met,1,0.62014088653231614,False,0,0
fold-1,47,validation,2024-11-11,balanced,True,every-bars,1,dataset-start,dataset,0.004740657627879512,0.0057505005096987203,0.0047439644534907162,0.50326802810400217,0.0010065360562080043,within_ceiling,True,60,0.1102237167154182,0.096181096458719265,0.14999999999999999,False,rebalance_threshold_met,1,0.50326802810400217,False,0,0
fold-1,47,validation,2024-11-12,activity,True,every-bars,1,dataset-start,dataset,-0.0077822963772383206,-0.0065690960834542626,-0.0077779810749029551,0.60444249572434616,0.0012088849914486924,within_ceiling,True,60,0.093714290382990548,0.084325154027266327,0.14999999999999999,False,rebalance_threshold_met,0.99999999999999989,0.60444249572434616,False,0,2.7755575615628914e-17
fold-1,47,validation,2024-11-13,balanced,True,every-bars,1,dataset-start,dataset,0.0060972970067600853,0.0076863426106265498,0.0061032049930328782,0.79156880879683578,0.0015831376175936714,within_ceiling,True,60,0.084609153385165101,0.090588020538826683,0.14999999999999999,False,rebalance_threshold_met,0.99999999999999989,0.79156880879683578,False,0,2.7755575615628914e-17
fold-1,47,validation,2024-11-14,activity,True,every-bars,1,dataset-start,dataset,-0.00014264958998822747,0.00073307533809920437,-0.00014259585004309453,0.43783559407114941,0.0008756711881422989,within_ceiling,True,60,0.090835703129506506,0.10169454131321505,0.14999999999999999,False,rebalance_threshold_met,1,0.43783559407114941,False,0,2.7755575615628914e-17
fold-1,47,validation,2024-11-15,balanced,True,every-bars,1,dataset-start,dataset,0.0083575987610031502,0.0099492638861126987,0.0083674975461907001,0.79088316996099894,0.001581766339921998,within_ceiling,True,60,0.10180019267186288,0.091010706999260574,0.14999999999999999,False,rebalance_threshold_met,1,0.79088316996099894,False,4.163336342344337e-17,0
fold-1,47,validation,2024-11-18,activity,True,every-bars,1,dataset-start,dataset,-0.0075671069167522363,-0.0070779609749057702,-0.0075620971635960077,0.24206809434511883,0.00048413618869023767,within_ceiling,True,60,0.092362954864124949,0.10404221611895759,0.14999999999999999,False,rebalance_threshold_met,1,0.24206809434511883,False,0,5.5511151231257827e-17
fold-1,47,validation,2024-11-19,balanced,True,every-bars,1,dataset-start,dataset,0.0010971834385817216,0.0022908832224188824,0.0010977082531755976,0.59658748462164246,0.0011931749692432848,within_ceiling,True,60,0.10048489368486684,0.11017698262436854,0.14999999999999999,False,rebalance_threshold_met,1,0.59658748462164246,False,0,0
fold-1,47,validation,2024-11-20,activity,True,every-bars,1,dataset-start,dataset,-0.0051433783002920929,-0.0038486219082714103,-0.0051418971112328106,0.64663760148070004,0.0012932752029614001,within_ceiling,True,60,0.10893151489481397,0.087368796978936153,0.14999999999999999,False,rebalance_threshold_met,1,0.64663760148070004,False,0,5.5511151231257827e-17
fold-1,47,validation,2024-11-21,balanced,True,every-bars,1,dataset-start,dataset,0.0068261297081158153,0.0087081384357337813,0.0068337128756174054,0.93721278005818798,0.0018744255601163757,within_ceiling,True,60,0.087343660094737749,0.091440962544251159,0.14999999999999999,False,rebalance_threshold_met,1,0.93721278005818798,False,0,5.5511151231257827e-17
fold-1,47,validation,2024-11-22,activity,True,every-bars,1,dataset-start,dataset,-0.0021864266865101903,-0.0014630107605280601,-0.002186212646461648,0.3616009429667939,0.00072320188593358781,within_ceiling,True,60,0.088775410790434148,0.096628863567534501,0.14999999999999999,False,rebalance_threshold_met,1,0.3616009429667939,False,0,0
fold-1,47,validation,2024-11-25,balanced,True,every-bars,1,dataset-start,dataset,-0.0045219288213201921,-0.0039137518716962994,-0.0045203970759488711,0.30332260212628603,0.00060664520425257205,within_ceiling,True,60,0.095971501983939347,0.094630147281851512,0.14999999999999999,False,rebalance_threshold_met,1,0.30332260212628603,False,0,0
fold-1,47,validation,2024-11-26,activity,True,every-bars,1,dataset-start,dataset,-0.0041581750658156273,-0.0023882588188308806,-0.0041576046877970551,0.88467293448308715,0.0017693458689661743,within_ceiling,True,60,0.094903974623885376,0.081898635155329802,0.14999999999999999,False,rebalance_threshold_met,1,0.88467293448308715,False,0,0
fold-1,47,validation,2024-11-27,balanced,True,every-bars,1,dataset-start,dataset,0.0018220445430306978,0.0025928566925931111,0.0018227168336135303,0.38506992948979041,0.0007701398589795808,within_ceiling,True,60,0.082222083062364254,0.079001662594594221,0.14999999999999999,False,rebalance_threshold_met,1,0.38506992948979041,False,6.2450045135165055e-17,0
fold-1,47,validation,2024-11-28,activity,True,every-bars,1,dataset-start,dataset,-0.00099880649268849729,0.00059852479619998367,-0.00099877066949533065,0.79864773284765722,0.0015972954656953144,within_ceiling,True,60,0.079013350116160549,0.095255008184963338,0.14999999999999999,False,rebalance_threshold_met,1,0.79864773284765722,False,0,0
fold-1,47,validation,2024-11-29,balanced,True,every-bars,1,dataset-start,dataset,0.0016240449221283097,0.002914235587201699,0.0016248941990340811,0.64467069408380895,0.0012893413881676179,within_ceiling,True,60,0.093726449509352674,0.088737112299912879,0.14999999999999999,False,rebalance_threshold_met,1,0.64467069408380895,False,0,5.5511151231257827e-17
fold-1,47,validation,2024-12-02,activity,True,every-bars,1,dataset-start,dataset,-0.00040834688852043775,0.0012447273344626949,-0.00040819195390672186,0.82645964418470841,0.0016529192883694168,within_ceiling,True,60,0.087585433701482543,0.087953371065427194,0.14999999999999999,False,rebalance_threshold_met,1,0.82645964418470841,False,3.4694469519536142e-17,0
fold-1,47,validation,2024-12-03,balanced,True,every-bars,1,dataset-start,dataset,-0.0086470185039751388,-0.0071255504641113956,-0.0086419411570334784,0.75819534646104125,0.0015163906929220826,within_ceiling,True,60,0.087962662480187609,0.099279876058806865,0.14999999999999999,False,rebalance_threshold_met,1,0.75819534646104125,False,0,0
fold-1,47,validation,2024-12-04,activity,True,every-bars,1,dataset-start,dataset,-0.0037517190224060529,-0.0029856820180778399,-0.0037508275926947457,0.38257278730845301,0.00076514557461690598,within_ceiling,True,60,0.10036808092978269,0.099111206452646927,0.14999999999999999,False,rebalance_threshold_met,1,0.38257278730845301,False,4.163336342344337e-17,5.5511151231257827e-17
fold-1,47,validation,2024-12-05,balanced,True,every-bars,1,dataset-start,dataset,-0.0032214137668188977,-0.0017166260223613892,-0.0032211190863288327,0.75224653198372171,0.0015044930639674433,within_ceiling,True,60,0.097602336722941316,0.086287323562758644,0.14999999999999999,False,rebalance_threshold_met,1,0.75224653198372171,False,0,0
fold-1,47,validation,2024-12-06,activity,True,every-bars,1,dataset-start,dataset,0.002506283800094683,0.003308517603027617,0.0025073784289676372,0.40056958702998979,0.00080113917405997962,within_ceiling,True,60,0.083767409966679141,0.094320858844010466,0.14999999999999999,False,rebalance_threshold_met,1,0.40056958702998979,False,0,0
fold-1,47,validation,2024-12-09,balanced,True,every-bars,1,dataset-start,dataset,-0.0040639767926694045,-0.0027784959233353012,-0.0040632047887098057,0.64235443268725223,0.0012847088653745046,within_ceiling,True,60,0.092918029533730004,0.093580578159459221,0.14999999999999999,False,rebalance_threshold_met,1,0.64235443268725223,False,0,2.7755575615628914e-17
fold-1,47,validation,2024-12-10,activity,True,every-bars,1,dataset-start,dataset,-0.0013127283287427854,0.0001780636206716096,-0.0013127251580774847,0.74539438937454716,0.0014907887787490943,within_ceiling,True,60,0.094009650409244083,0.089796954572193222,0.14999999999999999,False,rebalance_threshold_met,1,0.74539438937454716,False,0,0
fold-1,47,validation,2024-12-11,balanced,True,every-bars,1,dataset-start,dataset,-0.005956906933087756,-0.0040750701083303569,-0.0059552463134489751,0.94008810255930897,0.0018801762051186182,within_ceiling,True,60,0.087602965423876619,0.083738971747762792,0.14999999999999999,False,rebalance_threshold_met,1,0.94008810255930897,False,0,5.5511151231257827e-17
fold-1,47,validation,2024-12-12,activity,True,every-bars,1,dataset-start,dataset,0.0031802911054568499,0.0040267557986009336,0.0031819125816830063,0.42242160845896359,0.00084484321691792716,within_ceiling,True,60,0.083521664486889344,0.084173913164977771,0.14999999999999999,False,rebalance_threshold_met,1,0.42242160845896359,False,0,0
fold-1,47,validation,2024-12-13,balanced,True,every-bars,1,dataset-start,dataset,-5.9461477519475064e-05,0.0010421018416897727,-5.9352879894629743e-05,0.55072736079220119,0.0011014547215844024,within_ceiling,True,60,0.083120764666043762,0.082599345793671203,0.14999999999999999,False,rebalance_threshold_met,1,0.55072736079220119,False,0,5.5511151231257827e-17
fold-1,47,validation,2024-12-16,activity,True,every-bars,1,dataset-start,dataset,0.010316683721356279,0.011933546537454608,0.010330924674652438,0.801310931401085,0.0016026218628021698,within_ceiling,True,60,0.082183127110349599,0.096705715412410742,0.14999999999999999,False,rebalance_threshold_met,1,0.801310931401085,False,0,0
fold-1,47,validation,2024-12-17,balanced,True,every-bars,1,dataset-start,dataset,0.00083821329255377155,0.0024106739923168627,0.00083879442746349485,0.78593978242668394,0.0015718795648533678,within_ceiling,True,60,0.097521239093981846,0.090468647105652306,0.14999999999999999,False,rebalance_threshold_met,1,0.78593978242668394,False,4.163336342344337e-17,2.7755575615628914e-17
fold-1,47,validation,2024-12-18,activity,True,every-bars,1,dataset-start,dataset,-0.0051562415981218253,-0.0041388019839886624,-0.0051545286299355588,0.50786332297344838,0.0010157266459468967,within_ceiling,True,60,0.089481347752041945,0.10286357815657955,0.14999999999999999,False,rebalance_threshold_met,1,0.50786332297344838,False,0,5.5511151231257827e-17
fold-1,47,validation,2024-12-19,balanced,True,every-bars,1,dataset-start,dataset,0.016148075505812431,0.017074512378312281,0.016177229403108145,0.44864148760206779,0.00089728297520413566,within_ceiling,True,60,0.10380451171501832,0.095250929401859336,0.14999999999999999,False,rebalance_threshold_met,1,0.44864148760206779,False,0,0
fold-1,47,validation,2024-12-20,activity,True,every-bars,1,dataset-start,dataset,0.0087753959566820722,0.010256562562855009,0.0087859156642426488,0.73532344930617999,0.00147064689861236,within_ceiling,True,60,0.094552904290640366,0.09433917940815513,0.14999999999999999,False,rebalance_threshold_met,1,0.73532344930617999,False,0,0
fold-1,47,validation,2024-12-23,balanced,True,every-bars,1,dataset-start,dataset,0.0080656205709589961,0.0099504386090311838,0.0080755216938102059,0.9374584576104894,0.0018749169152209788,within_ceiling,True,60,0.094692480667809331,0.097237625583787804,0.14999999999999999,False,rebalance_threshold_met,1,0.9374584576104894,False,0,0
fold-1,47,validation,2024-12-24,activity,True,every-bars,1,dataset-start,dataset,0.0086499774626024942,0.010126234983052936,0.0086602315260956939,0.733001728478621,0.001466003456957242,within_ceiling,True,60,0.098735347842333746,0.10126712257054511,0.14999999999999999,False,rebalance_threshold_met,1,0.733001728478621,False,0,2.7755575615628914e-17
fold-1,47,validation,2024-12-25,balanced,True,every-bars,1,dataset-start,dataset,0.0090266496396234179,0.010912454824227031,0.0090385578066524974,0.93694850878726621,0.0018738970175745323,within_ceiling,True,60,0.10164435539975349,0.092910233509945553,0.14999999999999999,False,rebalance_threshold_met,1,0.93694850878726621,False,0,0
fold-1,47,validation,2024-12-26,activity,True,every-bars,1,dataset-start,dataset,0.015991195902034547,0.017792533560087333,0.016022853327083232,0.88484011650204986,0.0017696802330040996,within_ceiling,True,60,0.09416964110001555,0.0806419705370265,0.14999999999999999,False,rebalance_threshold_met,1,0.88484011650204986,False,4.5102810375396984e-17,3.4694469519536142e-17
fold-1,47,validation,2024-12-27,balanced,True,every-bars,1,dataset-start,dataset,0.014489631801829574,0.015513649603616916,0.014513699134231955,0.49997523469248056,0.00099995046938496112,within_ceiling,True,60,0.085691186263631217,0.069684989019633312,0.14999999999999999,False,rebalance_threshold_met,1,0.49997523469248056,False,4.163336342344337e-17,1.3877787807814457e-17
fold-1,47,validation,2024-12-30,activity,True,every-bars,1,dataset-start,dataset,0.014455447480145918,0.016471731764473252,0.014482579274877993,0.99457624479762963,0.0019891524895952594,within_ceiling,True,60,0.073993886644635631,0.089103784227078847,0.14999999999999999,False,rebalance_threshold_met,1,0.99457624479762963,False,0,0
fold-1,47,validation,2024-12-31,balanced,True,every-bars,1,dataset-start,dataset,0.010229780196128141,0.011589765061408148,0.010243212461546004,0.67327629993107152,0.001346552599862143,within_ceiling,True,60,0.091666569915556967,0.10037098275238981,0.14999999999999999,False,rebalance_threshold_met,1.0000000000000002,0.67327629993107152,False,0,2.2204460492503131e-16
fold-1,47,validation,2025-01-01,activity,True,every-bars,1,dataset-start,dataset,0.0080632024033313512,0.0093174965208259707,0.0080718839774729118,0.62280627167652935,0.0012456125433530588,within_ceiling,True,60,0.10183164614292395,0.084824142462447891,0.14999999999999999,False,rebalance_threshold_met,1,0.62280627167652935,False,0,5.5511151231257827e-17
fold-1,47,validation,2025-01-02,balanced,True,every-bars,1,dataset-start,dataset,0.005502999155242866,0.0059751116751736721,0.0055065693511959458,0.23427116198886319,0.00046854232397772639,within_ceiling,True,60,0.085465121200050259,0.090652165416467728,0.14999999999999999,False,rebalance_threshold_met,1,0.23427116198886319,False,0,0
fold-1,47,validation,2025-01-03,activity,True,every-bars,1,dataset-start,dataset,0.0067391358981385178,0.0087403617911405215,0.0067467752905625211,0.99679325028900023,0.0019935865005780004,within_ceiling,True,60,0.088063378895500588,0.10385469962578542,0.14999999999999999,False,rebalance_threshold_met,1,0.99679325028900023,False,0,2.7755575615628914e-17
fold-1,47,validation,2025-01-06,balanced,True,every-bars,1,dataset-start,dataset,0.015697237380137341,0.01679156309570275,0.015725433039257039,0.53306502822285606,0.0010661300564457122,within_ceiling,True,60,0.10353576118485294,0.090682657711244535,0.14999999999999999,False,rebalance_threshold_met,1,0.53306502822285606,False,0,0
fold-1,47,validation,2025-01-07,activity,True,every-bars,1,dataset-start,dataset,0.010399785463173841,0.011377666739349417,0.01041273059321701,0.48246807306620287,0.00096493614613240566,within_ceiling,True,60,0.09656330791630896,0.078393643046607592,0.14999999999999999,False,rebalance_threshold_met,1,0.48246807306620287,False,0,5.5511151231257827e-17
fold-1,47,validation,2025-01-08,balanced,True,every-bars,1,dataset-start,dataset,0.020888061534562134,0.021472749800516895,0.020934169432961693,0.26929018377760128,0.00053858036755520262,within_ceiling,True,60,0.080051802597541188,0.076596070125540247,0.14999999999999999,False,rebalance_threshold_met,1,0.26929018377760128,False,0,5.5511151231257827e-17
fold-1,47,validation,2025-01-09,activity,True,every-bars,1,dataset-start,dataset,0.021703115829297303,0.023290175095620216,0.021757359054895769,0.76640802036222366,0.0015328160407244472,within_ceiling,True,60,0.084408717842947442,0.093529938636335908,0.14999999999999999,False,rebalance_threshold_met,1,0.76640802036222366,False,0,0
fold-1,47,validation,2025-01-10,balanced,True,every-bars,1,dataset-start,dataset,0.015977923511486844,0.016770384504049923,0.016006048091128211,0.38216820646085625,0.00076433641292171246,within_ceiling,True,60,0.10012513821252091,0.085182628805736835,0.14999999999999999,False,rebalance_threshold_met,1,0.38216820646085625,False,0,2.7755575615628914e-17
fold-1,47,validation,2025-01-13,activity,True,every-bars,1,dataset-start,dataset,0.0059147670798892823,0.0068290034279304872,0.0059194306086711506,0.45478640962966821,0.00090957281925933646,within_ceiling,True,60,0.089418103708134467,0.11578447984507149,0.14999999999999999,False,rebalance_threshold_met,1,0.45478640962966821,False,4.163336342344337e-17,2.7755575615628914e-17
fold-1,47,validation,2025-01-14,balanced,True,every-bars,1,dataset-start,dataset,0.0093096183250900022,0.0099305085658680497,0.00931947982512768,0.30551437037018464,0.00061102874074036922,within_ceiling,True,60,0.11555056621680877,0.10727531495502203,0.14999999999999999,False,rebalance_threshold_met,1,0.30551437037018464,False,0,2.0816681711721685e-17
fold-1,47,validation,2025-01-15,activity,True,every-bars,1,dataset-start,dataset,0.012031924072684119,0.013501305484175351,0.012050152597661821,0.72557644325676474,0.0014511528865135295,within_ceiling,True,60,0.10747027470719013,0.083216567125952864,0.14999999999999999,False,rebalance_threshold_met,1,0.72557644325676474,False,0,0
fold-1,47,validation,2025-01-16,balanced,True,every-bars,1,dataset-start,dataset,0.012010735448183294,0.012337042705645659,0.012025955710455387,0.15554349759513658,0.0003110869951902732,within_ceiling,True,60,0.085329605220960655,0.082546173278942661,0.14999999999999999,False,rebalance_threshold_met,1,0.15554349759513658,False,0,2.7755575615628914e-17
fold-1,47,validation,2025-01-17,activity,True,every-bars,1,dataset-start,dataset,0.0088336773580045685,0.010526601052888824,0.0088447582909772365,0.84092138095579316,0.0016818427619115861,within_ceiling,True,60,0.084469546234961501,0.091412210690748633,0.14999999999999999,False,rebalance_threshold_met,1,0.84092138095579316,False,0,0
fold-1,47,validation,2025-01-20,balanced,True,every-bars,1,dataset-start,dataset,0.0014307728920941816,0.0019775275167695098,0.0014311639536021396,0.27318178158368511,0.00054636356316737017,within_ceiling,True,60,0.093081216553193805,0.098347033639394552,0.14999999999999999,False,rebalance_threshold_met,1,0.27318178158368511,False,4.163336342344337e-17,2.7755575615628914e-17
fold-1,47,validation,2025-01-21,activity,True,every-bars,1,dataset-start,dataset,0.017097395310913616,0.017978200751490699,0.017129716881139706,0.42424193517549624,0.00084848387035099259,within_ceiling,True,60,0.097875729321474175,0.096708765289574797,0.14999999999999999,False,rebalance_threshold_met,1,0.42424193517549624,False,0,2.7755575615628914e-17
fold-1,47,validation,2025-01-22,balanced,True,every-bars,1,dataset-start,dataset,0.0081378750793135168,0.0096029306397417604,0.0081470967070006867,0.72791696637053716,0.0014558339327410742,within_ceiling,True,60,0.10211529278201151,0.10924875390478302,0.14999999999999999,False,rebalance_threshold_met,1,0.72791696637053716,False,0,5.5511151231257827e-17
fold-1,47,validation,2025-01-23,activity,True,every-bars,1,dataset-start,dataset,0.014616941754739658,0.015682794291679302,0.01464153675841917,0.52062876663006608,0.0010412575332601321,within_ceiling,True,60,0.11006800587359949,0.10840935881729712,0.14999999999999999,False,rebalance_threshold_met,1,0.52062876663006608,False,0,2.7755575615628914e-17
fold-1,47,validation,2025-01-24,balanced,True,every-bars,1,dataset-start,dataset,0.0082041784482467517,0.0090877692734024108,0.0082124372032834122,0.43766603505949908,0.00087533207011899811,within_ceiling,True,60,0.11121937718806349,0.10031855159817815,0.14999999999999999,False,rebalance_threshold_met,1,0.43766603505949908,False,0,0
fold-1,47,test,2025-01-27,activity,True,every-bars,1,dataset-start,dataset,0.0069041241710829683,0.0079103815847646267,0.0069103815847646266,0.5,0.001,within_ceiling,True,60,0,0.11207745309406403,0.14999999999999999,False,rebalance_threshold_met,1,0.5,False,0,2.7755575615628914e-17
fold-1,47,test,2025-01-28,balanced,True,every-bars,1,dataset-start,dataset,0.011233523831879921,0.01273747740665743,0.011249748164948432,0.74386462085449945,0.0014877292417089991,within_ceiling,True,60,0.1122317355621187,0.1028673693588802,0.14999999999999999,False,rebalance_threshold_met,1,0.74386462085449945,False,4.163336342344337e-17,7.6327832942979512e-17
fold-1,47,test,2025-01-29,activity,True,every-bars,1,dataset-start,dataset,0.008385232917757085,0.0092576305497914391,0.0083938032900967279,0.43191362984735571,0.00086382725969471144,within_ceiling,True,60,0.10562922515228233,0.086761063465302241,0.14999999999999999,False,rebalance_threshold_met,1,0.43191362984735571,False,0,0
fold-1,47,test,2025-01-30,balanced,True,every-bars,1,dataset-start,dataset,0.0037949067512522013,0.0051183761457691459,0.0037975265286891591,0.6604248085399933,0.0013208496170799865,within_ceiling,True,60,0.088222225108806965,0.088915970898567898,0.14999999999999999,False,rebalance_threshold_met,1,0.6604248085399933,False,0,0
fold-1,47,test,2025-01-31,activity,True,every-bars,1,dataset-start,dataset,0.010265386950620877,0.01191680244892861,0.010279587968681557,0.81860724012352704,0.001637214480247054,within_ceiling,True,60,0.089407324949385483,0.12227686337244366,0.14999999999999999,False,rebalance_threshold_met,1,0.81860724012352704,False,0,0
fold-1,47,test,2025-02-03,balanced,True,every-bars,1,dataset-start,dataset,0.015156268062316673,0.0165969844720434,0.015183814051673197,0.7065852101851009,0.0014131704203702018,within_ceiling,True,60,0.12277560691405986,0.10212922629111414,0.14999999999999999,False,rebalance_threshold_met,1,0.7065852101851009,False,0,0
fold-1,47,test,2025-02-04,activity,True,every-bars,1,dataset-start,dataset,0.010836323448408257,0.012834679330217071,0.010852796347759206,0.99094149122893227,0.0019818829824578645,within_ceiling,True,60,0.10362482205715932,0.097518393983788296,0.14999999999999999,False,rebalance_threshold_met,0.99999999999999989,0.99094149122893227,False,0,0
fold-1,47,test,2025-02-05,balanced,True,every-bars,1,dataset-start,dataset,0.011968537142590599,0.012977316804180149,0.011985378217734204,0.49596929322297301,0.00099193858644594599,within_ceiling,True,60,0.098579127909202008,0.097750447629635862,0.14999999999999999,False,rebalance_threshold_met,1,0.49596929322297301,False,0,0
fold-1,47,test,2025-02-06,activity,True,every-bars,1,dataset-start,dataset,0.0073215767793912839,0.0093208223414458433,0.0073302645523033632,0.99527889457124008,0.0019905577891424801,within_ceiling,True,60,0.1008630972284164,0.096514866389455917,0.14999999999999999,False,rebalance_threshold_met,1,0.99527889457124008,False,0,5.5511151231257827e-17
fold-1,47,test,2025-02-07,balanced,True,every-bars,1,dataset-start,dataset,0.012963315378102497,0.014629604237984418,0.012984717910118501,0.8224431639329588,0.0016448863278659175,within_ceiling,True,60,0.097401393378607287,0.092417971924795242,0.14999999999999999,False,rebalance_threshold_met,1,0.8224431639329588,False,0,0
fold-1,47,test,2025-02-10,activity,True,every-bars,1,dataset-start,dataset,0.0070684976323344148,0.0083386983295491764,0.0070754510213175371,0.63162365411581955,0.0012632473082316391,within_ceiling,True,60,0.095943628667944744,0.094349032740505129,0.14999999999999999,False,rebalance_threshold_met,1,0.63162365411581955,False,0,0
fold-1,47,test,2025-02-11,balanced,True,every-bars,1,dataset-start,dataset,0.011437612761989064,0.01213222014109392,0.01145233183854426,0.33994415127483013,0.00067988830254966026,within_ceiling,True,60,0.094929580375167438,0.091636459972259401,0.14999999999999999,False,rebalance_threshold_met,1,0.33994415127483013,False,0,5.5511151231257827e-17
fold-1,47,test,2025-02-12,activity,True,every-bars,1,dataset-start,dataset,0.013477653655695193,0.014164912012966931,0.013497718128928703,0.33359694201911394,0.00066719388403822788,within_ceiling,True,60,0.092519444311263188,0.089866259299020479,0.14999999999999999,False,rebalance_threshold_met,1,0.33359694201911394,False,4.5102810375396984e-17,6.2450045135165055e-17
fold-1,47,test,2025-02-13,balanced,True,every-bars,1,dataset-start,dataset,0.011370444999442267,0.01234505273019209,0.011385685032133389,0.47968384902934991,0.00095936769805869985,within_ceiling,True,60,0.09286485697882424,0.095887620302885973,0.14999999999999999,False,rebalance_threshold_met,1,0.47968384902934991,False,4.8572257327350599e-17,5.5511151231257827e-17
fold-1,47,test,2025-02-14,activity,True,every-bars,1,dataset-start,dataset,0.011156276793547019,0.012511265588280533,0.011171929970209068,0.6696678090357322,0.0013393356180714643,within_ceiling,True,60,0.098400877609251661,0.087713035710616782,0.14999999999999999,False,rebalance_threshold_met,1,0.6696678090357322,False,4.5102810375396984e-17,4.8572257327350599e-17
fold-1,47,test,2025-02-17,balanced,True,every-bars,1,dataset-start,dataset,0.0052448425002879721,0.0066367689399899725,0.0052492471704842537,0.69376088475285957,0.0013875217695057192,within_ceiling,True,60,0.090514933776323844,0.081132162733654228,0.14999999999999999,False,rebalance_threshold_met,1,0.69376088475285957,False,0,0
fold-1,47,test,2025-02-18,activity,True,every-bars,1,dataset-start,dataset,-0.0094044917456866974,-0.0083101835202305813,-0.0093975858306727059,0.54370115522106255,0.0010874023104421252,within_ceiling,True,60,0.081801285577009761,0.10669710969497462,0.14999999999999999,False,rebalance_threshold_met,1,0.54370115522106255,False,0,0
fold-1,47,test,2025-02-19,balanced,True,every-bars,1,dataset-start,dataset,0.011378494636300343,0.012886682439617148,0.011395101294730297,0.74579057244342573,0.0014915811448868513,within_ceiling,True,60,0.10837536863930472,0.10436257044305906,0.14999999999999999,False,rebalance_threshold_met,1,0.74579057244342573,False,0,2.7755575615628914e-17
fold-1,47,test,2025-02-20,activity,True,every-bars,1,dataset-start,dataset,-0.00049045203782559156,0.0013762175135133463,-0.00049026264036114149,0.93324007693724398,0.0018664801538744878,within_ceiling,True,60,0.1053230905455618,0.081504302095263825,0.14999999999999999,False,rebalance_threshold_met,1,0.93324007693724398,False,0,0
fold-1,47,test,2025-02-21,balanced,True,every-bars,1,dataset-start,dataset,0.0010195575396547551,0.0030210624609708775,0.0010204702214940639,1.0002961197384068,0.0020005922394768136,within_ceiling,True,60,0.0815435312741042,0.084598199589340423,0.14999999999999999,False,rebalance_threshold_met,1,1.0002961197384068,False,0,0
fold-1,47,test,2025-02-24,activity,True,every-bars,1,dataset-start,dataset,0.0042181177150563695,0.0046951387751126231,0.004220322147868126,0.2374083136222484,0.00047481662724449682,within_ceiling,True,60,0.07972771162628417,0.083475166531402148,0.14999999999999999,False,rebalance_threshold_met,1,0.2374083136222484,False,0,6.9388939039072284e-18
fold-1,47,test,2025-02-25,balanced,True,every-bars,1,dataset-start,dataset,0.020948101876288334,0.021952203648695611,0.020996291800791714,0.47795592395194891,0.00095591184790389785,within_ceiling,True,60,0.083597511808971861,0.10245881749102495,0.14999999999999999,False,rebalance_threshold_met,1,0.47795592395194891,False,3.4694469519536142e-17,0
fold-1,47,test,2025-02-26,activity,True,every-bars,1,dataset-start,dataset,-0.00050289489949465469,0.00018849301857344191,-0.00050289134653284961,0.34569218255314577,0.00069138436510629152,within_ceiling,True,60,0.11003303982736141,0.111275780289336,0.14999999999999999,False,rebalance_threshold_met,1,0.34569218255314577,False,0,6.9388939039072284e-17
fold-1,47,test,2025-02-27,balanced,True,every-bars,1,dataset-start,dataset,-0.0046343012640379906,-0.0035652166023803274,-0.0046330301870958022,0.53390679235773708,0.0010678135847154743,within_ceiling,True,60,0.11119797448710006,0.080818339876168419,0.14999999999999999,False,rebalance_threshold_met,1,0.53390679235773708,False,0,0
fold-1,47,test,2025-02-28,activity,True,every-bars,1,dataset-start,dataset,0.008474096473076077,0.0099380254090058739,0.0084839729079790819,0.72702625051339631,0.0014540525010267925,within_ceiling,True,60,0.081732634943006463,0.12181826611313602,0.14999999999999999,False,rebalance_threshold_met,1,0.72702625051339631,False,0,5.5511151231257827e-17
fold-1,47,test,2025-03-03,balanced,True,every-bars,1,dataset-start,dataset,-0.0077967474258050029,-0.0059537116633394446,-0.0077932027575479844,0.91974554710426992,0.00183949109420854,within_ceiling,True,60,0.12155298908399229,0.10275629678562509,0.14999999999999999,False,rebalance_threshold_met,1,0.91974554710426992,False,0,0
fold-1,47,test,2025-03-04,activity,True,every-bars,1,dataset-start,dataset,-0.002844935907604206,-0.0022317143567510021,-0.0028444378527071931,0.3063617479780954,0.00061272349595619074,within_ceiling,True,60,0.10317066946760112,0.11773735361125992,0.14999999999999999,False,rebalance_threshold_met,1,0.3063617479780954,False,0,0
fold-1,47,test,2025-03-05,balanced,True,every-bars,1,dataset-start,dataset,-0.0042990724138044379,-0.0034923831849953506,-0.0042978527397733541,0.40273477738900171,0.00080546955477800333,within_ceiling,True,60,0.11809053875700851,0.098089167666262911,0.14999999999999999,False,rebalance_threshold_met,1,0.40273477738900171,False,0,0
fold-1,47,test,2025-03-06,activity,True,every-bars,1,dataset-start,dataset,0.00056638039981225991,0.0024899532245830115,0.00056700038651832105,0.96147641903234526,0.0019229528380646905,within_ceiling,True,60,0.097692897365540002,0.10821503979825436,0.14999999999999999,False,rebalance_threshold_met,1,0.96147641903234526,False,0,1.3877787807814457e-17
fold-1,47,test,2025-03-07,balanced,True,every-bars,1,dataset-start,dataset,-0.0016438187869732034,-0.00050258304838727555,-0.0016437935280011508,0.57060523980693767,0.0011412104796138752,within_ceiling,True,60,0.10674039912063929,0.090518560326746961,0.14999999999999999,False,rebalance_threshold_met,1,0.57060523980693767,False,4.163336342344337e-17,9.0205620750793969e-17
fold-1,47,test,2025-03-10,activity,True,every-bars,1,dataset-start,dataset,-0.010769345269318656,-0.0097759135697447295,-0.010759788420706344,0.49193742548080688,0.00098387485096161392,within_ceiling,True,60,0.089261946091618263,0.10541741532576665,0.14999999999999999,False,rebalance_threshold_met,0.99999999999999978,0.49193742548080688,False,4.163336342344337e-17,0
fold-1,47,test,2025-03-11,balanced,True,every-bars,1,dataset-start,dataset,-0.014976186791448642,-0.014157762915249625,-0.0149561425663722,0.3991898255612874,0.0007983796511225748,within_ceiling,True,60,0.10603505132751954,0.10540456640537504,0.14999999999999999,False,rebalance_threshold_met,1,0.3991898255612874,False,0,8.3266726846886741e-17
fold-1,47,test,2025-03-12,activity,True,every-bars,1,dataset-start,dataset,0.0024871918374621931,0.0045057098668891959,0.0024892219796026514,1.0082439436432724,0.0020164878872865446,within_ceiling,True,60,0.11080492950089557,0.10827622098980236,0.14999999999999999,False,rebalance_threshold_met,1,1.0082439436432724,False,0,0
fold-1,47,test,2025-03-13,balanced,True,every-bars,1,dataset-start,dataset,0.00615117255010622,0.0072741912285106056,0.0061564639359091141,0.55886364630074581,0.0011177272926014916,within_ceiling,True,60,0.10786586620664855,0.10185813645392044,0.14999999999999999,False,rebalance_threshold_met,1,0.55886364630074581,False,0,5.5511151231257827e-17
fold-1,47,test,2025-03-14,activity,True,every-bars,1,dataset-start,dataset,-0.0044505917004589186,-0.0024551894539612926,-0.004449988904933434,0.99739972548607048,0.0019947994509721409,within_ceiling,True,60,0.10214329613087961,0.091951192740893431,0.14999999999999999,False,rebalance_threshold_met,1,0.99739972548607048,False,0,0
fold-1,47,test,2025-03-17,balanced,True,every-bars,1,dataset-start,dataset,-0.0021169061900411863,-0.00091871558066071142,-0.0021168217862093715,0.59905310277432988,0.0011981062055486599,within_ceiling,True,60,0.091501808515547109,0.10161621775384891,0.14999999999999999,False,rebalance_threshold_met,1,0.59905310277432988,False,0,0
fold-1,47,test,2025-03-18,activity,True,every-bars,1,dataset-start,dataset,0.012701746125855092,0.013832144546785578,0.012720878948131408,0.55563279932708454,0.0011112655986541692,within_ceiling,True,60,0.10080286739436614,0.096676341940878874,0.14999999999999999,False,rebalance_threshold_met,1,0.55563279932708454,False,0,5.5511151231257827e-17
fold-1,47,test,2025-03-19,balanced,True,every-bars,1,dataset-start,dataset,-0.0041689569953516662,-0.0029297628411642115,-0.0041680986443211193,0.61916790157845381,0.0012383358031569076,within_ceiling,True,60,0.098873063318127188,0.076218373072234488,0.14999999999999999,False,rebalance_threshold_met,1,0.61916790157845381,False,0,0
fold-1,47,test,2025-03-20,activity,True,every-bars,1,dataset-start,dataset,-0.0025221496567593951,-0.0014528449698226263,-0.0025219385809087612,0.53454680554306744,0.0010690936110861349,within_ceiling,True,60,0.076972727830318832,0.10634412291897929,0.14999999999999999,False,rebalance_threshold_met,1,0.53454680554306744,False,4.8572257327350599e-17,0
fold-1,47,test,2025-03-21,balanced,True,every-bars,1,dataset-start,dataset,0.0036621305150188531,0.0045584010125638771,0.0036642084169979873,0.44709629778294485,0.00089419259556588972,within_ceiling,True,60,0.10202985260973665,0.098671695395529488,0.14999999999999999,False,rebalance_threshold_met,1,0.44709629778294485,False,0,2.7755575615628914e-17
fold-1,47,test,2025-03-24,activity,True,every-bars,1,dataset-start,dataset,0.0013616896520606144,0.0028598818103804814,0.0013625075444575489,0.74868713296146616,0.0014973742659229324,within_ceiling,True,60,0.097381491407712614,0.093648758623028044,0.14999999999999999,False,rebalance_threshold_met,1,0.74868713296146616,False,0,5.5511151231257827e-17
fold-1,47,test,2025-03-25,balanced,True,every-bars,1,dataset-start,dataset,-0.004830733961870998,-0.0029452486656234567,-0.0048298665129007622,0.94230892363865248,0.0018846178472773051,within_ceiling,True,60,0.093457342405740246,0.10450125145313205,0.14999999999999999,False,rebalance_threshold_met,1,0.94230892363865248,False,0,0
fold-1,47,test,2025-03-26,activity,True,every-bars,1,dataset-start,dataset,-0.00044895890817708232,0.0010216450798216092,-0.00044885453231016995,0.73524980606588952,0.0014704996121317792,within_ceiling,True,60,0.10289359408154283,0.11065293264636074,0.14999999999999999,False,rebalance_threshold_met,1,0.73524980606588952,False,4.163336342344337e-17,0
fold-1,47,test,2025-03-27,balanced,True,every-bars,1,dataset-start,dataset,0.0061882789999110057,0.0076866139897737353,0.0061941874033737843,0.74621329319997542,0.0014924265863999508,within_ceiling,True,60,0.11010853552136692,0.12109269038315854,0.14999999999999999,False,rebalance_threshold_met,0.99999999999999989,0.74621329319997542,False,0,0
fold-1,47,test,2025-03-28,activity,True,every-bars,1,dataset-start,dataset,-0.0022561767281355149,-0.00055406462477212135,-0.0022561460293746725,0.85104070230127549,0.0017020814046025509,within_ceiling,True,60,0.12125348184919343,0.098317531014248102,0.14999999999999999,False,rebalance_threshold_met,1,0.85104070230127549,False,0,0
fold-1,47,test,2025-03-31,balanced,True,every-bars,1,dataset-start,dataset,0.0092963353115339421,0.010512282196679289,0.0093073861192322048,0.60244803872354191,0.0012048960774470839,within_ceiling,True,60,0.098066399310220168,0.095823829574432529,0.14999999999999999,False,rebalance_threshold_met,1,0.60244803872354191,False,0,0
fold-1,47,test,2025-04-01,activity,True,every-bars,1,dataset-start,dataset,0.0011601490611646945,0.0027506866700613636,0.0011609056888803799,0.79489049059049188,0.0015897809811809837,within_ceiling,True,60,0.095651443974245243,0.10544450155878464,0.14999999999999999,False,rebalance_threshold_met,1,0.79489049059049188,False,0,0
fold-1,47,test,2025-04-02,balanced,True,every-bars,1,dataset-start,dataset,-0.0043652173097391226,-0.0031690036078151655,-0.0043642130513524878,0.59760472176866108,0.0011952094435373223,within_ceiling,True,60,0.10217051490543466,0.079401128907320553,0.14999999999999999,False,rebalance_threshold_met,0.99999999999999989,0.59760472176866108,False,0,0
fold-1,47,test,2025-04-03,activity,True,every-bars,1,dataset-start,dataset,-0.0073081315188920897,-0.0059927699866441086,-0.0073045401896808075,0.65588510151834933,0.0013117702030366986,within_ceiling,True,60,0.077997712230758326,0.12140064662192299,0.14999999999999999,False,rebalance_threshold_met,1,0.65588510151834933,False,0,0
fold-1,47,test,2025-04-04,balanced,True,every-bars,1,dataset-start,dataset,0.0027495097159702868,0.0037286898343872991,0.0027509000287583929,0.48889490281445314,0.00097778980562890621,within_ceiling,True,60,0.1181977561258815,0.10821190629475175,0.14999999999999999,False,rebalance_threshold_met,1,0.48889490281445314,False,0,0
fold-1,47,test,2025-04-07,activity,True,every-bars,1,dataset-start,dataset,0.0011088079515923829,0.0015951154484661646,0.0011090623909217764,0.24302652877219416,0.00048605305754438832,within_ceiling,True,60,0.10610307948681801,0.10056407629678121,0.14999999999999999,False,rebalance_threshold_met,0.99999999999999978,0.24302652877219416,False,4.163336342344337e-17,2.7755575615628914e-17
fold-1,47,test,2025-04-08,balanced,True,every-bars,1,dataset-start,dataset,-0.011190825707053478,-0.0091827390736726709,-0.011182393437363963,0.99982718184564645,0.0019996543636912928,within_ceiling,True,60,0.099682161178466913,0.11149416715390952,0.14999999999999999,False,rebalance_threshold_met,1,0.99982718184564645,False,0,0
fold-1,47,test,2025-04-09,activity,True,every-bars,1,dataset-start,dataset,-0.0076383155636738599,-0.0064662285270005396,-0.0076341343525375199,0.58395291276849004,0.00116790582553698,within_ceiling,True,60,0.113527478111456,0.11624455320302884,0.14999999999999999,False,rebalance_threshold_met,1,0.58395291276849004,False,0,0
fold-1,47,test,2025-04-10,balanced,True,every-bars,1,dataset-start,dataset,0.0029769600846563053,0.0044624092578547962,0.002978951394294764,0.7417289317800162,0.0014834578635600324,within_ceiling,True,60,0.11818597201463779,0.10145868036908193,0.14999999999999999,False,rebalance_threshold_met,1,0.7417289317800162,False,0,0
fold-1,47,test,2025-04-11,activity,True,every-bars,1,dataset-start,dataset,-0.00076150761654876465,4.296478697917664e-06,-0.00076150761470279173,0.38290204670035466,0.0007658040934007094,within_ceiling,True,60,0.098753011847816305,0.092759348216024121,0.14999999999999999,False,rebalance_threshold_met,1,0.38290204670035466,False,0,0
fold-1,47,test,2025-04-14,balanced,True,every-bars,1,dataset-start,dataset,-0.00059528624504318691,0.000590054612924626,-0.00059525142859856352,0.59265302076159476,0.0011853060415231895,within_ceiling,True,60,0.092366347388701517,0.104557318202742,0.14999999999999999,False,rebalance_threshold_met,1,0.59265302076159476,False,4.163336342344337e-17,2.7755575615628914e-17
fold-1,47,test,2025-04-15,activity,True,every-bars,1,dataset-start,dataset,0.0094281995781697291,0.010818537859088926,0.0094399036543105826,0.68931710238917154,0.0013786342047783433,within_ceiling,True,60,0.10487216099370618,0.078033040281103236,0.14999999999999999,False,rebalance_threshold_met,1,0.68931710238917154,False,4.5102810375396984e-17,0
fold-1,47,test,2025-04-16,balanced,True,every-bars,1,dataset-start,dataset,0.017987947721924812,0.01928210351383677,0.018025127673516644,0.62848792016006283,0.0012569758403201256,within_ceiling,True,60,0.076787695282800522,0.08144276308398872,0.14999999999999999,False,rebalance_threshold_met,1,0.62848792016006283,False,0,0
fold-1,47,test,2025-04-17,activity,True,every-bars,1,dataset-start,dataset,0.017001753144045749,0.018495485228682489,0.01703596144143019,0.7297618936261494,0.0014595237872522988,within_ceiling,True,60,0.087956422539720608,0.099247100477112132,0.14999999999999999,False,rebalance_threshold_met,1,0.7297618936261494,False,0,5.5511151231257827e-17
fold-1,47,test,2025-04-18,balanced,True,every-bars,1,dataset-start,dataset,0.01027062716551766,0.010989117760011253,0.010282703236432,0.35320726178962636,0.0007064145235792527,within_ceiling,True,60,0.10153024160872084,0.08741462042990665,0.14999999999999999,False,rebalance_threshold_met,1.0000000000000002,0.35320726178962636,False,4.8572257327350599e-17,2.2204460492503131e-16
fold-2,11,validation,2025-01-27,activity,True,every-bars,1,dataset-start,dataset,0.0069041241710829683,0.0079103815847646267,0.0069103815847646266,0.5,0.001,within_ceiling,True,60,0,0.11207745309406403,0.14999999999999999,False,rebalance_threshold_met,1,0.5,False,0,2.7755575615628914e-17
fold-2,11,validation,2025-01-28,intraday,True,every-bars,1,dataset-start,dataset,-0.0082319298498200449,-0.0073587125927327222,-0.0082265147847178002,0.43390109599253912,0.0008678021919850781,within_ceiling,True,60,0.1122317355621187,0.10916196699361103,0.14999999999999999,False,rebalance_threshold_met,1,0.43390109599253912,False,0,2.7755575615628914e-17
fold-2,11,validation,2025-01-29,activity,True,every-bars,1,dataset-start,dataset,0.0076825554624994187,0.0092576305497914391,0.0076911258348390616,0.78325235747618871,0.0015665047149523775,within_ceiling,True,60,0.11108935569520106,0.086761063465302241,0.14999999999999999,False,rebalance_threshold_met,1,0.78325235747618871,False,0,0
fold-2,11,validation,2025-01-30,intraday,True,every-bars,1,dataset-start,dataset,-0.0034760138228055125,-0.001859374640130301,-0.0034756680954002766,0.80814672763498774,0.0016162934552699756,within_ceiling,True,60,0.088222225108806965,0.094029682158190464,0.14999999999999999,False,rebalance_threshold_met,1,0.80814672763498774,False,0,5.5511151231257827e-17
fold-2,11,validation,2025-01-31,activity,True,every-bars,1,dataset-start,dataset,0.010854606045914938,0.01191680244892861,0.010868807063975618,0.52399769247649619,0.0010479953849529924,within_ceiling,True,60,0.093479623857145672,0.12227686337244366,0.14999999999999999,False,rebalance_threshold_met,1,0.52399769247649619,False,0,0
fold-2,11,validation,2025-02-03,intraday,True,every-bars,1,dataset-start,dataset,-0.0045998732504669015,-0.0038469774934807976,-0.0045983933268833668,0.37570791670128473,0.00075141583340256946,within_ceiling,True,60,0.12277560691405986,0.093726951665214511,0.14999999999999999,False,rebalance_threshold_met,1,0.37570791670128473,False,4.8572257327350599e-17,8.3266726846886741e-17
fold-2,11,validation,2025-02-04,activity,True,every-bars,1,dataset-start,dataset,0.011349588689187125,0.012834679330217071,0.011366061588538074,0.73430887083949814,0.0014686177416789964,within_ceiling,True,60,0.094972027691583888,0.097518393983788296,0.14999999999999999,False,rebalance_threshold_met,0.99999999999999989,0.73430887083949814,False,0,0
fold-2,11,validation,2025-02-05,intraday,True,every-bars,1,dataset-start,dataset,0.0047956838753903247,0.0049988872750997351,0.0047981827627892404,0.10035225615524734,0.00020070451231049468,within_ceiling,True,60,0.098579127909202008,0.093856218675001879,0.14999999999999999,False,rebalance_threshold_met,1,0.10035225615524734,False,4.8572257327350599e-17,5.5511151231257827e-17
fold-2,11,validation,2025-02-06,activity,True,every-bars,1,dataset-start,dataset,0.0075002604621061363,0.0093208223414458433,0.0075089482350182155,0.9059370532138139,0.0018118741064276278,within_ceiling,True,60,0.094294115443127324,0.096514866389455917,0.14999999999999999,False,rebalance_threshold_met,1,0.9059370532138139,False,0,5.5511151231257827e-17
fold-2,11,validation,2025-02-07,intraday,True,every-bars,1,dataset-start,dataset,0.0091844870724570281,0.011190292268239055,0.0091970093365618885,0.99664146583858304,0.0019932829316771658,within_ceiling,True,60,0.097401393378607287,0.095907253688873165,0.14999999999999999,False,rebalance_threshold_met,1,0.99664146583858304,False,0,0
fold-2,11,validation,2025-02-10,activity,True,every-bars,1,dataset-start,dataset,0.0072724202128352485,0.0083386983295491764,0.0072793736018183708,0.529662363865403,0.0010593247277308059,within_ceiling,True,60,0.096658656877959978,0.094349032740505129,0.14999999999999999,False,rebalance_threshold_met,1,0.529662363865403,False,0,0
fold-2,11,validation,2025-02-11,intraday,True,every-bars,1,dataset-start,dataset,-0.010993477872292443,-0.0089941205553281979,-0.010985388451836066,0.99563394825393359,0.0019912678965078672,within_ceiling,True,60,0.094929580375167438,0.10264169269112899,0.14999999999999999,False,rebalance_threshold_met,1,0.99563394825393359,False,0,0
fold-2,11,validation,2025-02-12,activity,True,every-bars,1,dataset-start,dataset,0.012613541180490576,0.014164912012966931,0.012633605653724086,0.76565317962142232,0.0015313063592428445,within_ceiling,True,60,0.10461701827980414,0.089866259299020479,0.14999999999999999,False,rebalance_threshold_met,1,0.76565317962142232,False,4.5102810375396984e-17,6.2450045135165055e-17
fold-2,11,validation,2025-02-13,intraday,True,every-bars,1,dataset-start,dataset,-0.00056001085412567817,0.00024934774789157291,-0.00056000463669574031,0.40467619229365659,0.00080935238458731322,within_ceiling,True,60,0.09286485697882424,0.080962173065595111,0.14999999999999999,False,rebalance_threshold_met,1,0.40467619229365659,False,0,5.5511151231257827e-17
fold-2,11,validation,2025-02-14,activity,True,every-bars,1,dataset-start,dataset,0.01099581377196506,0.012511265588280533,0.011011466948627108,0.74989931982671221,0.0014997986396534245,within_ceiling,True,60,0.079874238868640174,0.087713035710616782,0.14999999999999999,False,rebalance_threshold_met,1,0.74989931982671221,False,4.5102810375396984e-17,4.8572257327350599e-17
fold-2,11,validation,2025-02-17,intraday,True,every-bars,1,dataset-start,dataset,0.0081095387700847732,0.0092277560035261344,0.0081180539181708346,0.55485104267764995,0.0011097020853553,within_ceiling,True,60,0.090514933776323844,0.091288216617459908,0.14999999999999999,False,rebalance_threshold_met,1,0.55485104267764995,False,0,0
fold-2,11,validation,2025-02-18,activity,True,every-bars,1,dataset-start,dataset,-0.0098233764023743786,-0.0083101835202305813,-0.0098164704873603872,0.75314348356490302,0.0015062869671298061,within_ceiling,True,60,0.09079174547238536,0.10669710969497462,0.14999999999999999,False,rebalance_threshold_met,1,0.75314348356490302,False,0,0
fold-2,11,validation,2025-02-19,intraday,True,every-bars,1,dataset-start,dataset,0.01566381167374618,0.016674704916509166,0.015691616252151444,0.49154433217886023,0.00098308866435772055,within_ceiling,True,60,0.10837536863930472,0.081811070028016922,0.14999999999999999,False,rebalance_threshold_met,1,0.49154433217886023,False,0,0
fold-2,11,validation,2025-02-20,activity,True,every-bars,1,dataset-start,dataset,-0.00060900573996089304,0.0013762175135133463,-0.00060881634249644297,0.99251692800489466,0.0019850338560097893,within_ceiling,True,60,0.085197829607448011,0.081504302095263825,0.14999999999999999,False,rebalance_threshold_met,1,0.99251692800489466,False,0,0
fold-2,11,validation,2025-02-21,intraday,True,every-bars,1,dataset-start,dataset,0.01084131591944317,0.012616134197124063,0.010857232603651155,0.87945079673645365,0.0017589015934729073,within_ceiling,True,60,0.0815435312741042,0.089204176152092238,0.14999999999999999,False,rebalance_threshold_met,1,0.87945079673645365,False,0,2.7755575615628914e-17
fold-2,11,validation,2025-02-24,activity,True,every-bars,1,dataset-start,dataset,0.0035383823116832314,0.0046951387751126231,0.0035405867444949879,0.57727601530881756,0.0011545520306176353,within_ceiling,True,60,0.088474323736725174,0.083475166531402148,0.14999999999999999,False,rebalance_threshold_met,1,0.57727601530881756,False,0,6.9388939039072284e-18
fold-2,11,validation,2025-02-25,intraday,True,every-bars,1,dataset-start,dataset,0.02149117991842658,0.022486806825495788,0.021541745566547296,0.47253062947424568,0.00094506125894849142,within_ceiling,True,60,0.083597511808971861,0.097383488936647666,0.14999999999999999,False,rebalance_threshold_met,0.99999999999999989,0.47253062947424568,False,3.1225022567582528e-17,8.3266726846886741e-17
fold-2,11,validation,2025-02-26,activity,True,every-bars,1,dataset-start,dataset,-0.00075694189686055578,0.00018849301857344191,-0.0007569383438987507,0.47271568123609631,0.00094543136247219261,within_ceiling,True,60,0.10606409705511591,0.111275780289336,0.14999999999999999,False,rebalance_threshold_met,1,0.47271568123609631,False,0,6.9388939039072284e-17
fold-2,11,validation,2025-02-27,intraday,True,every-bars,1,dataset-start,dataset,0.0095254646544259171,0.010653245916236932,0.0095368138192810994,0.55821604847791662,0.0011164320969558332,within_ceiling,True,60,0.11119797448710006,0.087218743306472571,0.14999999999999999,False,rebalance_threshold_met,1,0.55821604847791662,False,0,2.7755575615628914e-17
fold-2,11,validation,2025-02-28,activity,True,every-bars,1,dataset-start,dataset,0.0083246231839584958,0.0099380254090058739,0.0083344996188615007,0.80176289507218657,0.0016035257901443733,within_ceiling,True,60,0.089533305876635216,0.12181826611313602,0.14999999999999999,False,rebalance_threshold_met,1,0.80176289507218657,False,0,5.5511151231257827e-17
fold-2,11,validation,2025-03-03,intraday,True,every-bars,1,dataset-start,dataset,0.014426733300697003,0.015083904050391086,0.014449485716837143,0.31720916677697131,0.0006344183335539427,within_ceiling,True,60,0.12155298908399229,0.11090849168845998,0.14999999999999999,False,rebalance_threshold_met,1,0.31720916677697131,False,0,0
fold-2,11,validation,2025-03-04,activity,True,every-bars,1,dataset-start,dataset,-0.0038085021448628267,-0.0022317143567510021,-0.0038080040899658137,0.78814486660740568,0.0015762897332148114,within_ceiling,True,60,0.11302228110598701,0.11773735361125992,0.14999999999999999,False,rebalance_threshold_met,1,0.78814486660740568,False,0,0
fold-2,11,validation,2025-03-05,intraday,True,every-bars,1,dataset-start,dataset,0.0059235535736098877,0.0079297535983026239,0.0059298416728228668,0.99995596273987852,0.0019999119254797571,within_ceiling,True,60,0.11809053875700851,0.10392512332602501,0.14999999999999999,False,rebalance_threshold_met,1,0.99995596273987852,False,0,0
fold-2,11,validation,2025-03-06,activity,True,every-bars,1,dataset-start,dataset,0.0012800968269687427,0.0024899532245830115,0.0012807168136748039,0.60461820545410383,0.0012092364109082077,within_ceiling,True,60,0.10302783399730617,0.10821503979825436,0.14999999999999999,False,rebalance_threshold_met,1,0.60461820545410383,False,0,1.3877787807814457e-17
fold-2,11,validation,2025-03-07,intraday,True,every-bars,1,dataset-start,dataset,0.015564707735352047,0.017111348524179032,0.015593987560183639,0.75868048199769655,0.001517360963995393,within_ceiling,True,60,0.10674039912063929,0.084018336965472798,0.14999999999999999,False,rebalance_threshold_met,1,0.75868048199769655,False,0,5.5511151231257827e-17
fold-2,11,validation,2025-03-10,activity,True,every-bars,1,dataset-start,dataset,-0.010721685828142903,-0.0097759135697447295,-0.010712128979530592,0.46810770489293096,0.00093621540978586193,within_ceiling,True,60,0.089500782629745423,0.10541741532576665,0.14999999999999999,False,rebalance_threshold_met,0.99999999999999978,0.46810770489293096,False,4.163336342344337e-17,0
fold-2,11,validation,2025-03-11,intraday,True,every-bars,1,dataset-start,dataset,0.014191519225269728,0.016140767147351333,0.01421757166168023,0.96159774283555144,0.0019231954856711027,within_ceiling,True,60,0.10603505132751954,0.11232701264708048,0.14999999999999999,False,rebalance_threshold_met,1,0.96159774283555144,False,0,2.7755575615628914e-17
fold-2,11,validation,2025-03-12,activity,True,every-bars,1,dataset-start,dataset,0.0034377247253065475,0.0045057098668891959,0.0034397548674470059,0.53297749972109509,0.0010659549994421901,within_ceiling,True,60,0.11508268872670027,0.10827622098980236,0.14999999999999999,False,rebalance_threshold_met,1,0.53297749972109509,False,0,0
fold-2,11,validation,2025-03-13,intraday,True,every-bars,1,dataset-start,dataset,0.00615117255010622,0.0072741912285106056,0.0061564639359091141,0.55886364630074581,0.0011177272926014916,within_ceiling,True,60,0.10786586620664855,0.10185813645392044,0.14999999999999999,False,rebalance_threshold_met,1,0.55886364630074581,False,0,5.5511151231257827e-17
fold-2,11,validation,2025-03-14,activity,True,every-bars,1,dataset-start,dataset,-0.0044505917004589186,-0.0024551894539612926,-0.004449988904933434,0.99739972548607048,0.0019947994509721409,within_ceiling,True,60,0.10214329613087961,0.091951192740893431,0.14999999999999999,False,rebalance_threshold_met,1,0.99739972548607048,False,0,0
fold-2,11,validation,2025-03-17,intraday,True,every-bars,1,dataset-start,dataset,0.0025753756819464789,0.0041752251379904293,0.0025771189324417694,0.79905310277432995,0.0015981062055486601,within_ceiling,True,60,0.091501808515547109,0.10380909158868906,0.14999999999999999,False,rebalance_threshold_met,1,0.79905310277432995,False,0,0
fold-2,11,validation,2025-03-18,activity,True,every-bars,1,dataset-start,dataset,0.012421685179845434,0.013832144546785578,0.01244081800212175,0.69566327233191383,0.0013913265446638277,within_ceiling,True,60,0.10358512771147069,0.096676341940878874,0.14999999999999999,False,rebalance_threshold_met,1,0.69566327233191383,False,0,5.5511151231257827e-17
fold-2,11,validation,2025-03-19,intraday,True,every-bars,1,dataset-start,dataset,0.010620130254734655,0.010953316073659703,0.010632127768035605,0.1605941528120487,0.0003211883056240974,within_ceiling,True,60,0.098873063318127188,0.10402550636107745,0.14999999999999999,False,rebalance_threshold_met,1,0.1605941528120487,False,0,2.7755575615628914e-17
fold-2,11,validation,2025-03-20,activity,True,every-bars,1,dataset-start,dataset,-0.0020502662407581125,-0.0014528449698226263,-0.0020500551649074786,0.29860509754242615,0.00059721019508485228,within_ceiling,True,60,0.1046712984136173,0.10634412291897929,0.14999999999999999,False,rebalance_threshold_met,1,0.29860509754242615,False,4.8572257327350599e-17,0
fold-2,11,validation,2025-03-21,intraday,True,every-bars,1,dataset-start,dataset,0.0066682020191952901,0.0078065271404616455,0.0066742962057947663,0.56611546733343954,0.001132230934666879,within_ceiling,True,60,0.10202985260973665,0.11636118979270477,0.14999999999999999,False,rebalance_threshold_met,1,0.56611546733343954,False,0,0
fold-2,11,validation,2025-03-24,activity,True,every-bars,1,dataset-start,dataset,0.0017720975528589236,0.0028598818103804814,0.0017729154452558581,0.54348318256231165,0.0010869663651246232,within_ceiling,True,60,0.11655566976862877,0.093648758623028044,0.14999999999999999,False,rebalance_threshold_met,1,0.54348318256231165,False,0,5.5511151231257827e-17
fold-2,11,validation,2025-03-25,intraday,True,every-bars,1,dataset-start,dataset,0.0025012091377127339,0.0041098353253491531,0.0025028982123528826,0.8034685564981352,0.0016069371129962704,within_ceiling,True,60,0.093457342405740246,0.091667887064287856,0.14999999999999999,False,rebalance_threshold_met,1.0000000000000002,0.8034685564981352,False,0,2.2204460492503131e-16
fold-2,11,validation,2025-03-26,activity,True,every-bars,1,dataset-start,dataset,-0.00047769645409445854,0.0010216450798216092,-0.00047759207822754618,0.74961857902457774,0.0014992371580491554,within_ceiling,True,60,0.090110836345830739,0.11065293264636074,0.14999999999999999,False,rebalance_threshold_met,1,0.74961857902457774,False,4.163336342344337e-17,0
fold-2,11,validation,2025-03-27,intraday,True,every-bars,1,dataset-start,dataset,0.010104512531232152,0.011182632056829001,0.010117017657203993,0.53280719981250402,0.0010656143996250079,within_ceiling,True,60,0.11010853552136692,0.11261995801667941,0.14999999999999999,False,rebalance_threshold_met,1,0.53280719981250402,False,0,8.3266726846886741e-17
fold-2,11,validation,2025-03-28,activity,True,every-bars,1,dataset-start,dataset,-0.0025436805997080146,-0.00055406462477212135,-0.0025436499009471722,0.99479263808752538,0.0019895852761750506,within_ceiling,True,60,0.11329317573994138,0.098317531014248102,0.14999999999999999,False,rebalance_threshold_met,1,0.99479263808752538,False,0,0
fold-2,11,validation,2025-03-31,intraday,True,every-bars,1,dataset-start,dataset,0.014403071273136517,0.016033675224704731,0.014428779147257648,0.80244803872354198,0.0016048960774470839,within_ceiling,True,60,0.098066399310220168,0.10396094154669669,0.14999999999999999,False,rebalance_threshold_met,1,0.80244803872354198,False,0,5.5511151231257827e-17
fold-2,11,validation,2025-04-01,activity,True,every-bars,1,dataset-start,dataset,0.0012670997582144665,0.0027506866700613636,0.0012678563859301519,0.74141514206560588,0.0014828302841312117,within_ceiling,True,60,0.10707375906843793,0.10544450155878464,0.14999999999999999,False,rebalance_threshold_met,1,0.74141514206560588,False,0,0
fold-2,11,validation,2025-04-02,intraday,True,every-bars,1,dataset-start,dataset,0.0084140600112896664,0.010007091043910359,0.0084240741984057781,0.79150842275229083,0.0015830168455045817,within_ceiling,True,60,0.10217051490543466,0.10268126164049181,0.14999999999999999,False,rebalance_threshold_met,1,0.79150842275229083,False,0,0
fold-2,11,validation,2025-04-03,activity,True,every-bars,1,dataset-start,dataset,-0.0066453538028397909,-0.0059927699866441086,-0.0066417624736285086,0.32449624349220013,0.00064899248698440022,within_ceiling,True,60,0.10287511301635659,0.12140064662192299,0.14999999999999999,False,rebalance_threshold_met,1,0.32449624349220013,False,0,0
fold-2,11,validation,2025-04-04,intraday,True,every-bars,1,dataset-start,dataset,0.0052487409022171239,0.0066590599862740409,0.0052531752102072038,0.70294238803341846,0.0014058847760668369,within_ceiling,True,60,0.1181977561258815,0.081949567520778699,0.14999999999999999,False,rebalance_threshold_met,1,0.70294238803341846,False,0,0
fold-2,11,validation,2025-04-07,activity,True,every-bars,1,dataset-start,dataset,0.00061511939193253148,0.0015951154484661646,0.00061537383126192497,0.48987080860211984,0.00097974161720423966,within_ceiling,True,60,0.080644234437291254,0.10056407629678121,0.14999999999999999,False,rebalance_threshold_met,0.99999999999999978,0.48987080860211984,False,4.163336342344337e-17,2.7755575615628914e-17
fold-2,11,validation,2025-04-08,intraday,True,every-bars,1,dataset-start,dataset,0.010859959006945825,0.011566514807039597,0.010873337433423971,0.34658868680781296,0.00069317737361562597,within_ceiling,True,60,0.099682161178466913,0.10533425647181049,0.14999999999999999,False,rebalance_threshold_met,1,0.34658868680781296,False,0,5.5511151231257827e-17
fold-2,11,validation,2025-04-09,activity,True,every-bars,1,dataset-start,dataset,-0.0084601639808988844,-0.0064662285270005396,-0.0084559827697625444,0.99487712138100204,0.0019897542427620043,within_ceiling,True,60,0.10716991505618043,0.11624455320302884,0.14999999999999999,False,rebalance_threshold_met,1,0.99487712138100204,False,0,0
fold-2,11,validation,2025-04-10,intraday,True,every-bars,1,dataset-start,dataset,0.013067600155739373,0.014381556683700468,0.013088283073004022,0.6466368053482231,0.0012932736106964463,within_ceiling,True,60,0.11818597201463779,0.077168851583512277,0.14999999999999999,False,rebalance_threshold_met,1,0.6466368053482231,False,0,5.5511151231257827e-17
fold-2,11,validation,2025-04-11,activity,True,every-bars,1,dataset-start,dataset,-0.00091882654435192668,4.296478697917664e-06,-0.00091882654250595376,0.46156151060193568,0.00092312302120387143,within_ceiling,True,60,0.081378879405064594,0.092759348216024121,0.14999999999999999,False,rebalance_threshold_met,1,0.46156151060193568,False,0,0
fold-2,11,validation,2025-04-14,intraday,True,every-bars,1,dataset-start,dataset,0.004939651513399995,0.0068287355006806019,0.0049443146762538203,0.94221041221339086,0.0018844208244267818,within_ceiling,True,60,0.092366347388701517,0.10748709605960599,0.14999999999999999,False,rebalance_threshold_met,1,0.94221041221339086,False,4.163336342344337e-17,2.7755575615628914e-17
fold-2,11,validation,2025-04-15,activity,True,every-bars,1,dataset-start,dataset,0.0094039112617274549,0.010818537859088926,0.0094156153378683084,0.70146126061030856,0.001402922521220617,within_ceiling,True,60,0.10754760464113494,0.078033040281103236,0.14999999999999999,False,rebalance_threshold_met,1,0.70146126061030856,False,4.5102810375396984e-17,0
fold-2,11,validation,2025-04-16,intraday,True,every-bars,1,dataset-start,dataset,-0.0070657413048997005,-0.0055082507113791744,-0.0070627072223097597,0.77722825546529273,0.0015544565109305855,within_ceiling,True,60,0.076787695282800522,0.09768991432264279,0.14999999999999999,False,rebalance_threshold_met,1,0.77722825546529273,False,4.5102810375396984e-17,8.3266726846886741e-17
fold-2,11,validation,2025-04-17,activity,True,every-bars,1,dataset-start,dataset,0.017351746321280403,0.018495485228682489,0.017385954618664844,0.55476530500882182,0.0011095306100176437,within_ceiling,True,60,0.097847273082391148,0.099247100477112132,0.14999999999999999,False,rebalance_threshold_met,1,0.55476530500882182,False,0,5.5511151231257827e-17
fold-2,11,validation,2025-04-18,intraday,True,every-bars,1,dataset-start,dataset,-0.0047443082001388205,-0.0033587857707116698,-0.0047431800559534672,0.6921971426208986,0.0013843942852417971,within_ceiling,True,60,0.10153024160872084,0.090382435166319858,0.14999999999999999,False,rebalance_threshold_met,1,0.6921971426208986,False,0,0
fold-2,11,test,2025-04-21,activity,True,every-bars,1,dataset-start,dataset,0.0082795051333961964,0.009288132073137001,0.0082881320731370001,0.5,0.001,within_ceiling,True,60,0,0.10638178244258438,0.14999999999999999,False,rebalance_threshold_met,1,0.5,False,0,5.5511151231257827e-17
fold-2,11,test,2025-04-22,intraday,True,every-bars,1,dataset-start,dataset,-0.0055100259013549681,-0.0036441740113744296,-0.0055086979009324501,0.93226194477901014,0.0018645238895580202,within_ceiling,True,60,0.10732119492200995,0.097902371171149083,0.14999999999999999,False,rebalance_threshold_met,1,0.93226194477901014,False,0,0
fold-2,11,test,2025-04-23,activity,True,every-bars,1,dataset-start,dataset,0.017123320103257459,0.01834795726166346,0.017156984856825042,0.59548620241920891,0.0011909724048384178,within_ceiling,True,60,0.099271789814686151,0.093944974085734739,0.14999999999999999,False,rebalance_threshold_met,1,0.59548620241920891,False,4.163336342344337e-17,2.7755575615628914e-17
fold-2,11,test,2025-04-24,intraday,True,every-bars,1,dataset-start,dataset,-0.0082710815057607471,-0.0075635103003020791,-0.0082653608369544704,0.35092526832619586,0.00070185053665239175,within_ceiling,True,60,0.097580563493845765,0.08748590361867209,0.14999999999999999,False,rebalance_threshold_met,1,0.35092526832619586,False,0,0
fold-2,11,test,2025-04-25,activity,True,every-bars,1,dataset-start,dataset,0.016992919503103634,0.018634687121523635,0.017027644659515343,0.80352123100414585,0.0016070424620082918,within_ceiling,True,60,0.090657797929685327,0.11334280733933765,0.14999999999999999,False,rebalance_threshold_met,1,0.80352123100414585,False,0,0
fold-2,11,test,2025-04-28,intraday,True,every-bars,1,dataset-start,dataset,-0.002644210778174005,-0.0010552704001936025,-0.0026440994186122525,0.79441450920932499,0.00158882901841865,within_ceiling,True,60,0.11746048088463305,0.08335599862606087,0.14999999999999999,False,rebalance_threshold_met,1,0.79441450920932499,False,0,2.7755575615628914e-17
fold-2,11,test,2025-04-29,activity,True,every-bars,1,dataset-start,dataset,0.012508657409362047,0.013662711107213382,0.012527324376841965,0.56769336518570834,0.0011353867303714167,within_ceiling,True,60,0.079340645537424814,0.091024971339919367,0.14999999999999999,False,rebalance_threshold_met,0.99999999999999989,0.56769336518570834,False,4.5102810375396984e-17,5.5511151231257827e-17
fold-2,11,test,2025-04-30,intraday,True,every-bars,1,dataset-start,dataset,-0.0029744564506496915,-0.0013272836733882036,-0.0029742802824547273,0.82349830453326178,0.0016469966090665235,within_ceiling,True,60,0.091917021351376998,0.085625967427842384,0.14999999999999999,False,rebalance_threshold_met,1,0.82349830453326178,False,0,0
fold-2,11,test,2025-05-01,activity,True,every-bars,1,dataset-start,dataset,0.0022669918546841437,0.0037333396715991006,0.0022683856371944972,0.73247701720230174,0.0014649540344046034,within_ceiling,True,60,0.08366578812860169,0.11098977716463351,0.14999999999999999,False,rebalance_threshold_met,1,0.73247701720230174,False,0,0
fold-2,11,test,2025-05-02,intraday,True,every-bars,1,dataset-start,dataset,0.0048998085593348305,0.0064996848707239777,0.0049040331496767019,0.79782586052363791,0.0015956517210472757,within_ceiling,True,60,0.11053441628609767,0.11973084443402902,0.14999999999999999,False,rebalance_threshold_met,1,0.79782586052363791,False,0,0
fold-2,11,test,2025-05-05,activity,True,every-bars,1,dataset-start,dataset,0.0060693540225366287,0.0076661320005825704,0.0060752309805216639,0.79545051003045308,0.0015909010200609063,within_ceiling,True,60,0.11456906180979255,0.1123056836200032,0.14999999999999999,False,rebalance_threshold_met,1,0.79545051003045308,False,0,0
fold-2,11,test,2025-05-06,intraday,True,every-bars,1,dataset-start,dataset,0.004258361824044838,0.005462516017533869,0.0042613457321690196,0.6005851426824248,0.0012011702853648495,within_ceiling,True,60,0.11331903244441395,0.10141539495748016,0.14999999999999999,False,rebalance_threshold_met,1,0.6005851426824248,False,0,0
fold-2,11,test,2025-05-07,activity,True,every-bars,1,dataset-start,dataset,0.0082533716865331123,0.010263519158710094,0.0082639056690852336,0.9998067448124307,0.0019996134896248614,within_ceiling,True,60,0.101161349920057,0.10243462122002854,0.14999999999999999,False,rebalance_threshold_met,1,0.9998067448124307,False,0,0
fold-2,11,test,2025-05-08,intraday,True,every-bars,1,dataset-start,dataset,-0.0090933881901263686,-0.0077887528254641167,-0.0090873217230687513,0.64928444880231739,0.0012985688976046347,within_ceiling,True,60,0.10119849866038795,0.088344056779803018,0.14999999999999999,False,rebalance_threshold_met,1,0.64928444880231739,False,0,2.7755575615628914e-17
fold-2,11,test,2025-05-09,activity,True,every-bars,1,dataset-start,dataset,0.0035263959490930918,0.0054333731992923595,0.0035293481035253704,0.95201254788349476,0.0019040250957669893,within_ceiling,True,60,0.090506282992949633,0.12153113887219306,0.14999999999999999,False,rebalance_threshold_met,1,0.95201254788349476,False,0,2.7755575615628914e-17
fold-2,11,test,2025-05-12,intraday,True,every-bars,1,dataset-start,dataset,-0.0015163517809259363,-0.00051101332317750488,-0.0015163256674642898,0.50265617214339242,0.0010053123442867848,within_ceiling,True,60,0.12162822270740828,0.088622817157935976,0.14999999999999999,False,rebalance_threshold_met,1,0.50265617214339242,False,0,5.5511151231257827e-17
fold-2,11,test,2025-05-13,activity,True,every-bars,1,dataset-start,dataset,0.012948114074745196,0.014206993346925352,0.012968297940741155,0.61934770309209819,0.0012386954061841965,within_ceiling,True,60,0.088411923695959641,0.089464877262204687,0.14999999999999999,False,rebalance_threshold_met,1,0.61934770309209819,False,0,2.7755575615628914e-17
fold-2,11,test,2025-05-14,intraday,True,every-bars,1,dataset-start,dataset,-0.0025296093742462073,-0.0016411756854849821,-0.0025293400284831448,0.44408217149908125,0.00088816434299816263,within_ceiling,True,60,0.093375069387585649,0.08666211746729563,0.14999999999999999,False,rebalance_threshold_met,1,0.44408217149908125,False,0,0
fold-2,11,test,2025-05-15,activity,True,every-bars,1,dataset-start,dataset,0.0097110203960529655,0.010856311571151644,0.0097228063461459579,0.56675261250284303,0.0011335052250056861,within_ceiling,True,60,0.085775322146105837,0.11203279383206657,0.14999999999999999,False,rebalance_threshold_met,1,0.56675261250284303,False,0,2.7755575615628914e-17
fold-2,11,test,2025-05-16,intraday,True,every-bars,1,dataset-start,dataset,-0.0054141196602905898,-0.0042447924449819929,-0.0054123178340004918,0.58376269450924922,0.0011675253890184984,within_ceiling,True,60,0.11246327619499735,0.10276423919144041,0.14999999999999999,False,rebalance_threshold_met,1,0.58376269450924922,False,0,0
fold-2,11,test,2025-05-19,activity,True,every-bars,1,dataset-start,dataset,0.013846957314074928,0.014739278832859927,0.013868681948126207,0.43529844236685983,0.00087059688473371962,within_ceiling,True,60,0.10035856224253116,0.10081410536224729,0.14999999999999999,False,rebalance_threshold_met,0.99999999999999989,0.43529844236685983,False,0,2.7755575615628914e-17
fold-2,11,test,2025-05-20,intraday,True,every-bars,1,dataset-start,dataset,0.0056799339019764266,0.0063696082102654089,0.0056839910928516545,0.3428085587068771,0.00068561711741375419,within_ceiling,True,60,0.10421777308062642,0.10795801495742964,0.14999999999999999,False,rebalance_threshold_met,1,0.3428085587068771,False,0,0
fold-2,11,test,2025-05-21,activity,True,every-bars,1,dataset-start,dataset,0.0048347100416783056,0.0068280774565382682,0.0048393723058535541,0.9943525753423571,0.0019887051506847142,within_ceiling,True,60,0.098680930518314197,0.12270867290907642,0.14999999999999999,False,rebalance_threshold_met,1,0.9943525753423571,False,0,0
fold-2,11,test,2025-05-22,intraday,True,every-bars,1,dataset-start,dataset,0.010481940484107678,0.012057734181837077,0.010496479379467662,0.78062740118470797,0.0015612548023694159,within_ceiling,True,60,0.12228389854011526,0.08026814193809817,0.14999999999999999,False,rebalance_threshold_met,1,0.78062740118470797,False,0,0
fold-2,11,test,2025-05-23,activity,True,every-bars,1,dataset-start,dataset,0.017920989786433982,0.019207833421628948,0.017957883872909287,0.62497477435982962,0.0012499495487196591,within_ceiling,True,60,0.083554023911604047,0.11744660826888736,0.14999999999999999,False,rebalance_threshold_met,1,0.62497477435982962,False,4.163336342344337e-17,0
fold-2,11,test,2025-05-26,intraday,True,every-bars,1,dataset-start,dataset,-0.0083182991819308119,-0.0064348372650612738,-0.0083141584688680298,0.93966060190337763,0.0018793212038067551,within_ceiling,True,60,0.12177154623290365,0.084237399024301662,0.14999999999999999,False,rebalance_threshold_met,1,0.93966060190337763,False,0,1.3877787807814457e-17
fold-2,11,test,2025-05-27,activity,True,every-bars,1,dataset-start,dataset,0.012591488543589425,0.014325126295570001,0.012612009467927827,0.85655841382108711,0.0017131168276421744,within_ceiling,True,60,0.085912287841771975,0.092557876299209391,0.14999999999999999,False,rebalance_threshold_met,1,0.85655841382108711,False,0,0
fold-2,11,test,2025-05-28,intraday,True,every-bars,1,dataset-start,dataset,-9.6986051084179458e-05,0.001109382300637876,-9.6862978175282603e-05,0.6031226394065794,0.0012062452788131586,within_ceiling,True,60,0.090945322451015775,0.099680843176490327,0.14999999999999999,False,rebalance_threshold_met,1,0.6031226394065794,False,4.5102810375396984e-17,5.5511151231257827e-17
fold-2,11,test,2025-05-29,activity,True,every-bars,1,dataset-start,dataset,0.011294035135990168,0.012974923763300623,0.011310870000656514,0.8320268813220546,0.0016640537626441091,within_ceiling,True,60,0.09990019282883697,0.089194557833811791,0.14999999999999999,False,rebalance_threshold_met,1,0.8320268813220546,False,0,1.3877787807814457e-17
fold-2,11,test,2025-05-30,intraday,True,every-bars,1,dataset-start,dataset,-0.0022543333596752959,-0.00049210552527818689,-0.0022543091428904949,0.88110180880615407,0.0017622036176123082,within_ceiling,True,60,0.091441170425035981,0.080794679144416195,0.14999999999999999,False,rebalance_threshold_met,1.0000000000000002,0.88110180880615407,False,0,2.2204460492503131e-16
fold-2,11,test,2025-06-02,activity,True,every-bars,1,dataset-start,dataset,0.0079543212836770596,0.0095605769429673894,0.0079634617468252993,0.79855759807104543,0.0015971151961420907,within_ceiling,True,60,0.078177520066760181,0.090098872973656097,0.14999999999999999,False,rebalance_threshold_met,1,0.79855759807104543,False,9.3675067702747583e-17,6.9388939039072284e-17
fold-2,11,test,2025-06-03,intraday,True,every-bars,1,dataset-start,dataset,0.0080081091411133565,0.0090797327753507698,0.0080163532958405347,0.53168973975511791,0.0010633794795102357,within_ceiling,True,60,0.090410777929761599,0.10694185278548485,0.14999999999999999,False,rebalance_threshold_met,1,0.53168973975511791,False,0,0
fold-2,11,test,2025-06-04,activity,True,every-bars,1,dataset-start,dataset,0.0071773161773046375,0.0087774212108517168,0.0071850204896159089,0.79620036061790422,0.0015924007212358084,within_ceiling,True,60,0.10377340861220671,0.096038644186121583,0.14999999999999999,False,rebalance_threshold_met,1,0.79620036061790422,False,0,2.7755575615628914e-17
fold-2,11,test,2025-06-05,intraday,True,every-bars,1,dataset-start,dataset,0.0087026429599722857,0.0099003502058071513,0.0087124446533920485,0.5939527762075516,0.0011879055524151032,within_ceiling,True,60,0.096234664814347115,0.091500910201820412,0.14999999999999999,False,rebalance_threshold_met,1,0.5939527762075516,False,0,0
fold-2,11,test,2025-06-06,activity,True,every-bars,1,dataset-start,dataset,0.008247179176735427,0.0092454005818289418,0.0082557269199272747,0.49483683095083353,0.0009896736619016671,within_ceiling,True,60,0.091991968303822821,0.088437023663280323,0.14999999999999999,False,rebalance_threshold_met,1,0.49483683095083353,False,4.163336342344337e-17,0
fold-2,11,test,2025-06-09,intraday,True,every-bars,1,dataset-start,dataset,-0.00014894744243598788,0.0014979406822564704,-0.00014872305980723199,0.82333187103185124,0.0016466637420637024,within_ceiling,True,60,0.087498084720213337,0.10650622533324704,0.14999999999999999,False,rebalance_threshold_met,1,0.82333187103185124,False,0,4.8572257327350599e-17
fold-2,11,test,2025-06-10,activity,True,every-bars,1,dataset-start,dataset,0.016082227225188438,0.017645773832300413,0.01611336455860251,0.76620463684895079,0.0015324092736979016,within_ceiling,True,60,0.10569476358787083,0.091416991126211877,0.14999999999999999,False,rebalance_threshold_met,1,0.76620463684895079,False,0,0
fold-2,11,test,2025-06-11,intraday,True,every-bars,1,dataset-start,dataset,0.0027279436936605552,0.0047084977825048811,0.0027301606887973405,0.98916854685377031,0.0019783370937075406,within_ceiling,True,60,0.096214271693696632,0.10367412845774551,0.14999999999999999,False,rebalance_threshold_met,1,0.98916854685377031,False,4.5102810375396984e-17,5.5511151231257827e-17
fold-2,11,test,2025-06-12,activity,True,every-bars,1,dataset-start,dataset,0.0023123617385155601,0.0040717887047223783,0.0023140196848411504,0.87888450994061385,0.0017577690198812277,within_ceiling,True,60,0.10345935481306577,0.098521434950573208,0.14999999999999999,False,rebalance_threshold_met,1,0.87888450994061385,False,6.2450045135165055e-17,5.5511151231257827e-17
fold-2,11,test,2025-06-13,intraday,True,every-bars,1,dataset-start,dataset,0.0086898132939286013,0.0096772094975813832,0.0086991781322946094,0.48901568264338685,0.00097803136528677357,within_ceiling,True,60,0.09844001703697744,0.097671624337041629,0.14999999999999999,False,rebalance_threshold_met,1.0000000000000002,0.48901568264338685,False,4.8572257327350599e-17,2.2204460492503131e-16
fold-2,11,test,2025-06-16,activity,True,every-bars,1,dataset-start,dataset,0.00088143418193449325,0.0024633764027450341,0.00088204100426465338,0.79066769924019042,0.0015813353984803808,within_ceiling,True,60,0.098900897453331721,0.08294826724289088,0.14999999999999999,False,rebalance_threshold_met,1,0.79066769924019042,False,0,2.7755575615628914e-17
fold-2,11,test,2025-06-17,intraday,True,every-bars,1,dataset-start,dataset,0.0035637235085113714,0.0053233255085440292,0.003566557287958363,0.87838411029283314,0.0017567682205856662,within_ceiling,True,60,0.082558703193886848,0.082692697494450795,0.14999999999999999,False,rebalance_threshold_met,1,0.87838411029283314,False,4.5102810375396984e-17,5.5511151231257827e-17
fold-2,11,test,2025-06-18,activity,True,every-bars,1,dataset-start,dataset,0.0078602238747556754,0.0096232512582870577,0.0078694845712336883,0.87688334352668451,0.0017537666870533692,within_ceiling,True,60,0.082405823516559562,0.080962768683116179,0.14999999999999999,False,rebalance_threshold_met,1,0.87688334352668451,False,0,5.5511151231257827e-17
fold-2,11,test,2025-06-19,intraday,True,every-bars,1,dataset-start,dataset,0.0057555368029536232,0.0068775880258176575,0.0057602669246589102,0.55866055057937369,0.0011173211011587475,within_ceiling,True,60,0.080496452287495537,0.085465043953567785,0.14999999999999999,False,rebalance_threshold_met,1,0.55866055057937369,False,0,2.7755575615628914e-17
fold-2,11,test,2025-06-20,activity,True,every-bars,1,dataset-start,dataset,0.0089143274757075858,0.0097429600583786302,0.0089238200027775012,0.40957002780056473,0.0008191400556011296,within_ceiling,True,60,0.084650407223979027,0.092931823220329973,0.14999999999999999,False,rebalance_threshold_met,1,0.40957002780056473,False,4.5102810375396984e-17,0
fold-2,11,test,2025-06-23,intraday,True,every-bars,1,dataset-start,dataset,0.0086979440974372085,0.0093101746530162149,0.0087066120326441745,0.30178131018602034,0.00060356262037204061,within_ceiling,True,60,0.093428330301863663,0.10194525302503665,0.14999999999999999,False,rebalance_threshold_met,1,0.30178131018602034,False,0,0
fold-2,11,test,2025-06-24,activity,True,every-bars,1,dataset-start,dataset,-0.0071291191511477225,-0.005533317161954418,-0.007126057391266245,0.79637011465591334,0.0015927402293118267,within_ceiling,True,60,0.09873193623993598,0.12052619916640243,0.14999999999999999,False,rebalance_threshold_met,1,0.79637011465591334,False,0,5.5511151231257827e-17
fold-2,11,test,2025-06-25,intraday,True,every-bars,1,dataset-start,dataset,0.015988611846276164,0.016587657568327065,0.016016126884636571,0.28576534184524638,0.00057153068369049278,within_ceiling,True,60,0.11121704697101581,0.10144508160341295,0.14999999999999999,False,rebalance_threshold_met,1,0.28576534184524638,False,0,1.3877787807814457e-17
fold-2,11,test,2025-06-26,activity,True,every-bars,1,dataset-start,dataset,-0.0030846165847376026,-0.0018713431014339326,-0.0030842663922372743,0.60646164540167091,0.001212923290803342,within_ceiling,True,60,0.10512559315047559,0.10717782801819666,0.14999999999999999,False,rebalance_threshold_met,1,0.60646164540167091,False,0,0
fold-2,11,test,2025-06-27,intraday,True,every-bars,1,dataset-start,dataset,0.011524189644192244,0.012737541384119944,0.01154041414024346,0.59856362193824209,0.0011971272438764842,within_ceiling,True,60,0.10621117124457734,0.097344774877070883,0.14999999999999999,False,rebalance_threshold_met,1,0.59856362193824209,False,0,0
fold-2,11,test,2025-06-30,activity,True,every-bars,1,dataset-start,dataset,0.00088934963104233655,0.0024855238642183678,0.00088996741393029648,0.79777822514403562,0.0015955564502880713,within_ceiling,True,60,0.099406787416881873,0.096494490226854773,0.14999999999999999,False,rebalance_threshold_met,1,0.79777822514403562,False,0,0
fold-2,11,test,2025-07-01,intraday,True,every-bars,1,dataset-start,dataset,0.0096073379498791567,0.010915204788296339,0.0096192521194362023,0.64797633443006808,0.0012959526688601361,within_ceiling,True,60,0.095903445597352061,0.094785912997729038,0.14999999999999999,False,rebalance_threshold_met,1,0.64797633443006808,False,0,2.7755575615628914e-17
fold-2,11,test,2025-07-02,activity,True,every-bars,1,dataset-start,dataset,-0.0043158004046812519,-0.0033200693022687683,-0.0043146981186640652,0.49731440819764822,0.00099462881639529642,within_ceiling,True,60,0.096140100089203623,0.11915212376274147,0.14999999999999999,False,rebalance_threshold_met,1,0.49731440819764822,False,0,0
fold-2,11,test,2025-07-03,intraday,True,every-bars,1,dataset-start,dataset,0.0064699584117436275,0.0080789861752027185,0.0064764854135055394,0.80125038084858968,0.0016025007616971795,within_ceiling,True,60,0.11977742311661432,0.10115415953193924,0.14999999999999999,False,rebalance_threshold_met,1,0.80125038084858968,False,0,0
fold-2,11,test,2025-07-04,activity,True,every-bars,1,dataset-start,dataset,-0.00087532965892496049,0.00031560650331017301,-0.00087531969817846735,0.59546310074432018,0.0011909262014886404,within_ceiling,True,60,0.097587509536254474,0.10566081161956137,0.14999999999999999,False,rebalance_threshold_met,1,0.59546310074432018,False,0,0
fold-2,11,test,2025-07-07,intraday,True,every-bars,1,dataset-start,dataset,0.010576117842440953,0.012193227366729996,0.01059098532180263,0.80112102246368244,0.001602242044927365,within_ceiling,True,60,0.10583161100521893,0.092741711562932289,0.14999999999999999,False,rebalance_threshold_met,1,0.80112102246368244,False,0,0
fold-2,11,test,2025-07-08,activity,True,every-bars,1,dataset-start,dataset,-0.0033566255289449827,-0.0017452965572504831,-0.0033563209229377075,0.80551218284361215,0.0016110243656872242,within_ceiling,True,60,0.093539255146307065,0.10326906642072206,0.14999999999999999,False,rebalance_threshold_met,1,0.80551218284361215,False,0,0
fold-2,11,test,2025-07-09,intraday,True,every-bars,1,dataset-start,dataset,0.010407921189457364,0.011778688574994461,0.010421794939912033,0.6784468175412135,0.001356893635082427,within_ceiling,True,60,0.10243197337396061,0.087697174613691808,0.14999999999999999,False,rebalance_threshold_met,1,0.6784468175412135,False,0,0
fold-2,11,test,2025-07-10,activity,True,every-bars,1,dataset-start,dataset,-0.0050091341551317722,-0.003236858573972155,-0.0050080864297889823,0.88561392790841342,0.0017712278558168269,within_ceiling,True,60,0.086902165791774927,0.091125144994607124,0.14999999999999999,False,rebalance_threshold_met,1,0.88561392790841342,False,4.5102810375396984e-17,0
fold-2,11,test,2025-07-11,intraday,True,every-bars,1,dataset-start,dataset,0.013236998738077613,0.014568255175902057,0.013258222143964632,0.65501651596871246,0.0013100330319374249,within_ceiling,True,60,0.090714017885782955,0.090562279908165608,0.14999999999999999,False,rebalance_threshold_met,1,0.65501651596871246,False,0,2.7755575615628914e-17
fold-2,11,test,2025-07-14,activity,True,every-bars,1,dataset-start,dataset,-0.00065297087494636623,0.00088294271203899228,-0.00065289291616309197,0.7679178141010421,0.0015358356282020843,within_ceiling,True,60,0.093881572763631044,0.093553955147669621,0.14999999999999999,False,rebalance_threshold_met,1,0.7679178141010421,False,0,0
fold-2,11,test,2025-07-15,intraday,True,every-bars,1,dataset-start,dataset,0.017071065848534892,0.017815988291254085,0.017102806792414302,0.35659074941989083,0.00071318149883978167,within_ceiling,True,60,0.092637551970211465,0.10983485615191062,0.14999999999999999,False,rebalance_threshold_met,1,0.35659074941989083,False,4.5102810375396984e-17,0
fold-2,11,test,2025-07-16,activity,True,every-bars,1,dataset-start,dataset,-0.0068059743705786513,-0.0058201444032363273,-0.0068025869624911989,0.49122127962743589,0.00098244255925487183,within_ceiling,True,60,0.11221426398857065,0.092100359542241383,0.14999999999999999,False,rebalance_threshold_met,1,0.49122127962743589,False,0,0
fold-2,11,test,2025-07-17,intraday,True,every-bars,1,dataset-start,dataset,0.0105067614105294,0.011231877313053296,0.010519376917326949,0.35625019786317341,0.00071250039572634679,within_ceiling,True,60,0.089076294063269043,0.090562381592813559,0.14999999999999999,False,rebalance_threshold_met,1,0.35625019786317341,False,0,0
fold-2,11,test,2025-07-18,activity,True,every-bars,1,dataset-start,dataset,0.0038561490021476155,0.0050274893465778337,0.0038586765670606108,0.58440638975861137,0.0011688127795172229,within_ceiling,True,60,0.092269419272470593,0.091006078341704738,0.14999999999999999,False,rebalance_threshold_met,1,0.58440638975861137,False,0,0
fold-2,11,test,2025-07-21,intraday,True,every-bars,1,dataset-start,dataset,0.012778754865302413,0.014397311532881929,0.012799483123239898,0.79891420482101561,0.0015978284096420312,within_ceiling,True,60,0.08736381089497168,0.11695529645125381,0.14999999999999999,False,rebalance_threshold_met,1,0.79891420482101561,False,0,0
fold-2,11,test,2025-07-22,activity,True,every-bars,1,dataset-start,dataset,0.0009738136588409433,0.0025656846867776802,0.00097447193263213989,0.79560637707277015,0.0015912127541455403,within_ceiling,True,60,0.11815131627674699,0.088869600006760155,0.14999999999999999,False,rebalance_threshold_met,1,0.79560637707277015,False,0,0
fold-2,11,test,2025-07-23,intraday,True,every-bars,1,dataset-start,dataset,0.0073242907829884586,0.0089318794064788595,0.0073322686299616465,0.79980538825860625,0.0015996107765172125,within_ceiling,True,60,0.088877731934947357,0.11219514054571207,0.14999999999999999,False,rebalance_threshold_met,1,0.79980538825860625,False,0,0
fold-2,11,test,2025-07-24,activity,True,every-bars,1,dataset-start,dataset,0.0032293072101970389,0.004265521852547016,0.0032311266778644945,0.51719758734126065,0.0010343951746825213,within_ceiling,True,60,0.11078156000510499,0.08250031762312951,0.14999999999999999,False,rebalance_threshold_met,0.99999999999999989,0.51719758734126065,False,0,1.3877787807814457e-17
fold-2,11,test,2025-07-25,intraday,True,every-bars,1,dataset-start,dataset,0.018929480988021889,0.020234651167722162,0.018970425098809827,0.63211303445616662,0.0012642260689123333,within_ceiling,True,60,0.08163928847069582,0.091919042059641132,0.14999999999999999,False,rebalance_threshold_met,1,0.63211303445616662,False,0,2.7755575615628914e-17
fold-2,11,test,2025-07-28,activity,True,every-bars,1,dataset-start,dataset,-0.0022467189882873204,-0.0011422000307087458,-0.0022465885261963052,0.55219424774377979,0.0011043884954875596,within_ceiling,True,60,0.097005836266278123,0.088487516108516462,0.14999999999999999,False,rebalance_threshold_met,1,0.55219424774377979,False,0,2.7755575615628914e-17
fold-2,11,test,2025-07-29,intraday,True,every-bars,1,dataset-start,dataset,0.0079099900754241032,0.009164000608900439,0.0079183879661400957,0.62280632138017167,0.0012456126427603433,within_ceiling,True,60,0.087938170292567203,0.09281491584125276,0.14999999999999999,False,rebalance_threshold_met,1,0.62280632138017167,False,0,2.7755575615628914e-17
fold-2,11,test,2025-07-30,activity,True,every-bars,1,dataset-start,dataset,0.0077441022896443537,0.0097417099088572094,0.0077535923808391867,0.99405876400901139,0.0019881175280180227,within_ceiling,True,60,0.093356514301014812,0.10176615005621176,0.14999999999999999,False,rebalance_threshold_met,1,0.99405876400901139,False,0,0
fold-2,11,test,2025-07-31,intraday,True,every-bars,1,dataset-start,dataset,0.020679491030230691,0.021540944562361206,0.020725892259494564,0.40752615143332155,0.00081505230286664304,within_ceiling,True,60,0.1031296261973452,0.097904008218954258,0.14999999999999999,False,rebalance_threshold_met,1,0.40752615143332155,False,0,5.5511151231257827e-17
fold-2,11,test,2025-08-01,activity,True,every-bars,1,dataset-start,dataset,0.0017773805658452548,0.0033694395138350992,0.0017785158781089942,0.79546181786305248,0.001590923635726105,within_ceiling,True,60,0.10529030843179743,0.10292015875860526,0.14999999999999999,False,rebalance_threshold_met,1,0.79546181786305248,False,0,5.5511151231257827e-17
fold-2,11,test,2025-08-04,intraday,True,every-bars,1,dataset-start,dataset,0.0096851654363011852,0.011689635845488083,0.0096988301949211975,0.9954028252834427,0.0019908056505668851,within_ceiling,True,60,0.10085870871732425,0.09226777258571392,0.14999999999999999,False,rebalance_threshold_met,1,0.9954028252834427,False,0,0
fold-2,11,test,2025-08-05,activity,True,every-bars,1,dataset-start,dataset,-0.00012167809066014483,0.00090718614421977711,-0.0001215957919901184,0.51439096810494767,0.0010287819362098955,within_ceiling,True,60,0.094067574195281417,0.089060404482747935,0.14999999999999999,False,rebalance_threshold_met,1,0.51439096810494767,False,3.4694469519536142e-17,0
fold-2,11,test,2025-08-06,intraday,True,every-bars,1,dataset-start,dataset,0.0102401370487208,0.012132513108556451,0.010254856836153729,0.93882813620136107,0.0018776562724027222,within_ceiling,True,60,0.088623362222869609,0.090064233588768527,0.14999999999999999,False,rebalance_threshold_met,1,0.93882813620136107,False,0,5.5511151231257827e-17
fold-2,11,test,2025-08-07,activity,True,every-bars,1,dataset-start,dataset,0.0023396453853877248,0.0043315902944939021,0.0023415216528356602,0.99503432082912102,0.0019900686416582419,within_ceiling,True,60,0.091490023226183964,0.094867710894389348,0.14999999999999999,False,rebalance_threshold_met,1,0.99503432082912102,False,0,0
fold-2,11,test,2025-08-08,intraday,True,every-bars,1,dataset-start,dataset,0.012130770634298422,0.014136274959999428,0.012150754061272893,0.99276044936326757,0.0019855208987265348,within_ceiling,True,60,0.093462695311686994,0.10458823298256467,0.14999999999999999,False,rebalance_threshold_met,1,0.99276044936326757,False,0,0
fold-2,29,validation,2025-01-27,intraday,True,every-bars,1,dataset-start,dataset,0.00040535187339232448,0.0014055494303124296,0.00040554943031242963,0.5,0.001,within_ceiling,True,60,0,0.089633056834450983,0.14999999999999999,False,rebalance_threshold_met,1,0.5,False,4.8572257327350599e-17,5.5511151231257827e-17
fold-2,29,validation,2025-01-28,balanced,True,every-bars,1,dataset-start,dataset,0.011169661896161169,0.01273747740665743,0.011185886229229679,0.77579558871387533,0.0015515911774277506,within_ceiling,True,60,0.088940967996582451,0.1028673693588802,0.14999999999999999,False,rebalance_threshold_met,1,0.77579558871387533,False,4.163336342344337e-17,7.6327832942979512e-17
fold-2,29,validation,2025-01-29,intraday,True,every-bars,1,dataset-start,dataset,0.0017461626043046312,0.0028400776861521987,0.0017469692084309692,0.54655423886061472,0.0010931084777212295,within_ceiling,True,60,0.10562922515228233,0.093599514779742543,0.14999999999999999,False,rebalance_threshold_met,1,0.54655423886061472,False,0,0
fold-2,29,validation,2025-01-30,balanced,True,every-bars,1,dataset-start,dataset,0.0037450075817316406,0.0051183761457691459,0.0037476273591685984,0.68537439330027361,0.0013707487866005473,within_ceiling,True,60,0.094258597274477135,0.088915970898567898,0.14999999999999999,False,rebalance_threshold_met,1,0.68537439330027361,False,0,0
fold-2,29,validation,2025-01-31,intraday,True,every-bars,1,dataset-start,dataset,-0.0049976730836964736,-0.0037528017169164742,-0.0049962647316238243,0.62173150735367499,0.0012434630147073501,within_ceiling,True,60,0.089407324949385483,0.08879326185067099,0.14999999999999999,False,rebalance_threshold_met,1.0000000000000002,0.62173150735367499,False,0,2.2204460492503131e-16
fold-2,29,validation,2025-02-03,balanced,True,every-bars,1,dataset-start,dataset,0.015388380179014357,0.0165969844720434,0.015415926168370881,0.59052915183625898,0.0011810583036725181,within_ceiling,True,60,0.089290253012939122,0.10212922629111414,0.14999999999999999,False,rebalance_threshold_met,1,0.59052915183625898,False,0,0
fold-2,29,validation,2025-02-04,intraday,True,every-bars,1,dataset-start,dataset,-0.0043571517612837236,-0.0029449171211084037,-0.0043562845075987037,0.70568369324515012,0.0014113673864903002,within_ceiling,True,60,0.10362482205715932,0.09769628063579526,0.14999999999999999,False,rebalance_threshold_met,1,0.70568369324515012,False,0,0
fold-2,29,validation,2025-02-05,balanced,True,every-bars,1,dataset-start,dataset,0.011348295578400775,0.012977316804180149,0.01136513665354438,0.80609007531788412,0.0016121801506357683,within_ceiling,True,60,0.099047245623397701,0.097750447629635862,0.14999999999999999,False,rebalance_threshold_met,1,0.80609007531788412,False,0,0
fold-2,29,validation,2025-02-06,intraday,True,every-bars,1,dataset-start,dataset,0.0066141950647701864,0.0086121698007804136,0.0066216120116379335,0.99527889457124008,0.0019905577891424801,within_ceiling,True,60,0.1008630972284164,0.094217954550825128,0.14999999999999999,False,rebalance_threshold_met,1,0.99527889457124008,False,0,0
fold-2,29,validation,2025-02-07,balanced,True,every-bars,1,dataset-start,dataset,0.013344334380059901,0.014629604237984418,0.013365736912075906,0.6319336629542559,0.0012638673259085119,within_ceiling,True,60,0.09463728731449117,0.092417971924795242,0.14999999999999999,False,rebalance_threshold_met,1,0.6319336629542559,False,0,0
fold-2,29,validation,2025-02-10,intraday,True,every-bars,1,dataset-start,dataset,0.0048619628978535277,0.0052874596549896888,0.0048647586208138425,0.21135051708792324,0.0004227010341758465,within_ceiling,True,60,0.095943628667944744,0.10206393777136184,0.14999999999999999,False,rebalance_threshold_met,1,0.21135051708792324,False,0,0
fold-2,29,validation,2025-02-11,balanced,True,every-bars,1,dataset-start,dataset,0.01153455714252969,0.01213222014109392,0.011549276219084886,0.29147196100451728,0.0005829439220090346,within_ceiling,True,60,0.10079519049570969,0.091636459972259401,0.14999999999999999,False,rebalance_threshold_met,1,0.29147196100451728,False,0,5.5511151231257827e-17
fold-2,29,validation,2025-02-12,intraday,True,every-bars,1,dataset-start,dataset,-0.0082567469195205315,-0.0066685308454929246,-0.0082522999891568027,0.79188457183193928,0.0015837691436638786,within_ceiling,True,60,0.092519444311263188,0.1135278973037539,0.14999999999999999,False,rebalance_threshold_met,1,0.79188457183193928,False,0,0
fold-2,29,validation,2025-02-13,balanced,True,every-bars,1,dataset-start,dataset,0.011556931670266536,0.01234505273019209,0.011572171702957658,0.38644051361721543,0.00077288102723443086,within_ceiling,True,60,0.11324467830510103,0.095887620302885973,0.14999999999999999,False,rebalance_threshold_met,1,0.38644051361721543,False,4.8572257327350599e-17,5.5511151231257827e-17
fold-2,29,validation,2025-02-14,intraday,True,every-bars,1,dataset-start,dataset,0.00034627024294946987,0.00085990376476055867,0.0003463441863979348,0.25677978918131195,0.00051355957836262387,within_ceiling,True,60,0.098400877609251661,0.10763800697707632,0.14999999999999999,False,rebalance_threshold_met,1,0.25677978918131195,False,4.163336342344337e-17,0
fold-2,29,validation,2025-02-17,balanced,True,every-bars,1,dataset-start,dataset,0.005166708072560559,0.0066367689399899725,0.0051711127427568407,0.73282809861656573,0.0014656561972331314,within_ceiling,True,60,0.10752145296669337,0.081132162733654228,0.14999999999999999,False,rebalance_threshold_met,1,0.73282809861656573,False,0,0
fold-2,29,validation,2025-02-18,intraday,True,every-bars,1,dataset-start,dataset,0.013581962237341778,0.014286860268640166,0.013602373674975342,0.342243296832412,0.000684486593664824,within_ceiling,True,60,0.081801285577009761,0.096479398145303055,0.14999999999999999,False,rebalance_threshold_met,1,0.342243296832412,False,0,0
fold-2,29,validation,2025-02-19,balanced,True,every-bars,1,dataset-start,dataset,0.011768237935126144,0.012886682439617148,0.011784844593556098,0.55091892303052559,0.0011018378460610511,within_ceiling,True,60,0.09889928396390435,0.10436257044305906,0.14999999999999999,False,rebalance_threshold_met,1,0.55091892303052559,False,0,2.7755575615628914e-17
fold-2,29,validation,2025-02-20,intraday,True,every-bars,1,dataset-start,dataset,0.0032113587551237609,0.0046348776971586823,0.0032135069642505228,0.71068536645407976,0.0014213707329081594,within_ceiling,True,60,0.1053230905455618,0.098768085072848427,0.14999999999999999,False,rebalance_threshold_met,0.99999999999999989,0.71068536645407976,False,0,4.163336342344337e-17
fold-2,29,validation,2025-02-21,balanced,True,every-bars,1,dataset-start,dataset,0.0015497911055162711,0.0030210624609708775,0.0015507037873555799,0.7351793368076488,0.0014703586736152976,within_ceiling,True,60,0.09844861905415489,0.084598199589340423,0.14999999999999999,False,rebalance_threshold_met,1,0.7351793368076488,False,0,0
fold-2,29,validation,2025-02-24,intraday,True,every-bars,1,dataset-start,dataset,0.010780495128574156,0.011840378218734769,0.010794514584210425,0.52293181726217219,0.0010458636345243445,within_ceiling,True,60,0.07972771162628417,0.1012281867552504,0.14999999999999999,False,rebalance_threshold_met,1,0.52293181726217219,False,0,0
fold-2,29,validation,2025-02-25,balanced,True,every-bars,1,dataset-start,dataset,0.020418546394665213,0.021952203648695611,0.020466736319168594,0.74273366476350966,0.0014854673295270193,within_ceiling,True,60,0.10306586151661,0.10245881749102495,0.14999999999999999,False,rebalance_threshold_met,1,0.74273366476350966,False,3.4694469519536142e-17,0
fold-2,29,validation,2025-02-26,intraday,True,every-bars,1,dataset-start,dataset,0.0084038967113934243,0.0088832207575945173,0.0084117878724962406,0.23571644254913809,0.00047143288509827617,within_ceiling,True,60,0.11003303982736141,0.10330235364287794,0.14999999999999999,False,rebalance_threshold_met,1,0.23571644254913809,False,6.2450045135165055e-17,1.3877787807814457e-16
fold-2,29,validation,2025-02-27,balanced,True,every-bars,1,dataset-start,dataset,-0.004618523124388459,-0.0035652166023803274,-0.0046172520474462705,0.52601772253297163,0.0010520354450659433,within_ceiling,True,60,0.10417865760774707,0.080818339876168419,0.14999999999999999,False,rebalance_threshold_met,1,0.52601772253297163,False,0,0
fold-2,29,validation,2025-02-28,intraday,True,every-bars,1,dataset-start,dataset,0.01735747193186889,0.019042106383878939,0.017393732113422388,0.82418713522827458,0.0016483742704565493,within_ceiling,True,60,0.081732634943006463,0.10162003556079068,0.14999999999999999,False,rebalance_threshold_met,1,0.82418713522827458,False,0,0
fold-2,29,validation,2025-03-03,balanced,True,every-bars,1,dataset-start,dataset,-0.0075798457849837637,-0.0059537116633394446,-0.0075763011167267452,0.81129472669365021,0.0016225894533873004,within_ceiling,True,60,0.1059141007605537,0.10275629678562509,0.14999999999999999,False,rebalance_threshold_met,1,0.81129472669365021,False,0,0
fold-2,29,validation,2025-03-04,intraday,True,every-bars,1,dataset-start,dataset,0.015416513588390215,0.017053133667373488,0.015445594525177946,0.80376957109777059,0.0016075391421955412,within_ceiling,True,60,0.10317066946760112,0.09471646431847007,0.14999999999999999,False,rebalance_threshold_met,1,0.80376957109777059,False,0,5.5511151231257827e-17
fold-2,29,validation,2025-03-05,balanced,True,every-bars,1,dataset-start,dataset,-0.0054792351697610991,-0.0034923831849953506,-0.0054780154957300153,0.99281615536733236,0.0019856323107346648,within_ceiling,True,60,0.099846997263718568,0.098089167666262911,0.14999999999999999,False,rebalance_threshold_met,1,0.99281615536733236,False,0,0
fold-2,29,validation,2025-03-06,intraday,True,every-bars,1,dataset-start,dataset,0.011325585905838877,0.012751350010595523,0.011341845598548148,0.7047522060236876,0.0014095044120473752,within_ceiling,True,60,0.097692897365540002,0.091748225660771482,0.14999999999999999,False,rebalance_threshold_met,0.99999999999999989,0.7047522060236876,False,0,2.7755575615628914e-17
fold-2,29,validation,2025-03-07,balanced,True,every-bars,1,dataset-start,dataset,-0.0024895146004288815,-0.00050258304838727555,-0.0024894893414568291,0.99345314653477668,0.0019869062930695535,within_ceiling,True,60,0.093648207681940016,0.090518560326746961,0.14999999999999999,False,rebalance_threshold_met,1,0.99345314653477668,False,4.163336342344337e-17,9.0205620750793969e-17
fold-2,29,validation,2025-03-10,intraday,True,every-bars,1,dataset-start,dataset,0.0093143566089160731,0.010798395444785835,0.0093260171433342705,0.73618915072578206,0.0014723783014515641,within_ceiling,True,60,0.089261946091618263,0.091527491962125271,0.14999999999999999,False,rebalance_threshold_met,0.99999999999999989,0.73618915072578206,False,4.8572257327350599e-17,0
fold-2,29,validation,2025-03-11,balanced,True,every-bars,1,dataset-start,dataset,-0.015601048740780764,-0.014157762915249625,-0.015581004515704322,0.71162080022734842,0.0014232416004546968,within_ceiling,True,60,0.091602087369870328,0.10540456640537504,0.14999999999999999,False,rebalance_threshold_met,1,0.71162080022734842,False,0,8.3266726846886741e-17
fold-2,29,validation,2025-03-12,intraday,True,every-bars,1,dataset-start,dataset,0.010491168020226012,0.012197991463060448,0.010506047119799302,0.84597217163057314,0.0016919443432611462,within_ceiling,True,60,0.11080492950089557,0.095525885884888098,0.14999999999999999,False,rebalance_threshold_met,1,0.84597217163057314,False,4.163336342344337e-17,4.8572257327350599e-17
fold-2,29,validation,2025-03-13,balanced,True,every-bars,1,dataset-start,dataset,0.0063138059654105601,0.0072741912285106056,0.0063190973512134542,0.47754693864857556,0.00095509387729715112,within_ceiling,True,60,0.097737964346859635,0.10185813645392044,0.14999999999999999,False,rebalance_threshold_met,1,0.47754693864857556,False,0,5.5511151231257827e-17
fold-2,29,validation,2025-03-14,intraday,True,every-bars,1,dataset-start,dataset,0.012881394658737283,0.014267398883007263,0.012901750525825966,0.68282417859064837,0.0013656483571812966,within_ceiling,True,60,0.10214329613087961,0.10165134516671312,0.14999999999999999,False,rebalance_threshold_met,0.99999999999999989,0.68282417859064837,False,4.8572257327350599e-17,2.7755575615628914e-17
fold-2,29,validation,2025-03-17,balanced,True,every-bars,1,dataset-start,dataset,-0.0029037279457657596,-0.00091871558066071142,-0.0029036435419339448,0.99246398063661678,0.0019849279612732334,within_ceiling,True,60,0.1042396329989122,0.10161621775384891,0.14999999999999999,False,rebalance_threshold_met,1,0.99246398063661678,False,0,0
fold-2,29,validation,2025-03-18,intraday,True,every-bars,1,dataset-start,dataset,0.015484965864693615,0.016709775620135252,0.015512887524821143,0.5984440476570545,0.0011968880953141089,within_ceiling,True,60,0.10080286739436614,0.10666780485151368,0.14999999999999999,False,rebalance_threshold_met,1,0.5984440476570545,False,0,5.5511151231257827e-17
fold-2,29,validation,2025-03-19,balanced,True,every-bars,1,dataset-start,dataset,-0.0040515805606228623,-0.0029297628411642115,-0.0040507222095923154,0.56047968421405203,0.0011209593684281041,within_ceiling,True,60,0.11039148625298165,0.076218373072234488,0.14999999999999999,False,rebalance_threshold_met,1,0.56047968421405203,False,0,0
fold-2,29,validation,2025-03-20,intraday,True,every-bars,1,dataset-start,dataset,0.010622118359817493,0.012287500315527189,0.010637216626217902,0.8251418446546438,0.0016502836893092876,within_ceiling,True,60,0.076972727830318832,0.10497939329392415,0.14999999999999999,False,rebalance_threshold_met,1,0.8251418446546438,False,0,0
fold-2,29,validation,2025-03-21,balanced,True,every-bars,1,dataset-start,dataset,0.0032983714815785093,0.0045584010125638771,0.0033004493835576435,0.62897581450311668,0.0012579516290062334,within_ceiling,True,60,0.10513847414650151,0.098671695395529488,0.14999999999999999,False,rebalance_threshold_met,1,0.62897581450311668,False,0,2.7755575615628914e-17
fold-2,29,validation,2025-03-24,intraday,True,every-bars,1,dataset-start,dataset,0.01115176941266262,0.012190443563769471,0.011166630104090764,0.51190672983935359,0.0010238134596787071,within_ceiling,True,60,0.097381491407712614,0.087780241050429961,0.14999999999999999,False,rebalance_threshold_met,1,0.51190672983935359,False,0,0
fold-2,29,validation,2025-03-25,balanced,True,every-bars,1,dataset-start,dataset,-0.0045366240635959544,-0.0029452486656234567,-0.0045357566146257185,0.79525397450113078,0.0015905079490022614,within_ceiling,True,60,0.08873487809153166,0.10450125145313205,0.14999999999999999,False,rebalance_threshold_met,1,0.79525397450113078,False,0,0
fold-2,29,validation,2025-03-26,intraday,True,every-bars,1,dataset-start,dataset,0.0054953179653187195,0.0070369367888902471,0.0055002698132558033,0.76833348781722177,0.0015366669756344436,within_ceiling,True,60,0.10289359408154283,0.10072981282223809,0.14999999999999999,False,rebalance_threshold_met,1,0.76833348781722177,False,0,0
fold-2,29,validation,2025-03-27,balanced,True,every-bars,1,dataset-start,dataset,0.0068972351250062057,0.0076866139897737353,0.0069031435284689843,0.39173523065237559,0.00078347046130475121,within_ceiling,True,60,0.10017520383254941,0.12109269038315854,0.14999999999999999,False,rebalance_threshold_met,0.99999999999999989,0.39173523065237559,False,0,0
fold-2,29,validation,2025-03-28,intraday,True,every-bars,1,dataset-start,dataset,0.0057466444796269479,0.0069209743963146069,0.005751434468286392,0.58476996401410719,0.0011695399280282144,within_ceiling,True,60,0.12125348184919343,0.085543332632651611,0.14999999999999999,False,rebalance_threshold_met,0.99999999999999989,0.58476996401410719,False,0,1.3877787807814457e-17
fold-2,29,validation,2025-03-31,balanced,True,every-bars,1,dataset-start,dataset,0.0085078703680788251,0.010512282196679289,0.0085189211757770878,0.99668051045110029,0.0019933610209022005,within_ceiling,True,60,0.085706599293880276,0.095823829574432529,0.14999999999999999,False,rebalance_threshold_met,1,0.99668051045110029,False,0,0
fold-2,29,validation,2025-04-01,intraday,True,every-bars,1,dataset-start,dataset,0.022433017657815017,0.024372997147667309,0.022492421956811039,0.94028759542813511,0.0018805751908562702,within_ceiling,True,60,0.095651443974245243,0.075365809527149843,0.14999999999999999,False,rebalance_threshold_met,1,0.94028759542813511,False,0,2.7755575615628914e-17
fold-2,29,validation,2025-04-02,balanced,True,every-bars,1,dataset-start,dataset,-0.0050452546082959248,-0.0031690036078151655,-0.00504425034990929,0.93762337104706228,0.0018752467420941243,within_ceiling,True,60,0.085432015784143847,0.079401128907320553,0.14999999999999999,False,rebalance_threshold_met,0.99999999999999989,0.93762337104706228,False,0,0
fold-2,29,validation,2025-04-03,intraday,True,every-bars,1,dataset-start,dataset,0.010022654012008102,0.01072286061941613,0.010034151985994444,0.34435431671084338,0.00068870863342168675,within_ceiling,True,60,0.077997712230758326,0.10355883992655615,0.14999999999999999,False,rebalance_threshold_met,1,0.34435431671084338,False,0,0
fold-2,29,validation,2025-04-04,balanced,True,every-bars,1,dataset-start,dataset,0.0025381350191094657,0.0037286898343872991,0.0025395253318975719,0.59458225124486375,0.0011891645024897275,within_ceiling,True,60,0.10435532031098231,0.10821190629475175,0.14999999999999999,False,rebalance_threshold_met,1,0.59458225124486375,False,0,0
fold-2,29,validation,2025-04-07,intraday,True,every-bars,1,dataset-start,dataset,0.0081526475361369862,0.0096221253639135404,0.0081619060657888726,0.73010964906233422,0.0014602192981246684,within_ceiling,True,60,0.10610307948681801,0.098354076607793481,0.14999999999999999,False,rebalance_threshold_met,1,0.73010964906233422,False,4.5102810375396984e-17,5.5511151231257827e-17
fold-2,29,validation,2025-04-08,balanced,True,every-bars,1,dataset-start,dataset,-0.011184291564059421,-0.0091827390736726709,-0.011175859294369907,0.99656011034861791,0.0019931202206972358,within_ceiling,True,60,0.099283739298558799,0.11149416715390952,0.14999999999999999,False,rebalance_threshold_met,1,0.99656011034861791,False,0,0
fold-2,29,validation,2025-04-09,intraday,True,every-bars,1,dataset-start,dataset,0.0098742835375757697,0.01189550307086612,0.0098884338369066675,1.0035346169797268,0.0020070692339594536,within_ceiling,True,60,0.113527478111456,0.11294231318515978,0.14999999999999999,False,rebalance_threshold_met,1,1.0035346169797268,False,0,0
fold-2,29,validation,2025-04-10,balanced,True,every-bars,1,dataset-start,dataset,0.0037444375284461976,0.0044624092578547962,0.0037464288380846564,0.35799020988506997,0.00071598041977013994,within_ceiling,True,60,0.11372972745683459,0.10145868036908193,0.14999999999999999,False,rebalance_threshold_met,1,0.35799020988506997,False,0,0
fold-2,29,validation,2025-04-11,intraday,True,every-bars,1,dataset-start,dataset,0.014175996349020448,0.015244955624179915,0.014199237216218769,0.52285920398057295,0.0010457184079611459,within_ceiling,True,60,0.098753011847816305,0.097525155825798238,0.14999999999999999,False,rebalance_threshold_met,1,0.52285920398057295,False,0,0
fold-2,29,validation,2025-04-14,balanced,True,every-bars,1,dataset-start,dataset,-0.00098788668603845163,0.000590054612924626,-0.00098785186959382825,0.78895324125922717,0.0015779064825184542,within_ceiling,True,60,0.10143475789015241,0.104557318202742,0.14999999999999999,False,rebalance_threshold_met,1,0.78895324125922717,False,4.163336342344337e-17,2.7755575615628914e-17
fold-2,29,validation,2025-04-15,intraday,True,every-bars,1,dataset-start,dataset,0.015691216800473223,0.016762375002538125,0.015719314522045794,0.52153024024616679,0.0010430604804923336,within_ceiling,True,60,0.10487216099370618,0.10890223141383314,0.14999999999999999,False,rebalance_threshold_met,1,0.52153024024616679,False,0,2.7755575615628914e-17
fold-2,29,validation,2025-04-16,balanced,True,every-bars,1,dataset-start,dataset,0.01786093452673795,0.01928210351383677,0.017898114478329782,0.69199451775349363,0.0013839890355069873,within_ceiling,True,60,0.11223572274289596,0.08144276308398872,0.14999999999999999,False,rebalance_threshold_met,1,0.69199451775349363,False,0,0
fold-2,29,validation,2025-04-17,intraday,True,every-bars,1,dataset-start,dataset,0.006563585739319912,0.0082365816883772439,0.0065703698671108427,0.83310591063320072,0.0016662118212664016,within_ceiling,True,60,0.087956422539720608,0.083747722291764082,0.14999999999999999,False,rebalance_threshold_met,1,0.83310591063320072,False,0,5.5511151231257827e-17
fold-2,29,validation,2025-04-18,balanced,True,every-bars,1,dataset-start,dataset,0.010070971648441186,0.010989117760011253,0.010083047719355526,0.4530350203278638,0.00090607004065572751,within_ceiling,True,60,0.084657126879262107,0.08741462042990665,0.14999999999999999,False,rebalance_threshold_met,1.0000000000000002,0.4530350203278638,False,4.8572257327350599e-17,2.2204460492503131e-16
fold-2,29,test,2025-04-21,intraday,True,every-bars,1,dataset-start,dataset,0.0016580293917280305,0.0026587362795884705,0.0016587362795884705,0.5,0.001,within_ceiling,True,60,0,0.09616405171015871,0.14999999999999999,False,rebalance_threshold_met,1,0.5,False,4.5102810375396984e-17,5.5511151231257827e-17
fold-2,29,test,2025-04-22,balanced,True,every-bars,1,dataset-start,dataset,0.0083995554817796764,0.0093713728205268611,0.0084083377446338078,0.48151753794652707,0.0009630350758930541,within_ceiling,True,60,0.094742779225430757,0.096229610815849131,0.14999999999999999,False,rebalance_threshold_met,1,0.48151753794652707,False,4.163336342344337e-17,0
fold-2,29,test,2025-04-23,intraday,True,every-bars,1,dataset-start,dataset,0.0070842648544615656,0.0077022807836900414,0.0070901973673886459,0.30604170815069776,0.00061208341630139551,within_ceiling,True,60,0.095780740297236613,0.10825782628553908,0.14999999999999999,False,rebalance_threshold_met,0.99999999999999989,0.30604170815069776,False,0,2.7755575615628914e-17
fold-2,29,test,2025-04-24,balanced,True,every-bars,1,dataset-start,dataset,0.017608496687350029,0.019234990708553293,0.017645495174105841,0.79474776722372542,0.0015894955344474509,within_ceiling,True,60,0.10837017159403417,0.12070966820688785,0.14999999999999999,False,rebalance_threshold_met,1,0.79474776722372542,False,0,0
fold-2,29,test,2025-04-25,intraday,True,every-bars,1,dataset-start,dataset,0.0032315483027451249,0.0044351953079866946,0.0032335153984871237,0.60083995474978547,0.0012016799094995709,within_ceiling,True,60,0.12511684398384545,0.093344062561327698,0.14999999999999999,False,rebalance_threshold_met,1,0.60083995474978547,False,0,0
fold-2,29,test,2025-04-28,balanced,True,every-bars,1,dataset-start,dataset,0.0028472863411831985,0.0042551517453352722,0.0028490969728207816,0.70302738625724537,0.0014060547725144906,within_ceiling,True,60,0.091421719319794773,0.1158968132261807,0.14999999999999999,False,rebalance_threshold_met,1,0.70302738625724537,False,0,0
fold-2,29,test,2025-04-29,intraday,True,every-bars,1,dataset-start,dataset,-0.015997549307631143,-0.013981678896592388,-0.015978000573154402,0.99816083828100688,0.001996321676562014,within_ceiling,True,60,0.11243489874393112,0.10115613613223426,0.14999999999999999,False,rebalance_threshold_met,1,0.99816083828100688,False,0,0
fold-2,29,test,2025-04-30,balanced,True,every-bars,1,dataset-start,dataset,0.013945899856086052,0.015977767363743987,0.013971428761079045,1.0031693013324705,0.0020063386026649413,within_ceiling,True,60,0.10382241583039761,0.10954009035282355,0.14999999999999999,False,rebalance_threshold_met,1,1.0031693013324705,False,0,5.5511151231257827e-17
fold-2,29,test,2025-05-01,intraday,True,every-bars,1,dataset-start,dataset,0.0042931151294764444,0.0053473751851885378,0.0042959745716135613,0.52570030678748825,0.0010514006135749765,within_ceiling,True,60,0.11087686971866652,0.11326804176608007,0.14999999999999999,False,rebalance_threshold_met,1,0.52570030678748825,False,0,5.5511151231257827e-17
fold-2,29,test,2025-05-02,balanced,True,every-bars,1,dataset-start,dataset,0.017302713028969931,0.019023624344600989,0.017338902857290381,0.84236074365530422,0.0016847214873106082,within_ceiling,True,60,0.11288148302110564,0.090082983794160812,0.14999999999999999,False,rebalance_threshold_met,1,0.84236074365530422,False,0,0
fold-2,29,test,2025-05-05,intraday,True,every-bars,1,dataset-start,dataset,-0.0060204643844903351,-0.0048168654921715275,-0.0060181441651733676,0.60063933650092005,0.0012012786730018401,within_ceiling,True,60,0.096496987706629817,0.11958410659717454,0.14999999999999999,False,rebalance_threshold_met,1,0.60063933650092005,False,4.163336342344337e-17,5.5511151231257827e-17
fold-2,29,test,2025-05-06,balanced,True,every-bars,1,dataset-start,dataset,0.0098621003517083469,0.011010099216611858,0.0098742225801843105,0.56793831821377327,0.0011358766364275466,within_ceiling,True,60,0.12049686490030198,0.10021550982983875,0.14999999999999999,False,rebalance_threshold_met,1,0.56793831821377327,False,0,0
fold-2,29,test,2025-05-07,intraday,True,every-bars,1,dataset-start,dataset,0.00034757453552182102,0.0019453057223987069,0.00034795295695718071,0.79867638272076302,0.0015973527654415262,within_ceiling,True,60,0.10111065746812607,0.092392285719803777,0.14999999999999999,False,rebalance_threshold_met,1,0.79867638272076302,False,4.163336342344337e-17,2.0816681711721685e-17
fold-2,29,test,2025-05-08,balanced,True,every-bars,1,dataset-start,dataset,0.0085641117110650603,0.010025678315184174,0.0085741631336330153,0.725757590775579,0.001451515181551158,within_ceiling,True,60,0.088907293836482548,0.10893823399751308,0.14999999999999999,False,rebalance_threshold_met,1,0.725757590775579,False,4.163336342344337e-17,2.7755575615628914e-17
fold-2,29,test,2025-05-09,intraday,True,every-bars,1,dataset-start,dataset,-0.0048279027315005236,-0.0033299945835092064,-0.0048267938451079032,0.74839963079934846,0.001496799261598697,within_ceiling,True,60,0.11080471316136324,0.10384180462626935,0.14999999999999999,False,rebalance_threshold_met,1.0000000000000002,0.74839963079934846,False,4.8572257327350599e-17,5.5511151231257827e-17
fold-2,29,test,2025-05-12,balanced,True,every-bars,1,dataset-start,dataset,0.003938654399008013,0.0053126058263464641,0.0039414767770746262,0.68556452463591888,0.0013711290492718377,within_ceiling,True,60,0.10371420506989952,0.095148526989432949,0.14999999999999999,False,rebalance_threshold_met,1,0.68556452463591888,False,4.8572257327350599e-17,8.3266726846886741e-17
fold-2,29,test,2025-05-13,intraday,True,every-bars,1,dataset-start,dataset,0.0043176479777433116,0.005429043475095526,0.0043205954290487592,0.55422402302338325,0.0011084480460467666,within_ceiling,True,60,0.094587701628100401,0.095200202743055892,0.14999999999999999,False,rebalance_threshold_met,1,0.55422402302338325,False,0,0
fold-2,29,test,2025-05-14,balanced,True,every-bars,1,dataset-start,dataset,0.0096792787499510383,0.01113020436472157,0.009691666894871085,0.71926873492524224,0.0014385374698504844,within_ceiling,True,60,0.092531778317848881,0.075465725239323309,0.14999999999999999,False,rebalance_threshold_met,1,0.71926873492524224,False,0,0
fold-2,29,test,2025-05-15,intraday,True,every-bars,1,dataset-start,dataset,-0.0041809449537293869,-0.0025884676570355099,-0.0041802749372482351,0.79590364010636261,0.0015918072802127252,within_ceiling,True,60,0.077722758459298616,0.095921716556774811,0.14999999999999999,False,rebalance_threshold_met,1,0.79590364010636261,False,0,0
fold-2,29,test,2025-05-16,balanced,True,every-bars,1,dataset-start,dataset,0.010348635424489641,0.011370568675975516,0.010361564407691148,0.50450213414218426,0.0010090042682843684,within_ceiling,True,60,0.095626422000731751,0.090635876179320424,0.14999999999999999,False,rebalance_threshold_met,1,0.50450213414218426,False,0,0
fold-2,29,test,2025-05-19,intraday,True,every-bars,1,dataset-start,dataset,0.00017679436840986054,0.0013501439326091111,0.00017697665727373665,0.58658363766768717,0.0011731672753353744,within_ceiling,True,60,0.091872414235273619,0.090710578711648684,0.14999999999999999,False,rebalance_threshold_met,1,0.58658363766768717,False,0,5.5511151231257827e-17
fold-2,29,test,2025-05-20,balanced,True,every-bars,1,dataset-start,dataset,0.012255243141351607,0.013748322333183353,0.012274144778049317,0.73708877756701807,0.0014741775551340361,within_ceiling,True,60,0.090944606365680178,0.11654957639099771,0.14999999999999999,False,rebalance_threshold_met,1,0.73708877756701807,False,0,2.7755575615628914e-17
fold-2,29,test,2025-05-21,intraday,True,every-bars,1,dataset-start,dataset,0.0011047916754031676,0.0022381420638053675,0.0011052926033929451,0.5664247302062112,0.0011328494604124224,within_ceiling,True,60,0.1192306617930747,0.085324541492177192,0.14999999999999999,False,rebalance_threshold_met,1.0000000000000002,0.5664247302062112,False,4.8572257327350599e-17,2.0816681711721685e-17
fold-2,29,test,2025-05-22,balanced,True,every-bars,1,dataset-start,dataset,0.016886252247372547,0.018111627057069188,0.016919055350837982,0.59628585311560223,0.0011925717062312045,within_ceiling,True,60,0.0855725168401473,0.099097287210233018,0.14999999999999999,False,rebalance_threshold_met,1,0.59628585311560223,False,0,0
fold-2,29,test,2025-05-23,intraday,True,every-bars,1,dataset-start,dataset,0.0095762023507482766,0.010983110497652323,0.0095882652223686412,0.69742263764184087,0.0013948452752836817,within_ceiling,True,60,0.10374195641346361,0.11505049448281701,0.14999999999999999,False,rebalance_threshold_met,1,0.69742263764184087,False,0,2.7755575615628914e-17
fold-2,29,test,2025-05-26,balanced,True,every-bars,1,dataset-start,dataset,0.011500460454371916,0.013232357637626879,0.011517969983236922,0.85719382719497794,0.0017143876543899558,within_ceiling,True,60,0.11455872569936167,0.1010626801789964,0.14999999999999999,False,rebalance_threshold_met,1,0.85719382719497794,False,0,0
fold-2,29,test,2025-05-27,intraday,True,every-bars,1,dataset-start,dataset,-0.0097356664462932129,-0.0082143904157253866,-0.0097289188253030165,0.75726420478881495,0.0015145284095776299,within_ceiling,True,60,0.10151404878633144,0.1124166576901186,0.14999999999999999,False,rebalance_threshold_met,1,0.75726420478881495,False,0,0
fold-2,29,test,2025-05-28,balanced,True,every-bars,1,dataset-start,dataset,0.012233800632505868,0.013707629905260284,0.012252590544267828,0.72751968049622828,0.0014550393609924566,within_ceiling,True,60,0.11409609934274044,0.085950933728545689,0.14999999999999999,False,rebalance_threshold_met,1,0.72751968049622828,False,0,0
fold-2,29,test,2025-05-29,intraday,True,every-bars,1,dataset-start,dataset,0.0064410782127768424,0.0081380944227357824,0.006447701070860179,0.84519667593780157,0.001690393351875603,within_ceiling,True,60,0.089848991603491871,0.084617093879805635,0.14999999999999999,False,rebalance_threshold_met,1,0.84519667593780157,False,0,0
fold-2,29,test,2025-05-30,balanced,True,every-bars,1,dataset-start,dataset,0.0094640034710922801,0.010667489585895041,0.0094753830044987976,0.59605329069812152,0.0011921065813962431,within_ceiling,True,60,0.084904775358994031,0.11457761994534474,0.14999999999999999,False,rebalance_threshold_met,1,0.59605329069812152,False,0,0
fold-2,29,test,2025-06-02,intraday,True,every-bars,1,dataset-start,dataset,-0.0014763349918533585,-0.00076037081651685349,-0.0014762771754754974,0.35795317947932198,0.00071590635895864394,within_ceiling,True,60,0.11536213363255204,0.098358319574189126,0.14999999999999999,False,rebalance_threshold_met,1,0.35795317947932198,False,0,0
fold-2,29,test,2025-06-03,balanced,True,every-bars,1,dataset-start,dataset,0.012101261467755272,0.013667404733368482,0.012119941262969842,0.77373173519932004,0.00154746347039864,within_ceiling,True,60,0.098370721123508531,0.10276096172088456,0.14999999999999999,False,rebalance_threshold_met,1,0.77373173519932004,False,0,0
fold-2,29,test,2025-06-04,intraday,True,every-bars,1,dataset-start,dataset,-0.0082130939609652374,-0.0067269814664101188,-0.0082085687330002953,0.74079363329508818,0.0014815872665901765,within_ceiling,True,60,0.10072098615841779,0.086437098743299828,0.14999999999999999,False,rebalance_threshold_met,1,0.74079363329508818,False,0,1.3877787807814457e-17
fold-2,29,test,2025-06-05,balanced,True,every-bars,1,dataset-start,dataset,0.016288185181462266,0.01711316216532496,0.016317471213391936,0.39784547596651176,0.00079569095193302356,within_ceiling,True,60,0.087575413253625611,0.08359921554259489,0.14999999999999999,False,rebalance_threshold_met,0.99999999999999978,0.39784547596651176,False,4.163336342344337e-17,0
fold-2,29,test,2025-06-06,intraday,True,every-bars,1,dataset-start,dataset,0.0060896095060184096,0.0072605666189967995,0.0060948810887812991,0.58284276510775035,0.0011656855302155007,within_ceiling,True,60,0.089021590453089577,0.084144243443962013,0.14999999999999999,False,rebalance_threshold_met,1,0.58284276510775035,False,4.5102810375396984e-17,0
fold-2,29,test,2025-06-09,balanced,True,every-bars,1,dataset-start,dataset,0.010433912053745012,0.011243822083920071,0.010446554407250497,0.39863383833478661,0.00079726767666957329,within_ceiling,True,60,0.083143651209076172,0.079648595586224613,0.14999999999999999,False,rebalance_threshold_met,1,0.39863383833478661,False,4.163336342344337e-17,5.5511151231257827e-17
fold-2,29,test,2025-06-10,intraday,True,every-bars,1,dataset-start,dataset,-0.017940997274701023,-0.016980701266852839,-0.017912162853149612,0.465730793148386,0.00093146158629677206,within_ceiling,True,60,0.081603273792022646,0.10516237165321055,0.14999999999999999,False,rebalance_threshold_met,0.99999999999999989,0.465730793148386,False,0,0
fold-2,29,test,2025-06-11,balanced,True,every-bars,1,dataset-start,dataset,0.0077798114818703069,0.0090408702616778368,0.0077879852153791562,0.62644252314934046,0.0012528850462986811,within_ceiling,True,60,0.11294398430382856,0.090598682724398485,0.14999999999999999,False,rebalance_threshold_met,1,0.62644252314934046,False,0,0
fold-2,29,test,2025-06-12,intraday,True,every-bars,1,dataset-start,dataset,-0.0051903297535156583,-0.0041264168012563962,-0.0051886270219538896,0.53110511034874652,0.0010622102206974929,within_ceiling,True,60,0.088871399424255995,0.12558594150850141,0.14999999999999999,False,rebalance_threshold_met,1,0.53110511034874652,False,4.163336342344337e-17,8.3266726846886741e-17
fold-2,29,test,2025-06-13,balanced,True,every-bars,1,dataset-start,dataset,-0.0021900545732417235,-0.0020680939306520923,-0.0021896268719911235,0.060766470669515585,0.00012153294133903117,within_ceiling,True,60,0.12615885613559727,0.129190187972234,0.14999999999999999,False,rebalance_threshold_met,1,0.060766470669515585,False,0,0
fold-2,29,test,2025-06-16,intraday,True,every-bars,1,dataset-start,dataset,0.0037688627220632924,0.0044637218777817747,0.003770855203363511,0.34643333720913183,0.00069286667441826374,within_ceiling,True,60,0.12950656237519598,0.10961199031213946,0.14999999999999999,False,rebalance_threshold_met,1,0.34643333720913183,False,0,0
fold-2,29,test,2025-06-17,balanced,True,every-bars,1,dataset-start,dataset,-0.0053134851998182667,-0.0044350074941216832,-0.0053115182706709755,0.43825538827464627,0.00087651077654929248,within_ceiling,True,60,0.10755060801147129,0.08566292628250799,0.14999999999999999,False,rebalance_threshold_met,1,0.43825538827464627,False,0,0
fold-2,29,test,2025-06-18,intraday,True,every-bars,1,dataset-start,dataset,0.015806901589654799,0.016740109731894593,0.015834924717038387,0.45259250742810231,0.00090518501485620457,within_ceiling,True,60,0.086214502601018803,0.1194376468820086,0.14999999999999999,False,rebalance_threshold_met,1,0.45259250742810231,False,0,0
fold-2,29,test,2025-06-19,balanced,True,every-bars,1,dataset-start,dataset,-0.0037145430602696368,-0.003150734504258239,-0.0037135503474780046,0.28140792160988287,0.00056281584321976575,within_ceiling,True,60,0.12100202597804607,0.09936115272405445,0.14999999999999999,False,rebalance_threshold_met,1,0.28140792160988287,False,0,0
fold-2,29,test,2025-06-20,intraday,True,every-bars,1,dataset-start,dataset,0.015271575483954915,0.016873986591951037,0.015300048626305449,0.78696898282279448,0.001573937965645589,within_ceiling,True,60,0.09966081699596635,0.093184658184601254,0.14999999999999999,False,rebalance_threshold_met,1,0.78696898282279448,False,0,0
fold-2,29,test,2025-06-23,balanced,True,every-bars,1,dataset-start,dataset,-0.0084271566495008575,-0.0068374125762742793,-0.0084224816284270386,0.79253452607637986,0.0015850690521527597,within_ceiling,True,60,0.095860654725380329,0.1011278953025644,0.14999999999999999,False,rebalance_threshold_met,1,0.79253452607637986,False,4.163336342344337e-17,1.1102230246251565e-16
fold-2,29,test,2025-06-24,intraday,True,every-bars,1,dataset-start,dataset,0.017113938775596447,0.017873204100575781,0.017145883918078531,0.36366009124862464,0.00072732018249724924,within_ceiling,True,60,0.098789341210826206,0.083027087687547449,0.14999999999999999,False,rebalance_threshold_met,0.99999999999999989,0.36366009124862464,False,4.163336342344337e-17,1.1102230246251565e-16
fold-2,29,test,2025-06-25,balanced,True,every-bars,1,dataset-start,dataset,0.0018962492504645712,0.0030293409879686515,0.0018971669411467099,0.56608702341097084,0.0011321740468219416,within_ceiling,True,60,0.08933123051987539,0.10660166870273087,0.14999999999999999,False,rebalance_threshold_met,1,0.56608702341097084,False,0,5.5511151231257827e-17
fold-2,29,test,2025-06-26,intraday,True,every-bars,1,dataset-start,dataset,0.0075791478821023179,0.0089584250368179366,0.0075871732200163463,0.6856259084007954,0.0013712518168015908,within_ceiling,True,60,0.10324549849844003,0.094690606154047771,0.14999999999999999,False,rebalance_threshold_met,1,0.6856259084007954,False,0,0
fold-2,29,test,2025-06-27,balanced,True,every-bars,1,dataset-start,dataset,0.0071652720351665002,0.0083905811804509817,0.0071723122204210739,0.60913448001495396,0.001218268960029908,within_ceiling,True,60,0.094603262296783786,0.096355063381817097,0.14999999999999999,False,rebalance_threshold_met,1,0.60913448001495396,False,0,5.5511151231257827e-17
fold-2,29,test,2025-06-30,intraday,True,every-bars,1,dataset-start,dataset,0.0048552099244542129,0.0063628817337017919,0.0048592585508499203,0.7518115914259359,0.0015036231828518718,within_ceiling,True,60,0.09665611673887918,0.097468272817411536,0.14999999999999999,False,rebalance_threshold_met,0.99999999999999989,0.7518115914259359,False,0,0
fold-2,29,test,2025-07-01,balanced,True,every-bars,1,dataset-start,dataset,-0.0066604545503052776,-0.0053789825081817294,-0.006657561205022945,0.63928934842060781,0.0012785786968412156,within_ceiling,True,60,0.097367788294999577,0.095428492678842944,0.14999999999999999,False,rebalance_threshold_met,1,0.63928934842060781,False,0,0
fold-2,29,test,2025-07-02,intraday,True,every-bars,1,dataset-start,dataset,0.0076253824451137566,0.0088290454988463277,0.0076331776495558263,0.59793392464525064,0.0011958678492905012,within_ceiling,True,60,0.095748409917341432,0.092063398180554715,0.14999999999999999,False,rebalance_threshold_met,1.0000000000000002,0.59793392464525064,False,4.8572257327350599e-17,5.5511151231257827e-17
fold-2,29,test,2025-07-03,balanced,True,every-bars,1,dataset-start,dataset,-0.00046866721680291154,0.0011633126564655411,-0.00046853188716924226,0.81592227181739163,0.0016318445436347834,within_ceiling,True,60,0.093411673243506729,0.10506331637720744,0.14999999999999999,False,rebalance_threshold_met,1,0.81592227181739163,False,0,2.7755575615628914e-17
fold-2,29,test,2025-07-04,intraday,True,every-bars,1,dataset-start,dataset,0.005844129295359532,0.0073749626835029943,0.0058495683028178379,0.76269719034257821,0.0015253943806851564,within_ceiling,True,60,0.10433428841750268,0.085887749381729397,0.14999999999999999,False,rebalance_threshold_met,1,0.76269719034257821,False,0,0
fold-2,29,test,2025-07-07,balanced,True,every-bars,1,dataset-start,dataset,-0.0076965121211062023,-0.0059199312805208694,-0.0076930075624695934,0.88653814097436212,0.0017730762819487243,within_ceiling,True,60,0.086170860427474127,0.098807955666843209,0.14999999999999999,False,rebalance_threshold_met,1,0.88653814097436212,False,4.5102810375396984e-17,4.8572257327350599e-17
fold-2,29,test,2025-07-08,intraday,True,every-bars,1,dataset-start,dataset,0.01012587732554562,0.011693908155199641,0.010139552074339845,0.77717804042989802,0.0015543560808597959,within_ceiling,True,60,0.099135396703504103,0.10161548454461385,0.14999999999999999,False,rebalance_threshold_met,1,0.77717804042989802,False,0,0
fold-2,29,test,2025-07-09,balanced,True,every-bars,1,dataset-start,dataset,0.00031867499801551113,0.0013641010733966628,0.00031886107518935532,0.52261999910365375,0.0010452399982073075,within_ceiling,True,60,0.10211782232396066,0.10486492027315288,0.14999999999999999,False,rebalance_threshold_met,1,0.52261999910365375,False,4.5102810375396984e-17,5.5511151231257827e-17
fold-2,29,test,2025-07-10,intraday,True,every-bars,1,dataset-start,dataset,0.013081230072312943,0.014278612705970316,0.013101617950393652,0.58849737778833244,0.0011769947555766648,within_ceiling,True,60,0.10428834704054085,0.099784090535436493,0.14999999999999999,False,rebalance_threshold_met,1,0.58849737778833244,False,0,0
fold-2,29,test,2025-07-11,balanced,True,every-bars,1,dataset-start,dataset,-0.001325951143292418,-0.0003118638133386975,-0.0013259414173886111,0.50703880202495677,0.0010140776040499136,within_ceiling,True,60,0.1006172813849914,0.092270665021225079,0.14999999999999999,False,rebalance_threshold_met,1,0.50703880202495677,False,0,0
fold-2,29,test,2025-07-14,intraday,True,every-bars,1,dataset-start,dataset,0.014387360243998559,0.016000040587805957,0.014412960373879704,0.7935401069631266,0.0015870802139262531,within_ceiling,True,60,0.091604687636400797,0.10928143996101924,0.14999999999999999,False,rebalance_threshold_met,1,0.7935401069631266,False,0,0
fold-2,29,test,2025-07-15,balanced,True,every-bars,1,dataset-start,dataset,-0.0030654849147681296,-0.0020774481057667664,-0.0030650533357049143,0.49380261496907407,0.00098760522993814807,within_ceiling,True,60,0.1114775473050514,0.097822722921077132,0.14999999999999999,False,rebalance_threshold_met,1,0.49380261496907407,False,0,0
fold-2,29,test,2025-07-16,intraday,True,every-bars,1,dataset-start,dataset,0.012836458555312324,0.013865709727208377,0.012855684345936244,0.50501269063606657,0.0010100253812721331,within_ceiling,True,60,0.09730071495016511,0.10770363424123348,0.14999999999999999,False,rebalance_threshold_met,1,0.50501269063606657,False,0,2.7755575615628914e-17
fold-2,29,test,2025-07-17,balanced,True,every-bars,1,dataset-start,dataset,0.007127497608490011,0.0086726852210988817,0.0071350191553844373,0.76883303285722238,0.0015376660657144448,within_ceiling,True,60,0.10665505304984403,0.087554337699855322,0.14999999999999999,False,rebalance_threshold_met,1,0.76883303285722238,False,0,1.3877787807814457e-17
fold-2,29,test,2025-07-18,intraday,True,every-bars,1,dataset-start,dataset,0.0071849965608862636,0.0083357278444436776,0.0071919449967559265,0.57189142384387526,0.0011437828476877506,within_ceiling,True,60,0.089056249594957712,0.10173394374646721,0.14999999999999999,False,rebalance_threshold_met,1,0.57189142384387526,False,0,6.9388939039072284e-18
fold-2,29,test,2025-07-21,balanced,True,every-bars,1,dataset-start,dataset,-0.0073672009678201799,-0.0058856909742475826,-0.0073637368319957458,0.73902292887408183,0.0014780458577481636,within_ceiling,True,60,0.10167260614382556,0.089663328521228838,0.14999999999999999,False,rebalance_threshold_met,1,0.73902292887408183,False,4.163336342344337e-17,5.5511151231257827e-17
fold-2,29,test,2025-07-22,intraday,True,every-bars,1,dataset-start,dataset,0.0095016927135015573,0.011208214112696676,0.0095142551198611619,0.84697949641775705,0.0016939589928355141,within_ceiling,True,60,0.090303756695164231,0.095496688072970098,0.14999999999999999,False,rebalance_threshold_met,1,0.84697949641775705,False,4.8572257327350599e-17,5.5511151231257827e-17
fold-2,29,test,2025-07-23,balanced,True,every-bars,1,dataset-start,dataset,-0.0090632407132056458,-0.0077679969702297959,-0.0090572065355126966,0.64460478264145049,0.0012892095652829009,within_ceiling,True,60,0.096529187221762625,0.10042530861434304,0.14999999999999999,False,rebalance_threshold_met,1,0.64460478264145049,False,0,0
fold-2,29,test,2025-07-24,intraday,True,every-bars,1,dataset-start,dataset,0.011958267144011169,0.012701015729225242,0.011974398724066571,0.36330850257933583,0.00072661700515867171,within_ceiling,True,60,0.10192529778603479,0.094427698678795496,0.14999999999999999,False,rebalance_threshold_met,1,0.36330850257933583,False,0,5.5511151231257827e-17
fold-2,29,test,2025-07-25,balanced,True,every-bars,1,dataset-start,dataset,0.014974734494282247,0.016138830247745602,0.015000780678458801,0.56902478464340023,0.0011380495692868006,within_ceiling,True,60,0.096293021070108467,0.090791906553305504,0.14999999999999999,False,rebalance_threshold_met,1,0.56902478464340023,False,0,0
fold-2,29,test,2025-07-28,intraday,True,every-bars,1,dataset-start,dataset,0.010532085544049356,0.011557436989117676,0.010545442979025099,0.50599700504628864,0.0010119940100925772,within_ceiling,True,60,0.094699675032498723,0.08695754593500972,0.14999999999999999,False,rebalance_threshold_met,1,0.50599700504628864,False,4.163336342344337e-17,5.5511151231257827e-17
fold-2,29,test,2025-07-29,balanced,True,every-bars,1,dataset-start,dataset,0.0003261418183559273,0.0018755485904129155,0.00032649358660742731,0.77452750190274411,0.0015490550038054882,within_ceiling,True,60,0.088528061043143633,0.09752428589039662,0.14999999999999999,False,rebalance_threshold_met,1,0.77452750190274411,False,0,5.5511151231257827e-17
fold-2,29,test,2025-07-30,intraday,True,every-bars,1,dataset-start,dataset,0.010607758907981076,0.011229092312234243,0.010620368159396744,0.30436207641874935,0.00060872415283749867,within_ceiling,True,60,0.097277787364478258,0.094536573678757993,0.14999999999999999,False,rebalance_threshold_met,1,0.30436207641874935,False,4.163336342344337e-17,5.5511151231257827e-17
fold-2,29,test,2025-07-31,balanced,True,every-bars,1,dataset-start,dataset,-0.017350952042004507,-0.015335404851078052,-0.017327434577809862,0.9960148633659045,0.001992029726731809,within_ceiling,True,60,0.096302694447109705,0.093046314530165611,0.14999999999999999,False,rebalance_threshold_met,1,0.9960148633659045,False,0,2.7755575615628914e-17
fold-2,29,test,2025-08-01,intraday,True,every-bars,1,dataset-start,dataset,0.013668311108828182,0.014383113641060236,0.013688998504629346,0.34705756821544514,0.00069411513643089027,within_ceiling,True,60,0.1005159425595482,0.089132973577040142,0.14999999999999999,False,rebalance_threshold_met,1,0.34705756821544514,False,0,4.163336342344337e-17
fold-2,29,test,2025-08-04,balanced,True,every-bars,1,dataset-start,dataset,0.0042623933284449264,0.0062537643305443794,0.004266304285275125,0.9937300226346274,0.0019874600452692548,within_ceiling,True,60,0.092955993622079763,0.088522682533756614,0.14999999999999999,False,rebalance_threshold_met,1,0.9937300226346274,False,0,5.5511151231257827e-17
fold-2,29,test,2025-08-05,intraday,True,every-bars,1,dataset-start,dataset,0.011916542981711548,0.01378604997656389,0.01193554849910718,0.9252507387283555,0.0018505014774567107,within_ceiling,True,60,0.088149693176167956,0.090768895028993962,0.14999999999999999,False,rebalance_threshold_met,1,0.9252507387283555,False,0,0
fold-2,29,test,2025-08-06,balanced,True,every-bars,1,dataset-start,dataset,0.00035625010241658938,0.0018036304822700354,0.00035657541070824674,0.72352753578089435,0.0014470550715617887,within_ceiling,True,60,0.092239489778805736,0.10463212111132132,0.14999999999999999,False,rebalance_threshold_met,1,0.72352753578089435,False,0,0
fold-2,29,test,2025-08-07,intraday,True,every-bars,1,dataset-start,dataset,0.016673656096063066,0.018105386279088486,0.016706436597294566,0.69947484089696077,0.0013989496817939217,within_ceiling,True,60,0.10357816120566617,0.10157878992866219,0.14999999999999999,False,rebalance_threshold_met,1,0.69947484089696077,False,0,0
fold-2,29,test,2025-08-08,balanced,True,every-bars,1,dataset-start,dataset,-0.0069546435397415118,-0.0050802590703290318,-0.0069520626365193461,0.93590178309515737,0.0018718035661903147,within_ceiling,True,60,0.10586242686876515,0.10999063011941121,0.14999999999999999,False,rebalance_threshold_met,1,0.93590178309515737,False,0,0
fold-2,47,validation,2025-01-27,intraday,True,every-bars,1,dataset-start,dataset,0.00040535187339232448,0.0014055494303124296,0.00040554943031242963,0.5,0.001,within_ceiling,True,60,0,0.089633056834450983,0.14999999999999999,False,rebalance_threshold_met,1,0.5,False,4.8572257327350599e-17,5.5511151231257827e-17
fold-2,47,validation,2025-01-28,balanced,True,every-bars,1,dataset-start,dataset,0.011169661896161169,0.01273747740665743,0.011185886229229679,0.77579558871387533,0.0015515911774277506,within_ceiling,True,60,0.088940967996582451,0.1028673693588802,0.14999999999999999,False,rebalance_threshold_met,1,0.77579558871387533,False,4.163336342344337e-17,7.6327832942979512e-17
fold-2,47,validation,2025-01-29,intraday,True,every-bars,1,dataset-start,dataset,0.0017461626043046312,0.0028400776861521987,0.0017469692084309692,0.54655423886061472,0.0010931084777212295,within_ceiling,True,60,0.10562922515228233,0.093599514779742543,0.14999999999999999,False,rebalance_threshold_met,1,0.54655423886061472,False,0,0
fold-2,47,validation,2025-01-30,balanced,True,every-bars,1,dataset-start,dataset,0.0037450075817316406,0.0051183761457691459,0.0037476273591685984,0.68537439330027361,0.0013707487866005473,within_ceiling,True,60,0.094258597274477135,0.088915970898567898,0.14999999999999999,False,rebalance_threshold_met,1,0.68537439330027361,False,0,0
fold-2,47,validation,2025-01-31,intraday,True,every-bars,1,dataset-start,dataset,-0.0049976730836964736,-0.0037528017169164742,-0.0049962647316238243,0.62173150735367499,0.0012434630147073501,within_ceiling,True,60,0.089407324949385483,0.08879326185067099,0.14999999999999999,False,rebalance_threshold_met,1.0000000000000002,0.62173150735367499,False,0,2.2204460492503131e-16
fold-2,47,validation,2025-02-03,balanced,True,every-bars,1,dataset-start,dataset,0.015388380179014357,0.0165969844720434,0.015415926168370881,0.59052915183625898,0.0011810583036725181,within_ceiling,True,60,0.089290253012939122,0.10212922629111414,0.14999999999999999,False,rebalance_threshold_met,1,0.59052915183625898,False,0,0
fold-2,47,validation,2025-02-04,intraday,True,every-bars,1,dataset-start,dataset,-0.0043571517612837236,-0.0029449171211084037,-0.0043562845075987037,0.70568369324515012,0.0014113673864903002,within_ceiling,True,60,0.10362482205715932,0.09769628063579526,0.14999999999999999,False,rebalance_threshold_met,1,0.70568369324515012,False,0,0
fold-2,47,validation,2025-02-05,balanced,True,every-bars,1,dataset-start,dataset,0.011348295578400775,0.012977316804180149,0.01136513665354438,0.80609007531788412,0.0016121801506357683,within_ceiling,True,60,0.099047245623397701,0.097750447629635862,0.14999999999999999,False,rebalance_threshold_met,1,0.80609007531788412,False,0,0
fold-2,47,validation,2025-02-06,intraday,True,every-bars,1,dataset-start,dataset,0.0066141950647701864,0.0086121698007804136,0.0066216120116379335,0.99527889457124008,0.0019905577891424801,within_ceiling,True,60,0.1008630972284164,0.094217954550825128,0.14999999999999999,False,rebalance_threshold_met,1,0.99527889457124008,False,0,0
fold-2,47,validation,2025-02-07,balanced,True,every-bars,1,dataset-start,dataset,0.013344334380059901,0.014629604237984418,0.013365736912075906,0.6319336629542559,0.0012638673259085119,within_ceiling,True,60,0.09463728731449117,0.092417971924795242,0.14999999999999999,False,rebalance_threshold_met,1,0.6319336629542559,False,0,0
fold-2,47,validation,2025-02-10,intraday,True,every-bars,1,dataset-start,dataset,0.0048619628978535277,0.0052874596549896888,0.0048647586208138425,0.21135051708792324,0.0004227010341758465,within_ceiling,True,60,0.095943628667944744,0.10206393777136184,0.14999999999999999,False,rebalance_threshold_met,1,0.21135051708792324,False,0,0
fold-2,47,validation,2025-02-11,balanced,True,every-bars,1,dataset-start,dataset,0.01153455714252969,0.01213222014109392,0.011549276219084886,0.29147196100451728,0.0005829439220090346,within_ceiling,True,60,0.10079519049570969,0.091636459972259401,0.14999999999999999,False,rebalance_threshold_met,1,0.29147196100451728,False,0,5.5511151231257827e-17
fold-2,47,validation,2025-02-12,intraday,True,every-bars,1,dataset-start,dataset,-0.0082567469195205315,-0.0066685308454929246,-0.0082522999891568027,0.79188457183193928,0.0015837691436638786,within_ceiling,True,60,0.092519444311263188,0.1135278973037539,0.14999999999999999,False,rebalance_threshold_met,1,0.79188457183193928,False,0,0
fold-2,47,validation,2025-02-13,balanced,True,every-bars,1,dataset-start,dataset,0.011556931670266536,0.01234505273019209,0.011572171702957658,0.38644051361721543,0.00077288102723443086,within_ceiling,True,60,0.11324467830510103,0.095887620302885973,0.14999999999999999,False,rebalance_threshold_met,1,0.38644051361721543,False,4.8572257327350599e-17,5.5511151231257827e-17
fold-2,47,validation,2025-02-14,intraday,True,every-bars,1,dataset-start,dataset,0.00034627024294946987,0.00085990376476055867,0.0003463441863979348,0.25677978918131195,0.00051355957836262387,within_ceiling,True,60,0.098400877609251661,0.10763800697707632,0.14999999999999999,False,rebalance_threshold_met,1,0.25677978918131195,False,4.163336342344337e-17,0
fold-2,47,validation,2025-02-17,balanced,True,every-bars,1,dataset-start,dataset,0.005166708072560559,0.0066367689399899725,0.0051711127427568407,0.73282809861656573,0.0014656561972331314,within_ceiling,True,60,0.10752145296669337,0.081132162733654228,0.14999999999999999,False,rebalance_threshold_met,1,0.73282809861656573,False,0,0
fold-2,47,validation,2025-02-18,intraday,True,every-bars,1,dataset-start,dataset,0.013581962237341778,0.014286860268640166,0.013602373674975342,0.342243296832412,0.000684486593664824,within_ceiling,True,60,0.081801285577009761,0.096479398145303055,0.14999999999999999,False,rebalance_threshold_met,1,0.342243296832412,False,0,0
fold-2,47,validation,2025-02-19,balanced,True,every-bars,1,dataset-start,dataset,0.011768237935126144,0.012886682439617148,0.011784844593556098,0.55091892303052559,0.0011018378460610511,within_ceiling,True,60,0.09889928396390435,0.10436257044305906,0.14999999999999999,False,rebalance_threshold_met,1,0.55091892303052559,False,0,2.7755575615628914e-17
fold-2,47,validation,2025-02-20,intraday,True,every-bars,1,dataset-start,dataset,0.0032113587551237609,0.0046348776971586823,0.0032135069642505228,0.71068536645407976,0.0014213707329081594,within_ceiling,True,60,0.1053230905455618,0.098768085072848427,0.14999999999999999,False,rebalance_threshold_met,0.99999999999999989,0.71068536645407976,False,0,4.163336342344337e-17
fold-2,47,validation,2025-02-21,balanced,True,every-bars,1,dataset-start,dataset,0.0015497911055162711,0.0030210624609708775,0.0015507037873555799,0.7351793368076488,0.0014703586736152976,within_ceiling,True,60,0.09844861905415489,0.084598199589340423,0.14999999999999999,False,rebalance_threshold_met,1,0.7351793368076488,False,0,0
fold-2,47,validation,2025-02-24,intraday,True,every-bars,1,dataset-start,dataset,0.010780495128574156,0.011840378218734769,0.010794514584210425,0.52293181726217219,0.0010458636345243445,within_ceiling,True,60,0.07972771162628417,0.1012281867552504,0.14999999999999999,False,rebalance_threshold_met,1,0.52293181726217219,False,0,0
fold-2,47,validation,2025-02-25,balanced,True,every-bars,1,dataset-start,dataset,0.020418546394665213,0.021952203648695611,0.020466736319168594,0.74273366476350966,0.0014854673295270193,within_ceiling,True,60,0.10306586151661,0.10245881749102495,0.14999999999999999,False,rebalance_threshold_met,1,0.74273366476350966,False,3.4694469519536142e-17,0
fold-2,47,validation,2025-02-26,intraday,True,every-bars,1,dataset-start,dataset,0.0084038967113934243,0.0088832207575945173,0.0084117878724962406,0.23571644254913809,0.00047143288509827617,within_ceiling,True,60,0.11003303982736141,0.10330235364287794,0.14999999999999999,False,rebalance_threshold_met,1,0.23571644254913809,False,6.2450045135165055e-17,1.3877787807814457e-16
fold-2,47,validation,2025-02-27,balanced,True,every-bars,1,dataset-start,dataset,-0.004618523124388459,-0.0035652166023803274,-0.0046172520474462705,0.52601772253297163,0.0010520354450659433,within_ceiling,True,60,0.10417865760774707,0.080818339876168419,0.14999999999999999,False,rebalance_threshold_met,1,0.52601772253297163,False,0,0
fold-2,47,validation,2025-02-28,intraday,True,every-bars,1,dataset-start,dataset,0.01735747193186889,0.019042106383878939,0.017393732113422388,0.82418713522827458,0.0016483742704565493,within_ceiling,True,60,0.081732634943006463,0.10162003556079068,0.14999999999999999,False,rebalance_threshold_met,1,0.82418713522827458,False,0,0
fold-2,47,validation,2025-03-03,balanced,True,every-bars,1,dataset-start,dataset,-0.0075798457849837637,-0.0059537116633394446,-0.0075763011167267452,0.81129472669365021,0.0016225894533873004,within_ceiling,True,60,0.1059141007605537,0.10275629678562509,0.14999999999999999,False,rebalance_threshold_met,1,0.81129472669365021,False,0,0
fold-2,47,validation,2025-03-04,intraday,True,every-bars,1,dataset-start,dataset,0.015416513588390215,0.017053133667373488,0.015445594525177946,0.80376957109777059,0.0016075391421955412,within_ceiling,True,60,0.10317066946760112,0.09471646431847007,0.14999999999999999,False,rebalance_threshold_met,1,0.80376957109777059,False,0,5.5511151231257827e-17
fold-2,47,validation,2025-03-05,balanced,True,every-bars,1,dataset-start,dataset,-0.0054792351697610991,-0.0034923831849953506,-0.0054780154957300153,0.99281615536733236,0.0019856323107346648,within_ceiling,True,60,0.099846997263718568,0.098089167666262911,0.14999999999999999,False,rebalance_threshold_met,1,0.99281615536733236,False,0,0
fold-2,47,validation,2025-03-06,intraday,True,every-bars,1,dataset-start,dataset,0.011325585905838877,0.012751350010595523,0.011341845598548148,0.7047522060236876,0.0014095044120473752,within_ceiling,True,60,0.097692897365540002,0.091748225660771482,0.14999999999999999,False,rebalance_threshold_met,0.99999999999999989,0.7047522060236876,False,0,2.7755575615628914e-17
fold-2,47,validation,2025-03-07,balanced,True,every-bars,1,dataset-start,dataset,-0.0024895146004288815,-0.00050258304838727555,-0.0024894893414568291,0.99345314653477668,0.0019869062930695535,within_ceiling,True,60,0.093648207681940016,0.090518560326746961,0.14999999999999999,False,rebalance_threshold_met,1,0.99345314653477668,False,4.163336342344337e-17,9.0205620750793969e-17
fold-2,47,validation,2025-03-10,intraday,True,every-bars,1,dataset-start,dataset,0.0093143566089160731,0.010798395444785835,0.0093260171433342705,0.73618915072578206,0.0014723783014515641,within_ceiling,True,60,0.089261946091618263,0.091527491962125271,0.14999999999999999,False,rebalance_threshold_met,0.99999999999999989,0.73618915072578206,False,4.8572257327350599e-17,0
fold-2,47,validation,2025-03-11,balanced,True,every-bars,1,dataset-start,dataset,-0.015601048740780764,-0.014157762915249625,-0.015581004515704322,0.71162080022734842,0.0014232416004546968,within_ceiling,True,60,0.091602087369870328,0.10540456640537504,0.14999999999999999,False,rebalance_threshold_met,1,0.71162080022734842,False,0,8.3266726846886741e-17
fold-2,47,validation,2025-03-12,intraday,True,every-bars,1,dataset-start,dataset,0.010491168020226012,0.012197991463060448,0.010506047119799302,0.84597217163057314,0.0016919443432611462,within_ceiling,True,60,0.11080492950089557,0.095525885884888098,0.14999999999999999,False,rebalance_threshold_met,1,0.84597217163057314,False,4.163336342344337e-17,4.8572257327350599e-17
fold-2,47,validation,2025-03-13,balanced,True,every-bars,1,dataset-start,dataset,0.0063138059654105601,0.0072741912285106056,0.0063190973512134542,0.47754693864857556,0.00095509387729715112,within_ceiling,True,60,0.097737964346859635,0.10185813645392044,0.14999999999999999,False,rebalance_threshold_met,1,0.47754693864857556,False,0,5.5511151231257827e-17
fold-2,47,validation,2025-03-14,intraday,True,every-bars,1,dataset-start,dataset,0.012881394658737283,0.014267398883007263,0.012901750525825966,0.68282417859064837,0.0013656483571812966,within_ceiling,True,60,0.10214329613087961,0.10165134516671312,0.14999999999999999,False,rebalance_threshold_met,0.99999999999999989,0.68282417859064837,False,4.8572257327350599e-17,2.7755575615628914e-17
fold-2,47,validation,2025-03-17,balanced,True,every-bars,1,dataset-start,dataset,-0.0029037279457657596,-0.00091871558066071142,-0.0029036435419339448,0.99246398063661678,0.0019849279612732334,within_ceiling,True,60,0.1042396329989122,0.10161621775384891,0.14999999999999999,False,rebalance_threshold_met,1,0.99246398063661678,False,0,0
fold-2,47,validation,2025-03-18,intraday,True,every-bars,1,dataset-start,dataset,0.015484965864693615,0.016709775620135252,0.015512887524821143,0.5984440476570545,0.0011968880953141089,within_ceiling,True,60,0.10080286739436614,0.10666780485151368,0.14999999999999999,False,rebalance_threshold_met,1,0.5984440476570545,False,0,5.5511151231257827e-17
fold-2,47,validation,2025-03-19,balanced,True,every-bars,1,dataset-start,dataset,-0.0040515805606228623,-0.0029297628411642115,-0.0040507222095923154,0.56047968421405203,0.0011209593684281041,within_ceiling,True,60,0.11039148625298165,0.076218373072234488,0.14999999999999999,False,rebalance_threshold_met,1,0.56047968421405203,False,0,0
fold-2,47,validation,2025-03-20,intraday,True,every-bars,1,dataset-start,dataset,0.010622118359817493,0.012287500315527189,0.010637216626217902,0.8251418446546438,0.0016502836893092876,within_ceiling,True,60,0.076972727830318832,0.10497939329392415,0.14999999999999999,False,rebalance_threshold_met,1,0.8251418446546438,False,0,0
fold-2,47,validation,2025-03-21,balanced,True,every-bars,1,dataset-start,dataset,0.0032983714815785093,0.0045584010125638771,0.0033004493835576435,0.62897581450311668,0.0012579516290062334,within_ceiling,True,60,0.10513847414650151,0.098671695395529488,0.14999999999999999,False,rebalance_threshold_met,1,0.62897581450311668,False,0,2.7755575615628914e-17
fold-2,47,validation,2025-03-24,intraday,True,every-bars,1,dataset-start,dataset,0.01115176941266262,0.012190443563769471,0.011166630104090764,0.51190672983935359,0.0010238134596787071,within_ceiling,True,60,0.097381491407712614,0.087780241050429961,0.14999999999999999,False,rebalance_threshold_met,1,0.51190672983935359,False,0,0
fold-2,47,validation,2025-03-25,balanced,True,every-bars,1,dataset-start,dataset,-0.0045366240635959544,-0.0029452486656234567,-0.0045357566146257185,0.79525397450113078,0.0015905079490022614,within_ceiling,True,60,0.08873487809153166,0.10450125145313205,0.14999999999999999,False,rebalance_threshold_met,1,0.79525397450113078,False,0,0
fold-2,47,validation,2025-03-26,intraday,True,every-bars,1,dataset-start,dataset,0.0054953179653187195,0.0070369367888902471,0.0055002698132558033,0.76833348781722177,0.0015366669756344436,within_ceiling,True,60,0.10289359408154283,0.10072981282223809,0.14999999999999999,False,rebalance_threshold_met,1,0.76833348781722177,False,0,0
fold-2,47,validation,2025-03-27,balanced,True,every-bars,1,dataset-start,dataset,0.0068972351250062057,0.0076866139897737353,0.0069031435284689843,0.39173523065237559,0.00078347046130475121,within_ceiling,True,60,0.10017520383254941,0.12109269038315854,0.14999999999999999,False,rebalance_threshold_met,0.99999999999999989,0.39173523065237559,False,0,0
fold-2,47,validation,2025-03-28,intraday,True,every-bars,1,dataset-start,dataset,0.0057466444796269479,0.0069209743963146069,0.005751434468286392,0.58476996401410719,0.0011695399280282144,within_ceiling,True,60,0.12125348184919343,0.085543332632651611,0.14999999999999999,False,rebalance_threshold_met,0.99999999999999989,0.58476996401410719,False,0,1.3877787807814457e-17
fold-2,47,validation,2025-03-31,balanced,True,every-bars,1,dataset-start,dataset,0.0085078703680788251,0.010512282196679289,0.0085189211757770878,0.99668051045110029,0.0019933610209022005,within_ceiling,True,60,0.085706599293880276,0.095823829574432529,0.14999999999999999,False,rebalance_threshold_met,1,0.99668051045110029,False,0,0
fold-2,47,validation,2025-04-01,intraday,True,every-bars,1,dataset-start,dataset,0.022433017657815017,0.024372997147667309,0.022492421956811039,0.94028759542813511,0.0018805751908562702,within_ceiling,True,60,0.095651443974245243,0.075365809527149843,0.14999999999999999,False,rebalance_threshold_met,1,0.94028759542813511,False,0,2.7755575615628914e-17
fold-2,47,validation,2025-04-02,balanced,True,every-bars,1,dataset-start,dataset,-0.0050452546082959248,-0.0031690036078151655,-0.00504425034990929,0.93762337104706228,0.0018752467420941243,within_ceiling,True,60,0.085432015784143847,0.079401128907320553,0.14999999999999999,False,rebalance_threshold_met,0.99999999999999989,0.93762337104706228,False,0,0
fold-2,47,validation,2025-04-03,intraday,True,every-bars,1,dataset-start,dataset,0.010022654012008102,0.01072286061941613,0.010034151985994444,0.34435431671084338,0.00068870863342168675,within_ceiling,True,60,0.077997712230758326,0.10355883992655615,0.14999999999999999,False,rebalance_threshold_met,1,0.34435431671084338,False,0,0
fold-2,47,validation,2025-04-04,balanced,True,every-bars,1,dataset-start,dataset,0.0025381350191094657,0.0037286898343872991,0.0025395253318975719,0.59458225124486375,0.0011891645024897275,within_ceiling,True,60,0.10435532031098231,0.10821190629475175,0.14999999999999999,False,rebalance_threshold_met,1,0.59458225124486375,False,0,0
fold-2,47,validation,2025-04-07,intraday,True,every-bars,1,dataset-start,dataset,0.0081526475361369862,0.0096221253639135404,0.0081619060657888726,0.73010964906233422,0.0014602192981246684,within_ceiling,True,60,0.10610307948681801,0.098354076607793481,0.14999999999999999,False,rebalance_threshold_met,1,0.73010964906233422,False,4.5102810375396984e-17,5.5511151231257827e-17
fold-2,47,validation,2025-04-08,balanced,True,every-bars,1,dataset-start,dataset,-0.011184291564059421,-0.0091827390736726709,-0.011175859294369907,0.99656011034861791,0.0019931202206972358,within_ceiling,True,60,0.099283739298558799,0.11149416715390952,0.14999999999999999,False,rebalance_threshold_met,1,0.99656011034861791,False,0,0
fold-2,47,validation,2025-04-09,intraday,True,every-bars,1,dataset-start,dataset,0.0098742835375757697,0.01189550307086612,0.0098884338369066675,1.0035346169797268,0.0020070692339594536,within_ceiling,True,60,0.113527478111456,0.11294231318515978,0.14999999999999999,False,rebalance_threshold_met,1,1.0035346169797268,False,0,0
fold-2,47,validation,2025-04-10,balanced,True,every-bars,1,dataset-start,dataset,0.0037444375284461976,0.0044624092578547962,0.0037464288380846564,0.35799020988506997,0.00071598041977013994,within_ceiling,True,60,0.11372972745683459,0.10145868036908193,0.14999999999999999,False,rebalance_threshold_met,1,0.35799020988506997,False,0,0
fold-2,47,validation,2025-04-11,intraday,True,every-bars,1,dataset-start,dataset,0.014175996349020448,0.015244955624179915,0.014199237216218769,0.52285920398057295,0.0010457184079611459,within_ceiling,True,60,0.098753011847816305,0.097525155825798238,0.14999999999999999,False,rebalance_threshold_met,1,0.52285920398057295,False,0,0
fold-2,47,validation,2025-04-14,balanced,True,every-bars,1,dataset-start,dataset,-0.00098788668603845163,0.000590054612924626,-0.00098785186959382825,0.78895324125922717,0.0015779064825184542,within_ceiling,True,60,0.10143475789015241,0.104557318202742,0.14999999999999999,False,rebalance_threshold_met,1,0.78895324125922717,False,4.163336342344337e-17,2.7755575615628914e-17
fold-2,47,validation,2025-04-15,intraday,True,every-bars,1,dataset-start,dataset,0.015691216800473223,0.016762375002538125,0.015719314522045794,0.52153024024616679,0.0010430604804923336,within_ceiling,True,60,0.10487216099370618,0.10890223141383314,0.14999999999999999,False,rebalance_threshold_met,1,0.52153024024616679,False,0,2.7755575615628914e-17
fold-2,47,validation,2025-04-16,balanced,True,every-bars,1,dataset-start,dataset,0.01786093452673795,0.01928210351383677,0.017898114478329782,0.69199451775349363,0.0013839890355069873,within_ceiling,True,60,0.11223572274289596,0.08144276308398872,0.14999999999999999,False,rebalance_threshold_met,1,0.69199451775349363,False,0,0
fold-2,47,validation,2025-04-17,intraday,True,every-bars,1,dataset-start,dataset,0.006563585739319912,0.0082365816883772439,0.0065703698671108427,0.83310591063320072,0.0016662118212664016,within_ceiling,True,60,0.087956422539720608,0.083747722291764082,0.14999999999999999,False,rebalance_threshold_met,1,0.83310591063320072,False,0,5.5511151231257827e-17
fold-2,47,validation,2025-04-18,balanced,True,every-bars,1,dataset-start,dataset,0.010070971648441186,0.010989117760011253,0.010083047719355526,0.4530350203278638,0.00090607004065572751,within_ceiling,True,60,0.084657126879262107,0.08741462042990665,0.14999999999999999,False,rebalance_threshold_met,1.0000000000000002,0.4530350203278638,False,4.8572257327350599e-17,2.2204460492503131e-16
fold-2,47,test,2025-04-21,intraday,True,every-bars,1,dataset-start,dataset,0.0016580293917280305,0.0026587362795884705,0.0016587362795884705,0.5,0.001,within_ceiling,True,60,0,0.09616405171015871,0.14999999999999999,False,rebalance_threshold_met,1,0.5,False,4.5102810375396984e-17,5.5511151231257827e-17
fold-2,47,test,2025-04-22,balanced,True,every-bars,1,dataset-start,dataset,0.0083995554817796764,0.0093713728205268611,0.0084083377446338078,0.48151753794652707,0.0009630350758930541,within_ceiling,True,60,0.094742779225430757,0.096229610815849131,0.14999999999999999,False,rebalance_threshold_met,1,0.48151753794652707,False,4.163336342344337e-17,0
fold-2,47,test,2025-04-23,intraday,True,every-bars,1,dataset-start,dataset,0.0070842648544615656,0.0077022807836900414,0.0070901973673886459,0.30604170815069776,0.00061208341630139551,within_ceiling,True,60,0.095780740297236613,0.10825782628553908,0.14999999999999999,False,rebalance_threshold_met,0.99999999999999989,0.30604170815069776,False,0,2.7755575615628914e-17
fold-2,47,test,2025-04-24,balanced,True,every-bars,1,dataset-start,dataset,0.017608496687350029,0.019234990708553293,0.017645495174105841,0.79474776722372542,0.0015894955344474509,within_ceiling,True,60,0.10837017159403417,0.12070966820688785,0.14999999999999999,False,rebalance_threshold_met,1,0.79474776722372542,False,0,0
fold-2,47,test,2025-04-25,intraday,True,every-bars,1,dataset-start,dataset,0.0032315483027451249,0.0044351953079866946,0.0032335153984871237,0.60083995474978547,0.0012016799094995709,within_ceiling,True,60,0.12511684398384545,0.093344062561327698,0.14999999999999999,False,rebalance_threshold_met,1,0.60083995474978547,False,0,0
fold-2,47,test,2025-04-28,balanced,True,every-bars,1,dataset-start,dataset,0.0028472863411831985,0.0042551517453352722,0.0028490969728207816,0.70302738625724537,0.0014060547725144906,within_ceiling,True,60,0.091421719319794773,0.1158968132261807,0.14999999999999999,False,rebalance_threshold_met,1,0.70302738625724537,False,0,0
fold-2,47,test,2025-04-29,intraday,True,every-bars,1,dataset-start,dataset,-0.015997549307631143,-0.013981678896592388,-0.015978000573154402,0.99816083828100688,0.001996321676562014,within_ceiling,True,60,0.11243489874393112,0.10115613613223426,0.14999999999999999,False,rebalance_threshold_met,1,0.99816083828100688,False,0,0
fold-2,47,test,2025-04-30,balanced,True,every-bars,1,dataset-start,dataset,0.013945899856086052,0.015977767363743987,0.013971428761079045,1.0031693013324705,0.0020063386026649413,within_ceiling,True,60,0.10382241583039761,0.10954009035282355,0.14999999999999999,False,rebalance_threshold_met,1,1.0031693013324705,False,0,5.5511151231257827e-17
fold-2,47,test,2025-05-01,intraday,True,every-bars,1,dataset-start,dataset,0.0042931151294764444,0.0053473751851885378,0.0042959745716135613,0.52570030678748825,0.0010514006135749765,within_ceiling,True,60,0.11087686971866652,0.11326804176608007,0.14999999999999999,False,rebalance_threshold_met,1,0.52570030678748825,False,0,5.5511151231257827e-17
fold-2,47,test,2025-05-02,balanced,True,every-bars,1,dataset-start,dataset,0.017302713028969931,0.019023624344600989,0.017338902857290381,0.84236074365530422,0.0016847214873106082,within_ceiling,True,60,0.11288148302110564,0.090082983794160812,0.14999999999999999,False,rebalance_threshold_met,1,0.84236074365530422,False,0,0
fold-2,47,test,2025-05-05,intraday,True,every-bars,1,dataset-start,dataset,-0.0060204643844903351,-0.0048168654921715275,-0.0060181441651733676,0.60063933650092005,0.0012012786730018401,within_ceiling,True,60,0.096496987706629817,0.11958410659717454,0.14999999999999999,False,rebalance_threshold_met,1,0.60063933650092005,False,4.163336342344337e-17,5.5511151231257827e-17
fold-2,47,test,2025-05-06,balanced,True,every-bars,1,dataset-start,dataset,0.0098621003517083469,0.011010099216611858,0.0098742225801843105,0.56793831821377327,0.0011358766364275466,within_ceiling,True,60,0.12049686490030198,0.10021550982983875,0.14999999999999999,False,rebalance_threshold_met,1,0.56793831821377327,False,0,0
fold-2,47,test,2025-05-07,intraday,True,every-bars,1,dataset-start,dataset,0.00034757453552182102,0.0019453057223987069,0.00034795295695718071,0.79867638272076302,0.0015973527654415262,within_ceiling,True,60,0.10111065746812607,0.092392285719803777,0.14999999999999999,False,rebalance_threshold_met,1,0.79867638272076302,False,4.163336342344337e-17,2.0816681711721685e-17
fold-2,47,test,2025-05-08,balanced,True,every-bars,1,dataset-start,dataset,0.0085641117110650603,0.010025678315184174,0.0085741631336330153,0.725757590775579,0.001451515181551158,within_ceiling,True,60,0.088907293836482548,0.10893823399751308,0.14999999999999999,False,rebalance_threshold_met,1,0.725757590775579,False,4.163336342344337e-17,2.7755575615628914e-17
fold-2,47,test,2025-05-09,intraday,True,every-bars,1,dataset-start,dataset,-0.0048279027315005236,-0.0033299945835092064,-0.0048267938451079032,0.74839963079934846,0.001496799261598697,within_ceiling,True,60,0.11080471316136324,0.10384180462626935,0.14999999999999999,False,rebalance_threshold_met,1.0000000000000002,0.74839963079934846,False,4.8572257327350599e-17,5.5511151231257827e-17
fold-2,47,test,2025-05-12,balanced,True,every-bars,1,dataset-start,dataset,0.003938654399008013,0.0053126058263464641,0.0039414767770746262,0.68556452463591888,0.0013711290492718377,within_ceiling,True,60,0.10371420506989952,0.095148526989432949,0.14999999999999999,False,rebalance_threshold_met,1,0.68556452463591888,False,4.8572257327350599e-17,8.3266726846886741e-17
fold-2,47,test,2025-05-13,intraday,True,every-bars,1,dataset-start,dataset,0.0043176479777433116,0.005429043475095526,0.0043205954290487592,0.55422402302338325,0.0011084480460467666,within_ceiling,True,60,0.094587701628100401,0.095200202743055892,0.14999999999999999,False,rebalance_threshold_met,1,0.55422402302338325,False,0,0
fold-2,47,test,2025-05-14,balanced,True,every-bars,1,dataset-start,dataset,0.0096792787499510383,0.01113020436472157,0.009691666894871085,0.71926873492524224,0.0014385374698504844,within_ceiling,True,60,0.092531778317848881,0.075465725239323309,0.14999999999999999,False,rebalance_threshold_met,1,0.71926873492524224,False,0,0
fold-2,47,test,2025-05-15,intraday,True,every-bars,1,dataset-start,dataset,-0.0041809449537293869,-0.0025884676570355099,-0.0041802749372482351,0.79590364010636261,0.0015918072802127252,within_ceiling,True,60,0.077722758459298616,0.095921716556774811,0.14999999999999999,False,rebalance_threshold_met,1,0.79590364010636261,False,0,0
fold-2,47,test,2025-05-16,balanced,True,every-bars,1,dataset-start,dataset,0.010348635424489641,0.011370568675975516,0.010361564407691148,0.50450213414218426,0.0010090042682843684,within_ceiling,True,60,0.095626422000731751,0.090635876179320424,0.14999999999999999,False,rebalance_threshold_met,1,0.50450213414218426,False,0,0
fold-2,47,test,2025-05-19,intraday,True,every-bars,1,dataset-start,dataset,0.00017679436840986054,0.0013501439326091111,0.00017697665727373665,0.58658363766768717,0.0011731672753353744,within_ceiling,True,60,0.091872414235273619,0.090710578711648684,0.14999999999999999,False,rebalance_threshold_met,1,0.58658363766768717,False,0,5.5511151231257827e-17
fold-2,47,test,2025-05-20,balanced,True,every-bars,1,dataset-start,dataset,0.012255243141351607,0.013748322333183353,0.012274144778049317,0.73708877756701807,0.0014741775551340361,within_ceiling,True,60,0.090944606365680178,0.11654957639099771,0.14999999999999999,False,rebalance_threshold_met,1,0.73708877756701807,False,0,2.7755575615628914e-17
fold-2,47,test,2025-05-21,intraday,True,every-bars,1,dataset-start,dataset,0.0011047916754031676,0.0022381420638053675,0.0011052926033929451,0.5664247302062112,0.0011328494604124224,within_ceiling,True,60,0.1192306617930747,0.085324541492177192,0.14999999999999999,False,rebalance_threshold_met,1.0000000000000002,0.5664247302062112,False,4.8572257327350599e-17,2.0816681711721685e-17
fold-2,47,test,2025-05-22,balanced,True,every-bars,1,dataset-start,dataset,0.016886252247372547,0.018111627057069188,0.016919055350837982,0.59628585311560223,0.0011925717062312045,within_ceiling,True,60,0.0855725168401473,0.099097287210233018,0.14999999999999999,False,rebalance_threshold_met,1,0.59628585311560223,False,0,0
fold-2,47,test,2025-05-23,intraday,True,every-bars,1,dataset-start,dataset,0.0095762023507482766,0.010983110497652323,0.0095882652223686412,0.69742263764184087,0.0013948452752836817,within_ceiling,True,60,0.10374195641346361,0.11505049448281701,0.14999999999999999,False,rebalance_threshold_met,1,0.69742263764184087,False,0,2.7755575615628914e-17
fold-2,47,test,2025-05-26,balanced,True,every-bars,1,dataset-start,dataset,0.011500460454371916,0.013232357637626879,0.011517969983236922,0.85719382719497794,0.0017143876543899558,within_ceiling,True,60,0.11455872569936167,0.1010626801789964,0.14999999999999999,False,rebalance_threshold_met,1,0.85719382719497794,False,0,0
fold-2,47,test,2025-05-27,intraday,True,every-bars,1,dataset-start,dataset,-0.0097356664462932129,-0.0082143904157253866,-0.0097289188253030165,0.75726420478881495,0.0015145284095776299,within_ceiling,True,60,0.10151404878633144,0.1124166576901186,0.14999999999999999,False,rebalance_threshold_met,1,0.75726420478881495,False,0,0
fold-2,47,test,2025-05-28,balanced,True,every-bars,1,dataset-start,dataset,0.012233800632505868,0.013707629905260284,0.012252590544267828,0.72751968049622828,0.0014550393609924566,within_ceiling,True,60,0.11409609934274044,0.085950933728545689,0.14999999999999999,False,rebalance_threshold_met,1,0.72751968049622828,False,0,0
fold-2,47,test,2025-05-29,intraday,True,every-bars,1,dataset-start,dataset,0.0064410782127768424,0.0081380944227357824,0.006447701070860179,0.84519667593780157,0.001690393351875603,within_ceiling,True,60,0.089848991603491871,0.084617093879805635,0.14999999999999999,False,rebalance_threshold_met,1,0.84519667593780157,False,0,0
fold-2,47,test,2025-05-30,balanced,True,every-bars,1,dataset-start,dataset,0.0094640034710922801,0.010667489585895041,0.0094753830044987976,0.59605329069812152,0.0011921065813962431,within_ceiling,True,60,0.084904775358994031,0.11457761994534474,0.14999999999999999,False,rebalance_threshold_met,1,0.59605329069812152,False,0,0
fold-2,47,test,2025-06-02,intraday,True,every-bars,1,dataset-start,dataset,-0.0014763349918533585,-0.00076037081651685349,-0.0014762771754754974,0.35795317947932198,0.00071590635895864394,within_ceiling,True,60,0.11536213363255204,0.098358319574189126,0.14999999999999999,False,rebalance_threshold_met,1,0.35795317947932198,False,0,0
fold-2,47,test,2025-06-03,balanced,True,every-bars,1,dataset-start,dataset,0.012101261467755272,0.013667404733368482,0.012119941262969842,0.77373173519932004,0.00154746347039864,within_ceiling,True,60,0.098370721123508531,0.10276096172088456,0.14999999999999999,False,rebalance_threshold_met,1,0.77373173519932004,False,0,0
fold-2,47,test,2025-06-04,intraday,True,every-bars,1,dataset-start,dataset,-0.0082130939609652374,-0.0067269814664101188,-0.0082085687330002953,0.74079363329508818,0.0014815872665901765,within_ceiling,True,60,0.10072098615841779,0.086437098743299828,0.14999999999999999,False,rebalance_threshold_met,1,0.74079363329508818,False,0,1.3877787807814457e-17
fold-2,47,test,2025-06-05,balanced,True,every-bars,1,dataset-start,dataset,0.016288185181462266,0.01711316216532496,0.016317471213391936,0.39784547596651176,0.00079569095193302356,within_ceiling,True,60,0.087575413253625611,0.08359921554259489,0.14999999999999999,False,rebalance_threshold_met,0.99999999999999978,0.39784547596651176,False,4.163336342344337e-17,0
fold-2,47,test,2025-06-06,intraday,True,every-bars,1,dataset-start,dataset,0.0060896095060184096,0.0072605666189967995,0.0060948810887812991,0.58284276510775035,0.0011656855302155007,within_ceiling,True,60,0.089021590453089577,0.084144243443962013,0.14999999999999999,False,rebalance_threshold_met,1,0.58284276510775035,False,4.5102810375396984e-17,0
fold-2,47,test,2025-06-09,balanced,True,every-bars,1,dataset-start,dataset,0.010433912053745012,0.011243822083920071,0.010446554407250497,0.39863383833478661,0.00079726767666957329,within_ceiling,True,60,0.083143651209076172,0.079648595586224613,0.14999999999999999,False,rebalance_threshold_met,1,0.39863383833478661,False,4.163336342344337e-17,5.5511151231257827e-17
fold-2,47,test,2025-06-10,intraday,True,every-bars,1,dataset-start,dataset,-0.017940997274701023,-0.016980701266852839,-0.017912162853149612,0.465730793148386,0.00093146158629677206,within_ceiling,True,60,0.081603273792022646,0.10516237165321055,0.14999999999999999,False,rebalance_threshold_met,0.99999999999999989,0.465730793148386,False,0,0
fold-2,47,test,2025-06-11,balanced,True,every-bars,1,dataset-start,dataset,0.0077798114818703069,0.0090408702616778368,0.0077879852153791562,0.62644252314934046,0.0012528850462986811,within_ceiling,True,60,0.11294398430382856,0.090598682724398485,0.14999999999999999,False,rebalance_threshold_met,1,0.62644252314934046,False,0,0
fold-2,47,test,2025-06-12,intraday,True,every-bars,1,dataset-start,dataset,-0.0051903297535156583,-0.0041264168012563962,-0.0051886270219538896,0.53110511034874652,0.0010622102206974929,within_ceiling,True,60,0.088871399424255995,0.12558594150850141,0.14999999999999999,False,rebalance_threshold_met,1,0.53110511034874652,False,4.163336342344337e-17,8.3266726846886741e-17
fold-2,47,test,2025-06-13,balanced,True,every-bars,1,dataset-start,dataset,-0.0021900545732417235,-0.0020680939306520923,-0.0021896268719911235,0.060766470669515585,0.00012153294133903117,within_ceiling,True,60,0.12615885613559727,0.129190187972234,0.14999999999999999,False,rebalance_threshold_met,1,0.060766470669515585,False,0,0
fold-2,47,test,2025-06-16,intraday,True,every-bars,1,dataset-start,dataset,0.0037688627220632924,0.0044637218777817747,0.003770855203363511,0.34643333720913183,0.00069286667441826374,within_ceiling,True,60,0.12950656237519598,0.10961199031213946,0.14999999999999999,False,rebalance_threshold_met,1,0.34643333720913183,False,0,0
fold-2,47,test,2025-06-17,balanced,True,every-bars,1,dataset-start,dataset,-0.0053134851998182667,-0.0044350074941216832,-0.0053115182706709755,0.43825538827464627,0.00087651077654929248,within_ceiling,True,60,0.10755060801147129,0.08566292628250799,0.14999999999999999,False,rebalance_threshold_met,1,0.43825538827464627,False,0,0
fold-2,47,test,2025-06-18,intraday,True,every-bars,1,dataset-start,dataset,0.015806901589654799,0.016740109731894593,0.015834924717038387,0.45259250742810231,0.00090518501485620457,within_ceiling,True,60,0.086214502601018803,0.1194376468820086,0.14999999999999999,False,rebalance_threshold_met,1,0.45259250742810231,False,0,0
fold-2,47,test,2025-06-19,balanced,True,every-bars,1,dataset-start,dataset,-0.0037145430602696368,-0.003150734504258239,-0.0037135503474780046,0.28140792160988287,0.00056281584321976575,within_ceiling,True,60,0.12100202597804607,0.09936115272405445,0.14999999999999999,False,rebalance_threshold_met,1,0.28140792160988287,False,0,0
fold-2,47,test,2025-06-20,intraday,True,every-bars,1,dataset-start,dataset,0.015271575483954915,0.016873986591951037,0.015300048626305449,0.78696898282279448,0.001573937965645589,within_ceiling,True,60,0.09966081699596635,0.093184658184601254,0.14999999999999999,False,rebalance_threshold_met,1,0.78696898282279448,False,0,0
fold-2,47,test,2025-06-23,balanced,True,every-bars,1,dataset-start,dataset,-0.0084271566495008575,-0.0068374125762742793,-0.0084224816284270386,0.79253452607637986,0.0015850690521527597,within_ceiling,True,60,0.095860654725380329,0.1011278953025644,0.14999999999999999,False,rebalance_threshold_met,1,0.79253452607637986,False,4.163336342344337e-17,1.1102230246251565e-16
fold-2,47,test,2025-06-24,intraday,True,every-bars,1,dataset-start,dataset,0.017113938775596447,0.017873204100575781,0.017145883918078531,0.36366009124862464,0.00072732018249724924,within_ceiling,True,60,0.098789341210826206,0.083027087687547449,0.14999999999999999,False,rebalance_threshold_met,0.99999999999999989,0.36366009124862464,False,4.163336342344337e-17,1.1102230246251565e-16
fold-2,47,test,2025-06-25,balanced,True,every-bars,1,dataset-start,dataset,0.0018962492504645712,0.0030293409879686515,0.0018971669411467099,0.56608702341097084,0.0011321740468219416,within_ceiling,True,60,0.08933123051987539,0.10660166870273087,0.14999999999999999,False,rebalance_threshold_met,1,0.56608702341097084,False,0,5.5511151231257827e-17
fold-2,47,test,2025-06-26,intraday,True,every-bars,1,dataset-start,dataset,0.0075791478821023179,0.0089584250368179366,0.0075871732200163463,0.6856259084007954,0.0013712518168015908,within_ceiling,True,60,0.10324549849844003,0.094690606154047771,0.14999999999999999,False,rebalance_threshold_met,1,0.6856259084007954,False,0,0
fold-2,47,test,2025-06-27,balanced,True,every-bars,1,dataset-start,dataset,0.0071652720351665002,0.0083905811804509817,0.0071723122204210739,0.60913448001495396,0.001218268960029908,within_ceiling,True,60,0.094603262296783786,0.096355063381817097,0.14999999999999999,False,rebalance_threshold_met,1,0.60913448001495396,False,0,5.5511151231257827e-17
fold-2,47,test,2025-06-30,intraday,True,every-bars,1,dataset-start,dataset,0.0048552099244542129,0.0063628817337017919,0.0048592585508499203,0.7518115914259359,0.0015036231828518718,within_ceiling,True,60,0.09665611673887918,0.097468272817411536,0.14999999999999999,False,rebalance_threshold_met,0.99999999999999989,0.7518115914259359,False,0,0
fold-2,47,test,2025-07-01,balanced,True,every-bars,1,dataset-start,dataset,-0.0066604545503052776,-0.0053789825081817294,-0.006657561205022945,0.63928934842060781,0.0012785786968412156,within_ceiling,True,60,0.097367788294999577,0.095428492678842944,0.14999999999999999,False,rebalance_threshold_met,1,0.63928934842060781,False,0,0
fold-2,47,test,2025-07-02,intraday,True,every-bars,1,dataset-start,dataset,0.0076253824451137566,0.0088290454988463277,0.0076331776495558263,0.59793392464525064,0.0011958678492905012,within_ceiling,True,60,0.095748409917341432,0.092063398180554715,0.14999999999999999,False,rebalance_threshold_met,1.0000000000000002,0.59793392464525064,False,4.8572257327350599e-17,5.5511151231257827e-17
fold-2,47,test,2025-07-03,balanced,True,every-bars,1,dataset-start,dataset,-0.00046866721680291154,0.0011633126564655411,-0.00046853188716924226,0.81592227181739163,0.0016318445436347834,within_ceiling,True,60,0.093411673243506729,0.10506331637720744,0.14999999999999999,False,rebalance_threshold_met,1,0.81592227181739163,False,0,2.7755575615628914e-17
fold-2,47,test,2025-07-04,intraday,True,every-bars,1,dataset-start,dataset,0.005844129295359532,0.0073749626835029943,0.0058495683028178379,0.76269719034257821,0.0015253943806851564,within_ceiling,True,60,0.10433428841750268,0.085887749381729397,0.14999999999999999,False,rebalance_threshold_met,1,0.76269719034257821,False,0,0
fold-2,47,test,2025-07-07,balanced,True,every-bars,1,dataset-start,dataset,-0.0076965121211062023,-0.0059199312805208694,-0.0076930075624695934,0.88653814097436212,0.0017730762819487243,within_ceiling,True,60,0.086170860427474127,0.098807955666843209,0.14999999999999999,False,rebalance_threshold_met,1,0.88653814097436212,False,4.5102810375396984e-17,4.8572257327350599e-17
fold-2,47,test,2025-07-08,intraday,True,every-bars,1,dataset-start,dataset,0.01012587732554562,0.011693908155199641,0.010139552074339845,0.77717804042989802,0.0015543560808597959,within_ceiling,True,60,0.099135396703504103,0.10161548454461385,0.14999999999999999,False,rebalance_threshold_met,1,0.77717804042989802,False,0,0
fold-2,47,test,2025-07-09,balanced,True,every-bars,1,dataset-start,dataset,0.00031867499801551113,0.0013641010733966628,0.00031886107518935532,0.52261999910365375,0.0010452399982073075,within_ceiling,True,60,0.10211782232396066,0.10486492027315288,0.14999999999999999,False,rebalance_threshold_met,1,0.52261999910365375,False,4.5102810375396984e-17,5.5511151231257827e-17
fold-2,47,test,2025-07-10,intraday,True,every-bars,1,dataset-start,dataset,0.013081230072312943,0.014278612705970316,0.013101617950393652,0.58849737778833244,0.0011769947555766648,within_ceiling,True,60,0.10428834704054085,0.099784090535436493,0.14999999999999999,False,rebalance_threshold_met,1,0.58849737778833244,False,0,0
fold-2,47,test,2025-07-11,balanced,True,every-bars,1,dataset-start,dataset,-0.001325951143292418,-0.0003118638133386975,-0.0013259414173886111,0.50703880202495677,0.0010140776040499136,within_ceiling,True,60,0.1006172813849914,0.092270665021225079,0.14999999999999999,False,rebalance_threshold_met,1,0.50703880202495677,False,0,0
fold-2,47,test,2025-07-14,intraday,True,every-bars,1,dataset-start,dataset,0.014387360243998559,0.016000040587805957,0.014412960373879704,0.7935401069631266,0.0015870802139262531,within_ceiling,True,60,0.091604687636400797,0.10928143996101924,0.14999999999999999,False,rebalance_threshold_met,1,0.7935401069631266,False,0,0
fold-2,47,test,2025-07-15,balanced,True,every-bars,1,dataset-start,dataset,-0.0030654849147681296,-0.0020774481057667664,-0.0030650533357049143,0.49380261496907407,0.00098760522993814807,within_ceiling,True,60,0.1114775473050514,0.097822722921077132,0.14999999999999999,False,rebalance_threshold_met,1,0.49380261496907407,False,0,0
fold-2,47,test,2025-07-16,intraday,True,every-bars,1,dataset-start,dataset,0.012836458555312324,0.013865709727208377,0.012855684345936244,0.50501269063606657,0.0010100253812721331,within_ceiling,True,60,0.09730071495016511,0.10770363424123348,0.14999999999999999,False,rebalance_threshold_met,1,0.50501269063606657,False,0,2.7755575615628914e-17
fold-2,47,test,2025-07-17,balanced,True,every-bars,1,dataset-start,dataset,0.007127497608490011,0.0086726852210988817,0.0071350191553844373,0.76883303285722238,0.0015376660657144448,within_ceiling,True,60,0.10665505304984403,0.087554337699855322,0.14999999999999999,False,rebalance_threshold_met,1,0.76883303285722238,False,0,1.3877787807814457e-17
fold-2,47,test,2025-07-18,intraday,True,every-bars,1,dataset-start,dataset,0.0071849965608862636,0.0083357278444436776,0.0071919449967559265,0.57189142384387526,0.0011437828476877506,within_ceiling,True,60,0.089056249594957712,0.10173394374646721,0.14999999999999999,False,rebalance_threshold_met,1,0.57189142384387526,False,0,6.9388939039072284e-18
fold-2,47,test,2025-07-21,balanced,True,every-bars,1,dataset-start,dataset,-0.0073672009678201799,-0.0058856909742475826,-0.0073637368319957458,0.73902292887408183,0.0014780458577481636,within_ceiling,True,60,0.10167260614382556,0.089663328521228838,0.14999999999999999,False,rebalance_threshold_met,1,0.73902292887408183,False,4.163336342344337e-17,5.5511151231257827e-17
fold-2,47,test,2025-07-22,intraday,True,every-bars,1,dataset-start,dataset,0.0095016927135015573,0.011208214112696676,0.0095142551198611619,0.84697949641775705,0.0016939589928355141,within_ceiling,True,60,0.090303756695164231,0.095496688072970098,0.14999999999999999,False,rebalance_threshold_met,1,0.84697949641775705,False,4.8572257327350599e-17,5.5511151231257827e-17
fold-2,47,test,2025-07-23,balanced,True,every-bars,1,dataset-start,dataset,-0.0090632407132056458,-0.0077679969702297959,-0.0090572065355126966,0.64460478264145049,0.0012892095652829009,within_ceiling,True,60,0.096529187221762625,0.10042530861434304,0.14999999999999999,False,rebalance_threshold_met,1,0.64460478264145049,False,0,0
fold-2,47,test,2025-07-24,intraday,True,every-bars,1,dataset-start,dataset,0.011958267144011169,0.012701015729225242,0.011974398724066571,0.36330850257933583,0.00072661700515867171,within_ceiling,True,60,0.10192529778603479,0.094427698678795496,0.14999999999999999,False,rebalance_threshold_met,1,0.36330850257933583,False,0,5.5511151231257827e-17
fold-2,47,test,2025-07-25,balanced,True,every-bars,1,dataset-start,dataset,0.014974734494282247,0.016138830247745602,0.015000780678458801,0.56902478464340023,0.0011380495692868006,within_ceiling,True,60,0.096293021070108467,0.090791906553305504,0.14999999999999999,False,rebalance_threshold_met,1,0.56902478464340023,False,0,0
fold-2,47,test,2025-07-28,intraday,True,every-bars,1,dataset-start,dataset,0.010532085544049356,0.011557436989117676,0.010545442979025099,0.50599700504628864,0.0010119940100925772,within_ceiling,True,60,0.094699675032498723,0.08695754593500972,0.14999999999999999,False,rebalance_threshold_met,1,0.50599700504628864,False,4.163336342344337e-17,5.5511151231257827e-17
fold-2,47,test,2025-07-29,balanced,True,every-bars,1,dataset-start,dataset,0.0003261418183559273,0.0018755485904129155,0.00032649358660742731,0.77452750190274411,0.0015490550038054882,within_ceiling,True,60,0.088528061043143633,0.09752428589039662,0.14999999999999999,False,rebalance_threshold_met,1,0.77452750190274411,False,0,5.5511151231257827e-17
fold-2,47,test,2025-07-30,intraday,True,every-bars,1,dataset-start,dataset,0.010607758907981076,0.011229092312234243,0.010620368159396744,0.30436207641874935,0.00060872415283749867,within_ceiling,True,60,0.097277787364478258,0.094536573678757993,0.14999999999999999,False,rebalance_threshold_met,1,0.30436207641874935,False,4.163336342344337e-17,5.5511151231257827e-17
fold-2,47,test,2025-07-31,balanced,True,every-bars,1,dataset-start,dataset,-0.017350952042004507,-0.015335404851078052,-0.017327434577809862,0.9960148633659045,0.001992029726731809,within_ceiling,True,60,0.096302694447109705,0.093046314530165611,0.14999999999999999,False,rebalance_threshold_met,1,0.9960148633659045,False,0,2.7755575615628914e-17
fold-2,47,test,2025-08-01,intraday,True,every-bars,1,dataset-start,dataset,0.013668311108828182,0.014383113641060236,0.013688998504629346,0.34705756821544514,0.00069411513643089027,within_ceiling,True,60,0.1005159425595482,0.089132973577040142,0.14999999999999999,False,rebalance_threshold_met,1,0.34705756821544514,False,0,4.163336342344337e-17
fold-2,47,test,2025-08-04,balanced,True,every-bars,1,dataset-start,dataset,0.0042623933284449264,0.0062537643305443794,0.004266304285275125,0.9937300226346274,0.0019874600452692548,within_ceiling,True,60,0.092955993622079763,0.088522682533756614,0.14999999999999999,False,rebalance_threshold_met,1,0.9937300226346274,False,0,5.5511151231257827e-17
fold-2,47,test,2025-08-05,intraday,True,every-bars,1,dataset-start,dataset,0.011916542981711548,0.01378604997656389,0.01193554849910718,0.9252507387283555,0.0018505014774567107,within_ceiling,True,60,0.088149693176167956,0.090768895028993962,0.14999999999999999,False,rebalance_threshold_met,1,0.9252507387283555,False,0,0
fold-2,47,test,2025-08-06,balanced,True,every-bars,1,dataset-start,dataset,0.00035625010241658938,0.0018036304822700354,0.00035657541070824674,0.72352753578089435,0.0014470550715617887,within_ceiling,True,60,0.092239489778805736,0.10463212111132132,0.14999999999999999,False,rebalance_threshold_met,1,0.72352753578089435,False,0,0
fold-2,47,test,2025-08-07,intraday,True,every-bars,1,dataset-start,dataset,0.016673656096063066,0.018105386279088486,0.016706436597294566,0.69947484089696077,0.0013989496817939217,within_ceiling,True,60,0.10357816120566617,0.10157878992866219,0.14999999999999999,False,rebalance_threshold_met,1,0.69947484089696077,False,0,0
fold-2,47,test,2025-08-08,balanced,True,every-bars,1,dataset-start,dataset,-0.0069546435397415118,-0.0050802590703290318,-0.0069520626365193461,0.93590178309515737,0.0018718035661903147,within_ceiling,True,60,0.10586242686876515,0.10999063011941121,0.14999999999999999,False,rebalance_threshold_met,1,0.93590178309515737,False,0,0
